id,col1,col2,col3
640256,987,0.8504689174568733,D
657820,698,0.3021323659061558,B
471347,943,0.8258007203714797,D
322725,716,0.13745708508611287,A
854525,758,0.6790634748707746,B
94959,295,0.9282576004408408,D
794925,912,0.8761885509857998,B
367911,935,0.8581496290360741,D
429457,348,0.5882678682245931,D
258745,839,0.8796143260418562,D
373073,270,0.007944080443595625,C
529755,885,0.34458300428385846,C
846319,576,0.27978087497147563,D
387790,965,0.09110118897836494,D
429426,80,0.6705070185060132,C
260988,371,0.5317106601578059,C
74212,145,0.5885849530514984,A
265961,635,0.7750466662577238,B
180955,354,0.9569177643775917,A
932777,956,0.6403904774083115,A
721519,932,0.4777165321247355,C
608762,251,0.8225920430009063,A
143511,247,0.8378952067106502,D
677463,833,0.47164801501306985,C
893333,719,0.2075842670944137,B
314278,662,0.28932217061824383,C
496352,464,0.8224321987167532,C
282562,30,0.24101215278937893,A
70375,759,0.7298421669383979,C
347709,35,0.6025512108026757,C
82926,344,0.640326099151461,C
512175,78,0.6865228371222754,C
983583,400,0.09220950321484211,A
662776,651,0.14140561118970307,A
876677,437,0.14111324027163963,A
916587,443,0.34998587301960926,D
59656,535,0.4534548612610423,D
3290,821,0.6365290876892206,C
953805,604,0.5006113007044498,C
700264,194,0.7514542339231731,C
798338,993,0.45090786784023384,C
463011,625,0.3022873598075453,D
574170,418,0.9966457741638407,C
11417,555,0.3307021289335047,A
576377,371,0.051457762650348515,B
866466,676,0.000431233081650384,A
768469,8,0.10218314907527282,B
504203,12,0.5288548195186739,C
850435,667,0.805874306917726,B
289021,560,0.42469563475537686,A
541577,543,0.800779864528119,C
827144,771,0.5741974488337046,B
284084,9,0.13426307908741675,A
657269,183,0.38228917691340114,B
675587,20,0.8267806747994312,C
229182,948,0.1272592691766311,D
600945,512,0.9253511598564906,A
880066,481,0.8189566886220123,D
321649,941,0.4183797162713936,C
17907,401,0.6757076763219909,A
720834,272,0.15934919931713243,A
527515,198,0.3682666882041252,A
277984,261,0.4182686452076775,B
676755,707,0.270678838613747,C
651395,128,0.30263029082659676,C
260704,176,0.28469761114128067,D
469558,150,0.5207017672354978,C
285742,8,0.819831445677866,D
257688,569,0.5776150892271297,D
636964,560,0.18632166151926433,D
36422,145,0.8637933669023034,C
438638,224,0.9115095652387518,D
202178,286,0.06516385705561611,A
798818,331,0.4627453284045897,D
686005,720,0.9732640513382061,C
492890,88,0.5966660024690633,C
46446,271,0.6238932798886958,B
242817,93,0.1193290834225531,C
294117,464,0.9775286202672206,C
729757,649,0.9009617700673754,A
876290,244,0.14456763914301807,B
97028,367,0.3433076079616366,B
518858,35,0.7686317907047394,A
296101,692,0.7508138435413944,D
961626,914,0.6560989710255984,D
892561,754,0.8289255938045199,D
269817,171,0.8787601895554502,A
804603,344,0.3335763813247564,C
283894,483,0.562982517692173,B
53884,732,0.677889502580949,B
325188,192,0.8890165492359273,C
58774,399,0.11394311167969606,A
716282,510,0.42967202976401175,B
863418,775,0.8205703606469531,A
33607,633,0.04051681919917993,A
874703,147,0.6660469980604011,A
712596,752,0.2896875428276682,D
501292,6,0.12181251965534634,C
522549,598,0.540426759255563,D
831979,252,0.8966471304810478,B
787183,177,0.6952403990406629,C
77386,862,0.2379071040989511,D
640786,355,0.04052346482350466,D
112700,387,0.9703695133749324,D
418071,640,0.48272549653966357,B
422441,427,0.7457667922356456,B
812693,22,0.7368519047584734,D
728287,628,0.8780936437662711,D
224548,665,0.4612282216446636,A
145180,675,0.024823274033842435,D
542073,892,0.1095373637795003,A
752078,683,0.4877968552981521,B
21390,219,0.34743095074603203,B
152802,163,0.819364913268512,C
249559,896,0.5321326231741836,B
603352,573,0.9000223736722852,A
760105,430,0.9616556209660214,C
469415,303,0.5095860733731283,C
565122,870,0.8448294651124953,D
140190,91,0.06594645315380565,C
216787,67,0.48156726478760004,B
876254,997,0.4594236540952811,A
362027,821,0.4916992431772982,B
725581,745,0.5033865154539524,A
762754,868,0.49460772188855195,B
606697,706,0.6872982216787634,A
8959,374,0.13712145050205038,D
163667,628,0.8933434546075639,A
746027,443,0.03951723192291645,B
28596,488,0.8587116363017855,B
917126,222,0.7483430549529856,D
771538,804,0.8093724758692783,B
666456,827,0.7967717850152697,C
309337,944,0.3424714240366251,A
615031,654,0.7441272133292401,B
324587,402,0.647774123858789,D
241672,960,0.4612881908624823,A
988774,553,0.4498378115146727,B
278735,98,0.3780123499339173,B
635878,706,0.982255789831995,B
727391,840,0.2979103029195558,B
190977,572,0.9490288630717613,C
384635,722,0.2557334385330655,A
217749,433,0.7782973448039795,C
710676,884,0.09173803883526621,A
141713,137,0.28168888464824604,A
836691,84,0.65686018221984,A
848041,793,0.4368432236850883,B
949034,171,0.014607414971449795,C
519420,723,0.39364048828846376,A
559288,165,0.22077876545602615,D
127629,13,0.9219620274976537,D
580839,315,0.265613252943938,B
917742,336,0.3666648552752989,A
996962,181,0.05238561631037386,D
995012,451,0.2695038248923368,C
149378,18,0.6489350470849766,C
164862,924,0.21713875033948693,C
245468,730,0.32248577680506485,D
200042,407,0.20858532730481993,C
806567,552,0.028902028487651443,A
642100,623,0.5058811090610005,C
518111,660,0.43498367504174895,D
931779,951,0.30426462569937496,B
61176,561,0.9246138152142763,A
210040,116,0.22126069936692772,B
150966,600,0.42111080676250257,A
607565,506,0.12853639637707093,C
855774,552,0.15727648559386287,D
211939,612,0.8972764950792466,C
752348,585,0.8773608397764545,C
739916,132,0.05881007657071957,C
101604,376,0.0988184797606636,B
740988,74,0.31979643950377334,B
29127,791,0.6119806698831292,D
175451,403,0.15425127052366394,C
568913,203,0.0767727980577736,A
865896,500,0.5344677183093554,C
411247,443,0.2111498983603386,B
462173,480,0.9148032829080075,B
427555,69,0.8581891123148452,C
961573,552,0.1402565263989214,B
94087,492,0.5147178308872319,A
689328,243,0.048976740523136164,C
244769,176,0.24198561899418336,A
567064,342,0.08766958041986528,B
311312,216,0.2728354487787825,A
465372,480,0.4290030425395409,B
103036,925,0.866139176639633,D
332529,782,0.22673043583643548,C
489964,692,0.2759104081320719,A
766589,913,0.9531349180034933,D
606784,349,0.5021396304101977,A
523031,76,0.9200898330233401,A
479525,833,0.9584896715972661,A
626738,758,0.03137422531546141,D
259723,323,0.8617323015815341,D
836329,872,0.5161901238390427,C
962634,119,0.3899758995783935,D
303810,967,0.15761458806259254,D
602347,328,0.5066344055872232,B
750107,50,0.3045184255701393,B
44030,243,0.8818732533288389,B
328783,408,0.5820706391888981,D
220166,389,0.6227715819393114,D
445233,440,0.5790091627256091,A
481555,707,0.7512260227646566,D
153472,877,0.6810006436878393,B
166818,944,0.5282957647656069,B
760393,733,0.032628911876868893,C
910933,219,0.872322027976538,B
200354,413,0.4155365789904548,A
78692,903,0.41503453098714094,B
526992,840,0.594784911110932,D
282044,152,0.7843421129979354,C
908835,296,0.628096388547296,D
322838,350,0.6324005331399721,A
809592,621,0.666079144963892,B
393453,426,0.09199341488688617,A
573370,650,0.9574326428675949,A
4630,187,0.8617675514257159,A
372915,986,0.4033686482937032,C
662785,208,0.20243520923819214,C
770248,491,0.21730140293347844,A
408009,281,0.9853848399259261,C
907850,826,0.052664647815053645,C
970735,152,0.24455008662501587,B
995312,216,0.7844386103504891,C
288285,948,0.35056458922086,C
253452,758,0.39948322340773534,A
157569,248,0.617123247641329,B
850605,485,0.11401559985592757,A
239063,934,0.08498381653617426,D
570378,552,0.36380521619376227,A
671613,367,0.5498689931635236,B
679215,342,0.28110203286759095,D
442650,437,0.5521293775434791,D
753991,422,0.23987154024882928,D
753906,343,0.16091620155624842,D
197086,821,0.37291892309347574,C
304760,683,0.8696742548730526,B
461807,539,0.7169245843953146,A
320611,722,0.22017331020516107,B
238022,202,0.7961021816647618,A
48898,134,0.05962634166478986,B
694289,708,0.722005627732204,D
697919,323,0.7300285244479281,A
531305,900,0.9283798982088005,D
628268,607,0.8783164976181742,D
355687,774,0.0008833375424788237,C
611624,415,0.47893651453019215,B
567594,97,0.45508311563932347,C
543525,481,0.4767076685178041,C
425210,216,0.4436884735233838,D
34545,28,0.007189637098787949,B
626051,440,0.6901787094060445,B
60611,402,0.9334146892419607,B
959070,893,0.6137589135119079,B
124776,815,0.6499762023276174,B
71716,650,0.46885825160579386,D
873376,845,0.018661768674058,B
469134,202,0.5171063625374578,D
183141,527,0.5653102578430407,B
42048,185,0.44746339000206825,B
561824,540,0.2703265339779486,D
781217,142,0.4642311762810304,A
17139,565,0.6765245982223659,D
354932,886,0.9976748780266216,C
399603,384,0.6834937628810068,B
846266,864,0.8284245127158432,D
639844,235,0.482119552220866,A
874331,818,0.013642885082047473,D
491180,538,0.7613942786069884,C
370867,228,0.15027474136219798,C
247749,510,0.6760634583296702,A
612404,630,0.8677285412746599,D
590124,68,0.24287076746285474,B
69502,547,0.9314113768345537,A
820913,396,0.03382588630659167,A
357144,17,0.49972517161057795,D
994142,197,0.42623087561489537,C
293880,437,0.5054289684084093,D
173941,955,0.5998496525297944,B
328611,432,0.8735619808489654,B
187209,921,0.9552060596245185,B
291490,138,0.48864236107972714,D
932887,514,0.6665308057276745,C
341039,498,0.07492928689923262,B
943770,122,0.8826521241211562,A
462878,582,0.06442891924825878,D
417483,121,0.09711616789674105,C
190706,250,0.39982319726569415,D
228390,283,0.2405984447443622,D
412111,194,0.8434819735589323,D
82358,721,0.6949169135666811,C
451536,946,0.2509266816852398,B
26517,116,0.507563858954467,B
461778,338,0.7493188670796901,B
938579,897,0.3855023609505852,C
489346,270,0.41002308838706913,B
407515,648,0.06492522939810041,D
755832,744,0.1428118109705413,A
54826,672,0.3456852158280639,A
274202,48,0.8887394327330659,D
937583,929,0.30574462531911106,A
302491,731,0.8102683217095572,A
414419,611,0.6126786700773086,C
482098,842,0.9922282249581396,B
217336,474,0.8205014322302455,C
329032,965,0.6384596843598376,A
986431,731,0.2616869944324085,A
406485,148,0.1132242536259308,B
296126,234,0.49980277058381506,C
359316,263,0.5210513434798651,D
472512,658,0.4177986088117933,B
858615,547,0.7466449849670009,D
163073,646,0.2244811853540143,A
638136,324,0.9657766770441952,C
756470,775,0.2595422516579713,D
665445,136,0.04933237118643463,D
388732,840,0.8371305945018459,B
622171,59,0.7740419313921895,A
76913,56,0.8675442538461291,C
839195,294,0.09558341501793577,C
651083,169,0.8147259515886063,D
156907,299,0.04596500481978205,C
288010,994,0.2781430806030115,A
155459,70,0.8478216429697331,C
871042,648,0.8331168926136441,C
487992,728,0.22720426998433862,D
639869,904,0.3444190575245637,C
881122,574,0.8308280985280813,C
78439,770,0.7061120723580446,A
353365,337,0.5917799440666348,D
144798,300,0.22349289850199283,D
868065,896,0.278079502984508,C
208638,54,0.10695990683187095,B
682648,67,0.6516847565764025,C
859293,134,0.22990092074866975,A
894075,459,0.3898906824304017,D
210469,847,0.37908738777248774,B
655054,749,0.2912793491239323,C
287247,739,0.7295907435556006,B
996297,27,0.8006901799751671,B
472358,754,0.29716737630508494,A
315647,35,0.6678491502918232,D
354689,521,0.33591881061566387,D
473706,840,0.9487417155425992,C
7850,387,0.6118763927951633,A
620870,892,0.5954809953735742,B
602590,424,0.6648848740652615,C
552854,614,0.461797205837736,A
169495,43,0.8973269114429216,C
586225,794,0.44095066292647667,D
645656,843,0.9242632437364359,A
790408,512,0.07556333839586504,B
988028,403,0.22109506724465067,A
166566,624,0.9105169148118912,B
296565,873,0.6776999702029534,B
320946,914,0.5452940161839247,A
796465,185,0.9999061352946146,A
268930,211,0.29254605894064545,A
780943,896,0.1272867276798969,A
719244,834,0.006896122229011592,A
441009,209,0.2099946939637225,C
792911,190,0.3656564946649907,C
720736,948,0.9775359833377357,C
150731,790,0.28437287355800245,C
295243,485,0.5507618132694515,B
473573,491,0.7842104625221863,A
367318,117,0.23726721756904767,C
436382,448,0.04173057912053635,B
963760,626,0.5332498651892678,B
913218,684,0.19388811663304084,A
467249,75,0.3752968921795453,D
866665,815,0.38176505575342856,B
18382,770,0.9336084598261166,C
326769,932,0.12497692766271329,C
829144,619,0.6182733910466048,C
980403,634,0.3228197704788107,B
664918,55,0.3015587560122279,B
887266,318,0.5148809144576445,C
4199,40,0.41549926064484466,A
319039,940,0.9977488693670621,D
558817,150,0.17979327218557584,D
314859,366,0.6720198760018262,B
245242,335,0.5272910808214915,C
479361,692,0.9196841898565241,C
285697,283,0.08560684981272892,A
409164,955,0.06009417949793894,B
322569,297,0.7861143049676336,D
177694,295,0.8510929269620731,B
843841,27,0.0002466573444304121,D
459500,83,0.08455159455428496,A
672998,726,0.06316782931506604,A
583616,920,0.31270522746211993,C
220832,741,0.731100717491841,C
278188,499,0.9716341636956634,C
966679,191,0.11165073408765569,B
437724,820,0.7688602558398455,A
337268,868,0.8168004184472311,C
766573,530,0.7649331232261837,C
819316,609,0.989596108021996,D
500572,556,0.2169474976876956,C
80127,581,0.8488205178386038,D
363262,371,0.0068197906405293995,B
641465,447,0.017464543052937764,D
357769,292,0.2528379865339141,B
188999,534,0.31003517447593565,A
439177,122,0.5584973524451761,D
414566,2,0.6402607985399037,A
86678,932,0.46006245095231135,D
241030,151,0.8478401497573654,B
318662,235,0.6191294129351489,C
611256,490,0.38171631649532967,D
555522,287,0.650618860919552,C
950234,261,0.767754652764057,B
764067,732,0.7311309748721795,A
133276,517,0.7185874190547165,A
761830,676,0.1277579984931022,A
92066,621,0.3428080632045184,B
71520,470,0.9696072177899753,D
339780,338,0.036178221135018784,C
976663,484,0.4272281861764431,A
724591,910,0.17026930111866978,B
512337,870,0.089543531641892,A
94587,735,0.022419870136883513,D
769622,569,0.342516380369405,C
375667,737,0.6284265698943523,D
280551,713,0.8424502295651403,C
388367,980,0.5763964666202807,C
585682,997,0.6520204262720019,D
956754,771,0.16287817687577244,C
744744,615,0.00650053076637136,B
165665,152,0.9586748663054926,A
783025,715,0.23923295478663953,C
263054,904,0.57345894490692,A
225916,79,0.9821937482266392,D
27186,732,0.1469601889750789,D
773974,710,0.002639230141925686,C
536410,753,0.6344172153802493,B
295818,325,0.9047200888328877,A
487293,16,0.3293272512051141,A
849961,133,0.10483385453229377,A
811711,578,0.49819061038900525,A
726816,731,0.7035671589017881,D
444866,565,0.5640588363390722,D
990734,107,0.6846988352287814,B
664029,151,0.8656559640173612,C
481524,296,0.5831168392197477,C
637044,27,0.922935602030957,C
828513,78,0.5171901090827485,B
540104,684,0.4858696583226212,C
581300,807,0.47054059672150617,C
274776,62,0.7192810287247117,C
946270,616,0.0946480767545218,C
496546,568,0.4820834075156252,A
942946,249,0.8064193752010093,D
773907,324,0.9296153500660945,B
676773,648,0.8806803265137114,D
994767,704,0.8300442624949577,B
799996,601,0.04862182445582042,B
81741,690,0.2166211424938682,A
673556,988,0.706445410155425,C
987422,949,0.5167479700297098,B
930198,225,0.7557392195359323,C
756353,336,0.6715091340925883,C
620556,649,0.7521965917192794,A
74275,293,0.41742740307323967,B
518208,989,0.8399596856133928,C
144456,122,0.5156296190945227,D
557375,457,0.3647018232936251,C
3916,695,0.4155844907540591,B
543539,4,0.5953864151728739,D
763947,205,0.652517775666502,B
71921,53,0.34330065414375144,B
237635,615,0.5164866884857083,B
639394,471,0.9162654518950553,C
619333,942,0.3481284951729464,C
602913,228,0.8176174049145466,A
816045,510,0.7505457973814592,C
738560,389,0.1508441455290952,C
89151,750,0.4768456127278271,B
811851,599,0.6000659431991239,A
176489,454,0.1858285786875905,B
210739,453,0.9589457714362333,B
53823,333,0.018253618477727662,D
368862,71,0.23015912932337546,B
548518,696,0.9870443017894057,D
822782,698,0.7171371466487968,C
242447,915,0.8935677837115442,B
947481,156,0.6627759173341764,A
745250,788,0.5641324391343775,C
450820,46,0.12741947045167745,D
63970,827,0.02047764063820512,D
970716,167,0.9175010011112824,A
261959,49,0.5299950620329352,C
866602,343,0.3677805733980847,D
433737,200,0.5979370754928882,D
815622,541,0.4041803143624041,A
352635,664,0.6940489945441564,A
425607,967,0.516119343973223,D
711576,626,0.1762973831946446,D
159466,765,0.5595906810737344,C
887888,813,0.7305503032397085,D
355882,122,0.955924930531543,A
810593,38,0.9294895948899572,C
511194,905,0.2155773105402461,C
606165,482,0.5061046938149031,B
457298,201,0.8114246725689576,B
774886,430,0.9560787327261967,A
567555,87,0.7329084365707784,B
435953,455,0.989051282010815,A
455536,661,0.9498161567648832,C
346628,511,0.3371970238082139,D
920671,723,0.0037995987922121444,A
419244,349,0.6293802547367885,D
963889,491,0.16532129830098963,D
101623,290,0.08798847144566468,B
51416,215,0.04816296851429358,A
550923,754,0.92092376176099,A
957716,280,0.9711521992648802,A
747843,299,0.9507061119163085,B
297465,883,0.9526067886828946,C
913489,980,0.3886585790661641,A
82568,512,0.28248080720826707,A
696958,974,0.645757418077436,C
652232,454,0.7267902772189787,D
64932,535,0.25926348557417456,B
643654,456,0.6572142380874129,A
290104,119,0.5724567280524115,C
380975,659,0.37288055917696006,B
569757,439,0.7165945562736539,C
987426,636,0.1588652562302063,A
312825,248,0.5789147928824617,D
671848,99,0.23196032013502732,B
808758,807,0.5519157455830194,C
503439,669,0.10771146043465107,D
135393,238,0.5761006674095412,C
910768,124,0.15451287278721815,D
951932,442,0.060604643212237685,C
560047,512,0.3571518601029742,B
877627,943,0.5964272475132273,C
30575,795,0.33356583491643843,B
480484,922,0.45404433193502014,D
752576,542,0.2913763049060326,A
569729,883,0.9035709464964533,B
930498,484,0.5016771842483061,C
768008,795,0.9278476874306679,A
260200,366,0.7154447459151003,A
547148,756,0.7860395055824276,C
920211,63,0.9477007712822222,A
791719,84,0.985091277419485,D
49483,214,0.48076473122769037,A
999444,854,0.9633030212931972,B
57568,899,0.1465038124755783,B
972815,859,0.7656629938319662,B
530598,766,0.017377834024903227,A
733260,25,0.8735511792302432,C
450412,286,0.5485637225688825,D
174772,594,0.08808396488064119,B
522777,255,0.9863993928584677,D
681082,880,0.6685207444266149,D
103919,632,0.8268123616952903,B
771879,178,0.812253330033866,B
212780,797,0.2718694633395825,C
143331,757,0.15251385512559945,A
873746,611,0.032802699065171526,B
994598,533,0.4044318662126217,B
36678,855,0.2804510855952267,D
528024,246,0.5074954136090266,C
684562,659,0.30682799414955886,C
327145,575,0.7368317143791993,B
222279,805,0.5171127168715377,B
146097,948,0.8299599338540925,C
832342,70,0.13379980806164948,C
24328,743,0.13742621404572142,A
719607,93,0.46834449777212817,A
204852,304,0.03243102039303547,C
877600,90,0.11998981651707685,D
716481,57,0.5963004301344367,C
393805,807,0.49342382329855883,B
111761,858,0.003429377582130466,B
910577,782,0.20429696301600775,D
240045,818,0.44186709066645047,B
391265,401,0.49779327676494056,D
361524,734,0.19161910515250535,A
931975,394,0.21487150113204956,D
545866,209,0.5196170488534305,B
576653,495,0.3230713658087574,C
974785,733,0.17708113008167992,D
901846,392,0.6329087142665003,C
163406,700,0.7286048892420263,C
434513,96,0.9151837895901738,C
737638,234,0.1835688710192549,C
576360,823,0.14874578081083012,C
660085,78,0.8010780911307638,C
47742,947,0.22214088005573163,C
254991,316,0.10203012449296434,C
273066,424,0.4630403604554829,A
634954,879,0.20932896163579928,B
409094,746,0.44740196685441025,D
848366,841,0.5007644409240773,B
84552,488,0.8005888027942586,B
594253,809,0.9107568442164446,A
137983,968,0.21647968650357974,C
310204,622,0.976278560619858,D
444013,671,0.6698343924620902,B
677898,780,0.4102425394110083,D
557111,746,0.40848959871859103,B
246244,56,0.9123474738287467,A
180666,924,0.9893855541605139,C
905518,486,0.690391060973751,A
990384,654,0.42464373004584055,B
154454,158,0.9987284067608294,B
216191,774,0.4183136835734692,B
64558,591,0.8032634018898099,B
59503,424,0.04012754138664021,C
853805,891,0.3975537344487733,A
765818,437,0.09238020475450048,A
251773,753,0.4175418610671773,D
430153,442,0.9490615388130061,B
118165,57,0.8026064845998282,B
238003,198,0.17959288689879005,D
884580,865,0.36425763346848794,C
54150,557,0.777225960152725,D
25192,712,0.36145577844622545,A
419365,28,0.4968677011146312,A
365341,976,0.5397118258169897,A
532668,237,0.1384200423158033,A
839345,668,0.8553013449214836,B
821195,68,0.17701387226354914,A
174895,214,0.5101826279199742,A
19588,244,0.4065021804982347,B
181974,955,0.4764116268801002,B
577429,5,0.6437933542349558,A
917025,151,0.7275320029485993,C
96617,913,0.7819918082691749,A
698496,589,0.7252168469797162,C
422733,878,0.07782732201883225,A
872053,828,0.9286430360950801,A
464590,154,0.8484237507054865,B
498774,839,0.1276438881252564,B
21273,43,0.600139650750517,A
211821,939,0.48233926317755504,A
171514,501,0.7926345657645022,A
384467,77,0.22891446984249086,C
686578,524,0.06409510871130497,B
189225,909,0.7068401226945399,B
876276,278,0.010339377983263232,A
883388,509,0.28407899612846577,A
664474,557,0.6548395189277376,D
181875,57,0.2827524428161572,C
387746,194,0.2206773183033508,D
604648,877,0.30493086513738943,C
774927,979,0.4436126032940354,B
238846,821,0.1460978874969966,B
949824,971,0.7504202463730344,D
33701,294,0.11513705319840173,A
108369,844,0.8504153177590957,D
491479,164,0.36138519818464154,C
790969,826,0.724001533235091,B
174529,882,0.8421682339027572,A
918152,822,0.641531280919224,A
321094,10,0.7829881117915659,D
707077,759,0.7905240317019402,B
117352,606,0.3158249787630939,B
531402,37,0.3532230814972982,C
654399,303,0.4304423730338466,D
105238,911,0.6642664318721397,A
349854,812,0.41702525470828655,C
966928,897,0.04848247805764494,A
729533,599,0.5490796975372366,C
307610,623,0.07076624969917333,D
632649,488,0.3293880407868274,A
745645,879,0.5998924523563874,B
626706,513,0.11640687781001413,A
19218,960,0.1893917893358873,D
305566,533,0.6610497714472194,C
63185,874,0.7052316199547277,A
654655,123,0.5925915916278619,C
572950,855,0.3813277440304026,B
783216,517,0.5286862171847115,D
269297,594,0.2838603752176424,C
312497,965,0.48581792053217454,A
880472,99,0.5914181238428949,B
243560,619,0.18515030788498688,D
491352,156,0.4096289398401243,A
735273,938,0.47027383797442024,C
72318,964,0.4221691991426548,A
471898,692,0.12244374430926963,D
145443,946,0.06613615279772356,D
577235,234,0.9154280388140955,D
181785,146,0.36360017373652664,B
748822,919,0.37237233399734193,B
510020,989,0.0527294077008682,B
75472,249,0.6795535203837598,D
196697,798,0.10020640179181395,A
413875,834,0.5188951710168976,D
509156,204,0.8251978895878584,C
537481,537,0.13398290556028414,B
829459,553,0.15398654308361093,B
470789,871,0.6630825532201486,B
809693,503,0.2127471403497705,D
15792,291,0.7847105698971338,D
246364,823,0.0839258594565726,B
224221,843,0.570948485436998,D
648189,883,0.2436000961596999,D
763717,460,0.8804902034191407,D
432858,888,0.3096263720681999,A
153993,487,0.19958751618687898,C
50243,15,0.6543554644659415,D
405669,827,0.05451878531888865,C
26998,988,0.3832088654237794,C
859609,148,0.7816150950077784,A
36576,786,0.6386296550979372,C
910369,237,0.74997095936464,A
76903,322,0.5207538811153378,D
729568,496,0.22768810024585628,A
415892,519,0.07354269091534282,D
986627,120,0.1464918639280578,B
194100,357,0.442311554129286,C
673551,860,0.8657448286098424,C
790795,894,0.44479968589060315,C
708723,929,0.5962992539566153,C
845856,259,0.13474105275010362,C
49029,313,0.8154512273285097,C
384641,776,0.5674006065003377,A
46215,890,0.7472550087052328,D
882735,385,0.16208112511010564,A
858834,451,0.003062595218212394,D
888216,521,0.5658483850916882,C
791894,322,0.1437818104096198,A
340512,854,0.2650813860905781,B
474088,461,0.9912856367143233,A
750756,89,0.7998107633982569,B
211047,964,0.7440952726926281,D
299433,132,0.7157579677022594,C
705965,667,0.41743170472867386,C
783983,400,0.5747469776676204,C
423437,27,0.10789626513500084,A
264348,253,0.9653291375092307,D
688623,990,0.1995000605533086,A
118930,278,0.9451955591226098,D
582648,98,0.5693727219924749,B
108347,785,0.015356477039082272,A
508362,947,0.9654405729560914,C
828012,80,0.3949987584964735,D
563852,534,0.9230089933683828,A
789684,843,0.7746697415740404,C
431605,717,0.49688000965043133,C
444727,528,0.8145691934300296,A
819417,895,0.648353462328959,A
599392,465,0.7657020578846547,D
514981,739,0.5797308790590554,C
828066,66,0.891512070343527,D
137137,646,0.6915268559951638,C
471920,66,0.7068909425037619,A
492390,955,0.17862072143431473,B
957320,98,0.27490224354157944,D
145833,924,0.6025534972184146,B
132587,614,0.941714579844523,D
688394,562,0.9585062899674617,D
247392,248,0.34293063604271057,B
950199,948,0.22660024535629553,B
606780,91,0.014691367515170084,D
311330,932,0.44793926571287357,B
203948,530,0.2949345874840187,D
350579,235,0.9151174924958096,D
184715,982,0.54028601875351,D
627003,3,0.19191648613051737,B
36859,528,0.2029066155176189,D
910846,541,0.6768869577232134,A
579605,154,0.8979048596698435,A
680500,779,0.41575150694945073,C
496479,91,0.8545508804056601,A
124271,634,0.8078939740362933,C
9910,293,0.7996697100720983,A
533402,610,0.07248195499894239,A
58739,459,0.7536867325300914,D
860325,507,0.8720370242785267,D
834572,939,0.06472576541426611,C
824991,919,0.46734964612495145,B
179626,650,0.5794660902628607,B
506973,348,0.5474041935834538,C
997563,574,0.7812796229071225,D
168269,147,0.2438866536484302,B
453411,546,0.7448528496597313,C
146290,469,0.1113333999744125,D
942493,339,0.009139837892102154,C
354128,46,0.49880703943562565,D
696696,212,0.6316899961233173,C
709448,118,0.570857397907401,D
802226,13,0.4500328786615383,D
947375,123,0.30062871114394507,D
649350,484,0.019354133869850187,A
277639,562,0.9676475518698753,B
839114,460,0.67722058330896,A
491972,446,0.8517093232238961,B
471454,141,0.02612856291471677,D
467171,910,0.7341080896573725,B
89684,96,0.45078362253008253,D
530158,593,0.840353975556853,A
934739,699,0.4602360164741699,D
578885,38,0.38350515000438923,B
223271,860,0.3726618886390817,D
191333,486,0.48727877362593586,B
433167,350,0.4318504139234345,D
374170,941,0.5505749465713815,B
182232,541,0.5903056538001513,B
80571,319,0.21181295813395795,B
879503,606,0.7724008999794921,D
904885,199,0.3295198222477703,A
598486,984,0.5688736895602916,D
559268,111,0.7154157223260854,B
593096,588,0.7168680338567626,C
121833,366,0.9844698553141035,D
581522,53,0.11785442877805463,D
88312,101,0.6686867797407406,B
174288,761,0.9441682557353335,B
383586,406,0.2604883447214449,B
499868,386,0.8183035212144949,A
580183,629,0.32153952828941457,C
348808,325,0.7674580457254849,A
262621,204,0.6380939653377828,D
753557,285,0.49002944009327865,A
342063,618,0.9695570549932399,B
808600,92,0.7104767355609528,B
980788,148,0.9672221436168642,D
256679,894,0.4187474189362048,D
321839,89,0.5030370891081437,C
529234,351,0.3638383646487571,B
541365,150,0.5641543438659736,D
991013,500,0.05335497148184176,D
110416,24,0.20275307466727943,A
194353,588,0.037651160739308076,C
225275,101,0.4317319803539301,D
892209,791,0.7987119148758309,C
19176,646,0.7638153142664702,D
721318,214,0.7129457118661467,C
704117,650,0.4002876799211912,C
418683,502,0.900930147792153,A
671066,950,0.9614771192467123,C
99749,603,0.8086318423328381,B
181572,46,0.44324422900322014,D
801831,781,0.6308864346417554,A
64605,950,0.9170596855894503,B
422849,168,0.5178776509209247,B
483756,658,0.6369008113175882,B
615049,720,0.5262499264403242,C
869715,634,0.04333543212006763,B
895629,836,0.7283006159960487,C
97753,615,0.540931774212112,D
8090,371,0.749449002811467,A
205936,307,0.3174190762251151,D
562945,150,0.4918340907684343,C
276009,428,0.39190005963993946,D
134409,446,0.8999993390748213,A
574335,48,0.9771826214453991,B
213067,94,0.48247997355126326,D
161424,31,0.177898606688641,B
714975,562,0.8488929631963011,A
771087,524,0.22361094152195637,B
911495,590,0.26991934758457004,B
469151,997,0.9898380263179745,A
994867,117,0.6759606886183164,B
684807,128,0.4454890821794584,C
427190,48,0.14292674253888427,D
864556,185,0.545022509171444,C
393035,181,0.41113289707092715,B
808147,144,0.8548392620959643,D
695715,182,0.5362686097741717,C
805778,920,0.1735704789885767,C
482376,48,0.2323774123370792,D
238038,777,0.22886936918484158,A
631009,366,0.5178697472937333,D
204692,810,0.8321917057729831,B
879444,65,0.7494904082256181,C
993498,486,0.4975059008337852,B
672565,983,0.7140044145167511,B
657003,753,0.22941861952173803,A
13527,204,0.33693585121523795,A
406776,975,0.5096899240946844,B
988521,412,0.8745156470855882,B
809388,658,0.5643256599736648,C
995713,0,0.8918247069087581,D
152379,19,0.8186487334205377,D
637791,606,0.8125999764575376,B
785931,959,0.16988923926056665,A
469741,590,0.4531085630849201,D
132399,883,0.5447528240783236,A
430069,501,0.572623875272528,A
35158,280,0.3895973416223383,D
480758,386,0.3870644644336805,B
281784,731,0.05141900615580752,D
477902,358,0.8932583736631067,A
343424,172,0.037289813009454886,B
172470,209,0.6745056362151034,D
153836,508,0.7605092974487501,B
514671,767,0.849396078653152,C
835948,481,0.6219801839426031,D
633860,987,0.47566883050687525,B
45637,36,0.6504098091089443,A
52396,611,0.7503322341401699,A
605996,226,0.5455474920923782,B
439823,287,0.7335548438853279,A
380241,790,0.2628670265355896,B
548385,781,0.20202325088546547,C
663065,125,0.3231296580606271,B
458642,509,0.15425505894036606,A
182124,536,0.21495145593364318,C
576648,30,0.642860529019446,B
102268,194,0.871329458357665,D
221210,255,0.12593532071917757,D
383361,270,0.20668477815739583,D
281976,816,0.13007023372355586,A
233710,285,0.7269404361635685,A
40710,574,0.2566093038561764,B
406791,236,0.4873775897892061,C
128110,213,0.9555941992599088,D
463370,295,0.9621065905302498,C
366213,543,0.268423260617359,A
201195,370,0.8433941862400537,B
885441,127,0.5523878500382189,B
763410,48,0.8555255932030057,B
963372,143,0.5335667281204833,D
262462,548,0.36392219590950825,C
894837,122,0.06817676071828949,C
619397,801,0.14932685186080696,C
137910,237,0.9434131429493613,D
282294,234,0.5384903181581908,C
577828,392,0.9821966536811509,B
898911,782,0.8786867738722005,A
94409,363,0.7976592850184545,B
788331,533,0.5708786375138479,D
755264,261,0.9822819439244499,D
879760,272,0.1559330295800242,C
780727,961,0.9910170445600927,B
399289,156,0.3433207449043265,B
198071,250,0.5006388504676874,B
503143,761,0.4169680080268805,C
954519,622,0.964999155859794,A
448495,653,0.5815186001571445,A
367297,807,0.7134245440728831,D
348365,342,0.6853121295740997,C
759892,611,0.9639105734772275,C
356794,12,0.20123762695278935,B
857603,933,0.7658612246535341,C
636757,184,0.9762446061555492,D
947886,916,0.9043600471046218,C
632326,299,0.8067357350914235,B
340322,34,0.4096965559190676,B
60860,506,0.4242015745329393,C
344587,402,0.28663461095214027,D
476056,911,0.6345559197719493,D
12215,615,0.1526475122688714,D
369467,627,0.47890351480922355,B
894561,187,0.3115651912060162,C
551051,154,0.9843467338025569,A
320634,606,0.5380713803455437,B
138991,598,0.41837684704360145,D
556884,499,0.24719929053356704,A
654322,590,0.09547785228952055,D
587526,549,0.8278318530005292,D
101367,108,0.7519573708019333,A
263706,953,0.69911430542171,B
604073,371,0.30812921349901856,D
515984,25,0.48322771353567906,A
965810,73,0.6961894236721339,C
563127,408,0.8895095641181608,C
455353,374,0.3802783466890646,A
906225,114,0.8922875205638322,A
109715,411,0.7891039086406857,D
28561,709,0.881718539893733,C
617889,986,0.510112792035572,D
406125,702,0.5183716211582774,A
917344,446,0.581058411512131,C
668465,161,0.35669101025240535,C
754727,728,0.4625280964107904,D
26555,621,0.5110421784155423,D
145998,687,0.6542872844282084,D
100294,703,0.7777038311754592,C
36421,169,0.8421084412862162,A
160549,808,0.6713133240535546,A
109147,173,0.6113502534589688,B
960970,141,0.0887358754747658,C
784322,566,0.7705483495786639,B
706978,334,0.34882883615689453,B
734939,226,0.9170725408873999,D
635360,669,0.7394296572819087,B
129156,863,0.14171128533779886,A
930989,717,0.20166763498767604,C
808714,121,0.3198911991940706,B
43811,679,0.39594624620328933,A
363166,904,0.1306560680494646,A
665339,81,0.8697962195724117,D
197506,589,0.5496329557046836,A
128639,408,0.03553940614442075,A
61921,415,0.521752750905183,C
275349,299,0.6694500683204793,A
956553,797,0.10106933798953566,A
890074,431,0.526937319275906,B
868757,146,0.5988932321029315,D
378119,711,0.932964435776742,B
440241,5,0.13911725832876365,B
760162,299,0.9464160852071474,C
378682,587,0.936178628980822,A
970819,643,0.3147663108303632,C
108621,104,0.44777513680522296,C
768299,848,0.6632219131348587,A
663842,218,0.18649588936375594,A
498620,625,0.4379825794489136,A
138651,691,0.3466269967835227,B
236999,555,0.18149133666351758,A
679259,183,0.31747865071717063,B
109373,820,0.57341149596258,C
765985,731,0.6345323078610037,B
18918,469,0.3819493556086626,A
94595,90,0.05540371058626381,A
791587,452,0.7057178344262086,D
204079,826,0.42731694852834423,D
863049,478,0.1231490566428265,B
454148,446,0.2337821034098807,A
496645,327,0.21461035915855375,D
582969,137,0.6383839011227814,B
352315,712,0.5469704583812411,C
45416,999,0.4739696826631281,B
632271,925,0.4156878045147874,B
159577,25,0.6415317915977579,C
117905,293,0.5074794173908355,B
52511,497,0.7296619746661963,A
100293,749,0.9845390624523749,A
215154,515,0.5447903194706781,D
197074,733,0.06336195146599521,B
159574,573,0.18838573880748366,C
975351,160,0.9378408355512554,A
853327,941,0.9371021230963726,A
341943,99,0.27830280113380645,A
904824,659,0.5564917132193877,B
669775,299,0.06396110415398437,B
878151,949,0.8835025877020255,D
872922,255,0.3977997862452666,B
980136,561,0.01082437824264526,A
372388,483,0.2550701805142884,C
304157,533,0.4477650009553831,B
765949,350,0.18805853086626212,D
70883,695,0.6320645525374986,A
245105,32,0.8554570788267483,A
755753,761,0.777610577035524,B
742533,849,0.5260698185729754,B
566044,593,0.9824852476745769,A
987953,561,0.8243909496176869,D
836679,175,0.4703422867613696,D
532383,770,0.4087565804224301,C
433437,573,0.3261853827116298,D
778888,541,0.44006557354092246,B
712015,169,0.9050300560103213,A
250390,172,0.09427919100878934,D
568090,211,0.8679202156025669,D
442823,31,0.9945927012847083,C
969625,68,0.9046040264016074,A
29509,793,0.7069708167580011,C
445970,393,0.11523288082716765,A
8710,539,0.6607308586959252,D
374343,301,0.08928722026195668,A
503123,76,0.5238359572281257,A
732313,565,0.5560393984371806,A
481683,131,0.6873339154541648,B
653551,477,0.3743739838211211,C
420646,512,0.434562197999526,D
21563,56,0.0034741170639601693,C
750683,661,0.5587729630285008,D
511369,36,0.2824372328590413,D
954340,381,0.06428504420059722,C
830797,923,0.3473286933201596,C
778167,901,0.6277312478334923,C
485005,965,0.9453574173281841,B
574060,810,0.5251633083800872,D
240953,559,0.4546289021858314,C
1654,326,0.6679408790432197,A
793290,774,0.642431591804809,A
570133,860,0.5131093411822201,D
364457,496,0.0037181558548983196,A
945621,89,0.3311551861552394,D
339388,972,0.46544345778893503,D
731755,407,0.5064071643822835,C
563550,343,0.9945792718244953,D
186649,669,0.7303469082345402,A
218153,217,0.09355719779135474,B
759628,384,0.48175309156687907,A
771229,984,0.9779010532444771,C
858062,554,0.2117175283459185,A
215183,919,0.7769094495933624,B
935341,749,0.5349859756277247,B
129559,824,0.7651211665456291,D
408191,166,0.6036389935899822,D
744725,938,0.09019338960897061,B
393816,194,0.2592700406334729,A
403505,408,0.14351128279556702,D
253643,6,0.5452676536960862,C
798854,24,0.42312433390253446,C
915494,862,0.31056502514692685,B
834783,142,0.1765753558703015,D
531530,606,0.6666901261756775,C
940643,510,0.042340011277640865,B
327356,523,0.7284729517634256,D
239607,905,0.22496042820452733,C
753323,288,0.32713669727240746,D
781178,333,0.6064219688098382,B
486690,519,0.4021876865940436,B
491367,416,0.3970590156939441,C
280634,32,0.7388077049238682,B
935344,130,0.7358671264587073,A
26654,770,0.2773936505023058,C
369875,908,0.9646452972625787,C
40387,71,0.3070516216784447,B
642312,432,0.594198647636261,A
486241,370,0.7010577429848656,D
363116,648,0.35929666678075745,D
948696,233,0.5995708282882583,B
358010,368,0.24191029191057511,B
590528,959,0.5078036860241036,C
159731,462,0.4562108431339893,D
272653,46,0.7139653577436564,A
777913,241,0.6626455519798153,A
254840,990,0.554266999081794,D
696735,105,0.031721648459140384,C
499907,518,0.631792625861213,D
739438,117,0.5450013065124777,D
822845,405,0.6204612046464809,C
359318,868,0.3947758589211995,D
847757,900,0.07528219002888303,D
431810,749,0.7453062684199646,B
636419,143,0.2490736366176629,D
220801,153,0.6902344235470322,D
102189,964,0.5510738501068684,B
355904,162,0.5609008650260705,D
118701,616,0.8894401586752938,A
893871,251,0.8929484109025896,A
940422,518,0.7831027913802123,A
779802,85,0.2938212095752586,B
912385,897,0.820168444692982,C
740500,387,0.554304490982605,A
834566,488,0.9147183012451413,A
612173,113,0.08327210258546736,C
861687,412,0.7676501580040485,D
715469,352,0.5189748220720612,D
683701,868,0.795995665015158,A
574452,303,0.15662038698974912,C
460346,274,0.7596697750039513,D
64956,984,0.7564108057352642,A
171536,704,0.6079519695986586,B
837760,417,0.7276238508030298,A
680430,32,0.38724966809199723,C
761608,719,0.8753503596636889,D
335601,80,0.17151140638442497,A
572830,204,0.5427106190702681,C
984755,350,0.9607387713772468,C
542822,584,0.9649676302244181,A
40145,589,0.6812541118277501,A
921057,732,0.24635866410686258,C
525733,245,0.17338000125324537,D
111350,823,0.7381014612460799,B
79086,569,0.6311142133728119,C
982727,802,0.9097935525643538,C
849726,430,0.3927745814926199,D
417812,736,0.7113921895431959,A
966913,576,0.43706672749552355,A
199806,461,0.9643262529030733,C
206768,301,0.5761709397118595,D
680168,718,0.5438356309228184,B
342131,807,0.6503588192434858,A
758337,109,0.18631715402222393,C
745288,949,0.9659955627158013,A
554395,140,0.12543941904960443,A
12625,44,0.43027910561479954,C
675681,20,0.3832684399121017,B
568502,962,0.32756590227275595,A
814867,121,0.6500095209379424,C
210453,650,0.7921861956538245,A
737755,813,0.8991492627933116,C
448156,8,0.4308546002217646,A
516444,253,0.3820524039568104,B
114777,888,0.4244445856069776,B
545860,996,0.13263699978877785,C
200641,58,0.6754171117819843,D
497050,212,0.49610711540534025,B
276999,424,0.8271807824370798,B
321968,850,0.13673397130596077,D
742092,677,0.9736386151233651,A
644130,733,0.7887088758385116,C
967304,218,0.5467712078857898,A
420122,818,0.21504106715306082,A
331254,275,0.618096223287161,A
585026,859,0.5393838039491843,B
392761,589,0.23241540757260948,B
664564,673,0.9502565824737486,D
617265,191,0.3219650053736629,B
639585,721,0.858204299460634,A
953780,739,0.12395969038774568,A
822058,780,0.43717339121998144,A
97296,394,0.8682972903650952,C
209164,135,0.7908892580856428,D
96690,48,0.9421440822604216,A
845886,928,0.9504643711525876,B
585027,276,0.24854787223257735,D
115103,700,0.48500775605712476,C
331678,168,0.8526683535212745,C
547349,536,0.45596417232132025,D
532630,45,0.7720518790671996,B
2563,808,0.7966514368332915,C
12312,560,0.5656960745077659,C
172324,485,0.3350651990564921,A
160704,371,0.20751570366330085,B
349978,694,0.877500018104083,C
350834,741,0.7617891001554493,B
654092,597,0.39955187282265014,A
680509,79,0.5585362460883271,C
454721,385,0.6124305959761006,C
556454,424,0.023709925053844838,B
461027,977,0.661738751384591,C
953664,258,0.6763581522006828,D
802114,488,0.8258950862264243,B
224011,348,0.8070820200823353,D
479401,236,0.9679494090838269,B
792104,898,0.26080553924549743,B
264385,991,0.4035116863853222,C
874739,140,0.9372272267126482,B
562144,122,0.395900826205446,C
749709,943,0.04737015899750785,D
554562,65,0.6567870623248223,B
966784,623,0.7660212126123362,D
607251,722,0.7012475092308808,B
718974,192,0.5620627315083697,D
728463,436,0.9094461392404823,A
98309,76,0.39938228903482975,A
875757,196,0.8138179910473252,D
838613,687,0.7201169419318287,A
212773,359,0.7213204239003529,C
211238,591,0.6204273280390666,A
561021,246,0.7503995434545461,C
38545,990,0.3791512048629141,D
68660,437,0.16410864437900863,A
276705,876,0.675085300342631,D
554857,398,0.36914390567259237,C
636495,569,0.31045607487822835,C
942834,349,0.516599648522599,B
771147,470,0.9244246176770228,A
94386,161,0.8113542279257115,B
887294,889,0.9155439764122502,B
729264,833,0.273301036125544,B
820757,907,0.8841651438932067,A
408311,67,0.8278680952694493,A
65546,419,0.45940226263058415,A
452803,918,0.8924043646805545,B
516182,441,0.18835051512737178,B
303155,119,0.3484306891634221,D
436860,362,0.13886201573046253,D
78690,249,0.39806002460422085,A
149124,801,0.7200576063345421,B
363850,556,0.7906022742057481,A
692127,634,0.12353316779000656,C
781891,734,0.4875703201391737,C
533015,128,0.25729153615456113,B
41110,104,0.2516323815633936,A
313976,173,0.8088955561488868,C
464160,613,0.5154695682117754,D
451616,437,0.47732810350633137,B
492406,20,0.08946939085577532,A
277731,66,0.37988069321952,B
224866,824,0.5283545170749426,D
67062,797,0.34627250727500036,C
868822,940,0.26932416582951546,A
441485,919,0.7069113436038789,D
92709,305,0.5026702181179593,C
950653,386,0.8624597423060928,C
935650,834,0.4039683536458072,A
920649,264,0.16827267874061025,B
592001,783,0.8299606556620751,C
265843,973,0.7476944335177074,A
498333,822,0.987868261151912,B
934490,949,0.23008806408681504,C
439688,41,0.31063134493131683,A
688180,341,0.7650525969531233,D
998948,653,0.10109440990319818,A
24674,935,0.5353069167732887,D
66508,805,0.1845094071084532,D
712844,661,0.5671696110785752,D
455478,468,0.24404526649758473,D
894775,965,0.566889337912783,B
659891,718,0.6571573162051574,D
331017,309,0.3742088896391721,B
119798,584,0.4305190811053975,D
754658,780,0.7665297916814525,D
783197,581,0.1594894324216668,A
555796,502,0.12967053850727162,A
718125,175,0.6099138855210008,C
600155,896,0.6876490708221753,C
942624,621,0.1759223577861111,C
752302,723,0.3600967881354392,D
621066,753,0.0785703921765798,B
723313,740,0.9540210856037923,C
807381,303,0.09819805068358212,C
638993,9,0.355454609799302,D
538522,666,0.2900485557383875,B
877194,111,0.5563106510962582,C
601377,319,0.8198725922197017,A
414547,201,0.5106312096703156,D
426578,580,0.1792848388899041,D
852265,364,0.6172582458534137,B
433845,173,0.7993047314823015,C
416127,957,0.42073786226655907,D
149276,516,0.1918557919566073,D
936367,433,0.8422411465151435,B
550938,797,0.8569122324639921,B
898533,865,0.49671415308613587,C
318395,230,0.4199365354921478,B
13052,810,0.5179658140569675,C
988657,48,0.728053816537731,C
966666,686,0.048151597025144044,D
289518,150,0.3648823133197777,D
184872,24,0.876831899520796,C
811040,275,0.34453295824097685,A
145751,862,0.02909340707719832,A
607913,910,0.4122662648473674,D
327718,451,0.6269141311934578,B
520054,142,0.43144005632591464,C
447322,726,0.08115345694682785,D
876364,364,0.619175789125093,A
96503,581,0.06960838587210294,B
397181,638,0.5854735130722963,D
478872,455,0.3992034286261975,B
367644,896,0.8910248312688035,B
314463,787,0.8549584223967579,B
660729,983,0.15615529069991296,C
363148,528,0.9864729290216683,D
980535,296,0.21194684352725024,D
895282,794,0.3559763484378282,C
645888,419,0.6796511827969305,C
174739,475,0.29659857427966885,D
272374,302,0.6050642475536562,B
319768,433,0.37366813088884443,C
463562,8,0.5231347398639524,B
459167,350,0.9105075275189919,D
628329,381,0.6964579136832243,A
713849,109,0.17901837666441078,B
14494,67,0.8355262839469578,D
782082,569,0.733750823966748,A
649821,693,0.3602936094992025,B
567708,965,0.18591675585872292,A
664477,723,0.16597053195585132,B
208532,218,0.9503338438796309,B
608835,454,0.7138462929285153,C
867735,712,0.3969948937840768,A
458520,662,0.6992742767743673,D
508043,738,0.927223286215005,A
579334,795,0.2890403262361876,B
963149,277,0.07400617055839498,A
449221,971,0.413033030291895,B
413862,118,0.0007195376035680212,A
142978,327,0.9825325889666817,A
628214,781,0.2342514611504044,C
265271,616,0.7085757714888795,A
149823,11,0.42786142530540294,A
163376,979,0.13313755724029175,D
295192,71,0.5314400201678167,B
676468,215,0.7658569311774523,D
996927,287,0.940077036875432,D
153368,965,0.786622614625191,B
914299,123,0.30306212402116806,C
736675,536,0.18964979740647647,A
946988,716,0.645075329828642,B
587738,396,0.6500490783918139,C
334129,816,0.11404015426396885,B
146503,174,0.3483090154694689,D
39751,528,0.6701891419216089,C
38812,559,0.2944418372631933,A
810422,279,0.23971387392720267,D
479288,484,0.012218709361480729,C
305647,966,0.23661391982317792,B
321016,210,0.0314927614851902,D
422864,21,0.08019549418822225,C
812266,287,0.6676137049152875,B
606550,303,0.501991193680625,D
920768,962,0.6786115310975125,B
647534,986,0.5748949158796068,B
684458,157,0.96437765021848,B
724978,864,0.6179553871955753,B
136610,559,0.12901360348930746,B
751464,333,0.8739925558828439,B
984825,160,0.5286444044944681,B
736359,126,0.6565635684619675,D
169797,650,0.5930082602190313,D
607841,892,0.1572987745119524,C
75139,473,0.17052299999519882,B
219573,932,0.7831645107702251,C
37526,415,0.9951638950764582,B
850055,85,0.0659399322578359,A
645921,424,0.9427756259860872,C
557593,919,0.1710505661632099,D
369581,444,0.8148657028613776,D
949235,254,0.765944452837823,D
917243,9,0.3628124007806328,D
342289,630,0.4611304038402745,A
342888,171,0.025134282937984254,C
203993,698,0.061261088477694625,B
676472,283,0.8872125360305183,B
858957,535,0.33452908565866524,B
501850,93,0.7260229006538564,A
883184,816,0.7180267385224648,C
826306,23,0.6181929669032236,D
225903,276,0.9906477226054421,C
113112,102,0.7672962914859757,D
604815,112,0.6607736181896113,D
419256,231,0.4703540177884855,C
406404,957,0.3572262879364668,B
814266,651,0.8588163531400901,C
417813,835,0.6688132024339054,D
151786,694,0.897293587391513,D
74211,482,0.3144560167705608,D
300106,64,0.8551507871292473,C
213741,784,0.39979720056154544,A
252641,567,0.16275373811530236,B
170473,867,0.9821703120117264,B
744062,326,0.26417679677749617,C
860611,411,0.4484461127356084,A
828474,322,0.9422310072814644,C
71421,270,0.8877032784685962,D
434731,12,0.1452989617534195,A
221694,25,0.6705500557920017,A
247910,620,0.167251406720204,D
707733,653,0.37411742327391195,C
799671,96,0.8090124636050875,B
242262,649,0.5536058586117943,C
856498,214,0.1670897791284387,D
693932,581,0.9293797428087316,B
173586,399,0.8547796526646971,D
848591,382,0.5869075191566279,D
150908,279,0.368472062586486,C
189706,693,0.9303057767711951,A
686835,340,0.1577595708435291,B
601350,833,0.905713731199727,A
991046,998,0.14365170850889886,C
714127,991,0.8982221073830419,B
354496,673,0.491693219121626,A
555934,297,0.997535030476231,D
423197,800,0.5285412566823061,C
18731,9,0.4735380704379867,C
5740,101,0.7556136713880689,C
201432,335,0.8532722556329465,D
444141,173,0.9583156495375902,B
860109,840,0.14924866710841744,A
560063,138,0.1381552238167817,B
512597,627,0.372650686407078,B
184011,948,0.704916677574067,B
596744,229,0.9632182907010184,A
734253,168,0.7223790031998629,D
321608,715,0.680388610443649,B
222320,607,0.2268934917279114,A
561083,51,0.6939013728747689,C
949835,774,0.3554862760130558,A
361363,102,0.5261389277921703,B
836623,265,0.8594210181662743,C
727001,40,0.1615948857016659,A
123574,247,0.5771964301728993,B
520021,84,0.7997333009096502,C
385755,961,0.814079284117625,A
193267,748,0.9918819447900211,C
238441,978,0.6031824269693414,B
616395,737,0.3770757561238465,A
429360,671,0.2094562713407483,A
889334,415,0.6950243562491857,B
775162,556,0.2515737502720844,A
736658,647,0.7920367798400928,B
546701,866,0.45931749426940083,D
935912,67,0.04229618862668416,A
438413,387,0.009765477812584522,B
840736,794,0.09339293423493467,D
625594,380,0.19106389325208295,B
605913,227,0.17342903334570292,C
108304,871,0.22613824539192606,B
414698,543,0.39527615272854855,C
917071,250,0.39663577841191444,D
893102,996,0.5190482060844378,A
859516,229,0.5531092780342257,D
731324,839,0.6997188526929121,B
193078,457,0.3233779598963863,D
17087,307,0.8124342678351755,B
398238,899,0.2201818495036898,A
390983,156,0.9974652627956628,C
822508,287,0.1497194742676875,D
16139,637,0.06332344254317301,C
844243,525,0.40729184170099375,D
976281,514,0.27406963073313995,C
248535,942,0.08097413647070006,C
894370,328,0.16009809903414007,B
321619,668,0.3729459712562403,C
720612,940,0.7995101624127318,A
665792,757,0.06241627005188832,B
465598,703,0.40797587716532135,A
503052,351,0.17510418948185935,A
999259,937,0.4726792700282002,B
532296,734,0.5180999586020385,C
265850,373,0.03888443213223858,C
196780,886,0.8755477133952311,B
27730,307,0.44099968405015166,B
864324,335,0.05621799969662933,A
718852,445,0.21159332349723392,C
172756,828,0.6999078608286519,A
521404,977,0.29410507514679596,D
794735,798,0.9475637002097027,D
354331,525,0.6613264345721985,D
823630,410,0.821560446768241,C
935629,177,0.6691797743288713,C
731458,983,0.4047926205323169,A
309052,996,0.5729115208833349,C
875648,964,0.22878901961656228,B
422164,249,0.7189966105922679,B
814968,326,0.07566995416151057,B
369520,918,0.9068633987899021,B
809107,519,0.007127537190473321,B
773257,411,0.28691807584948215,A
523199,805,0.6479215313494082,B
184359,366,0.24599003708370593,D
196654,683,0.7982884200695749,D
603001,317,0.6320758873979279,A
464158,962,0.2834150576075153,C
791691,11,0.7309476748739175,C
367936,223,0.9321145830680229,D
938513,848,0.029153264171886573,A
889707,946,0.2047299867415593,A
632593,239,0.022940566147087837,B
833992,414,0.175009033526614,B
660798,208,0.5993190774752851,D
246385,826,0.2974565083724706,C
414655,747,0.4355727290911121,C
760896,689,0.4177771718557898,C
454492,340,0.503101960295451,A
652109,38,0.6647087305767256,B
133127,445,0.9189786733057634,B
508340,686,0.41503502598007147,C
641017,964,0.6390488909455542,D
537170,31,0.055360186483240925,B
459638,628,0.7301442247317078,C
172547,405,0.7549153732030158,C
807765,125,0.4535825669587841,A
115425,379,0.8077435109567815,B
22948,785,0.7448386040607703,B
216058,259,0.8079947784884173,C
413602,29,0.04211896906862311,D
769137,158,0.7994180292644993,D
924383,813,0.5617053126077978,C
252816,365,0.5542033802485952,A
943097,245,0.42010901781374155,D
117573,340,0.28359040892699783,C
774986,563,0.4260545552393469,D
843642,845,0.37529405881544897,C
993792,444,0.22733198061804705,A
510733,643,0.170219898380218,C
641702,905,0.2646414577936662,A
49571,974,0.5407777960869721,C
39566,690,0.1768072279436128,B
434564,847,0.7695144704477147,C
865550,756,0.4659689186478678,D
639927,633,0.15860828149965833,C
684248,234,0.31317654291335195,D
432070,419,0.9401669686218136,A
150677,434,0.46430207977682936,B
464882,227,0.8020699650699412,A
21369,534,0.9683801511221544,B
996310,927,0.40059654929000643,B
837163,331,0.900004493632899,C
322427,60,0.38463927856602653,D
531186,293,0.702334584717953,C
64589,924,0.8127459492266789,B
348120,793,0.7010543435736862,B
857000,662,0.7413231795914742,D
875669,881,0.5897587907370246,B
58881,239,0.00760985451237961,A
723984,474,0.7052067060310433,B
581007,681,0.20766550006465,C
55194,356,0.8161486393081138,C
847703,220,0.4808244282077282,B
256387,172,0.5216034117638876,B
634212,50,0.29269064997605587,A
149093,526,0.6729472618341862,D
175533,413,0.035526408903171935,A
117120,894,0.838430467555784,B
988437,936,0.9876151038805121,B
933802,913,0.7823797091073307,B
354808,150,0.15390934899097752,C
939843,768,0.5694052324209644,B
788604,727,0.3961661730535304,C
62233,233,0.9801311394661533,C
716757,124,0.3958927067975233,A
34849,502,0.6071840502816951,A
829520,360,0.7809797232695874,C
517885,808,0.15709120810370525,C
722214,545,0.010381291601598841,D
875495,808,0.5917474193796237,B
656931,443,0.892047477390936,D
205645,102,0.6148743717317968,C
580912,462,0.7457136612009946,C
991895,30,0.4900446466443049,A
879699,169,0.7975444663595714,C
520164,146,0.7833588964486232,C
462621,910,0.0549328839098443,A
894203,501,0.4132880401788057,A
357597,896,0.47467185190328576,A
557919,940,0.38850649086868505,A
925660,181,0.47265635754695934,A
250154,444,0.29990093379995564,D
459444,362,0.12527720748193083,D
783972,190,0.8704263229052992,D
574330,300,0.2878712584788251,C
393359,886,0.8113451979447015,D
434060,319,0.8564588363064616,A
513907,11,0.6215283328214725,A
414676,168,0.15971116250901485,C
985064,889,0.7550384509656966,C
110804,947,0.32602489270308954,D
217024,652,0.6373637793870114,B
859766,716,0.18401389929112666,D
358449,139,0.2052896543485131,B
820746,20,0.19198539674035098,A
928142,5,0.4687138405118674,B
718742,45,0.34905783760607545,C
370301,433,0.765795979714303,B
160910,90,0.04724392383885234,C
217785,744,0.6874534893322802,C
913232,666,0.5429703856454737,C
906664,285,0.4621605804337573,B
801511,443,0.7130204215333208,A
801147,718,0.1640898526312441,A
44510,320,0.6600832829335496,D
194380,10,0.9575224960595391,D
660277,420,0.9575028384286031,D
264054,274,0.17463875081896152,B
88383,70,0.7742821731570327,A
455577,206,0.05293455356197618,D
176186,524,0.2988949598852926,B
634619,602,0.292730982261983,C
97627,818,0.7273644068827572,D
768606,197,0.6222658352310988,A
170981,888,0.5938049556443182,C
409123,923,0.1096872194062376,D
878052,324,0.10388048950459561,A
381703,932,0.7762574465072082,A
430690,611,0.03455854236722433,D
592475,189,0.7948686726643642,C
46953,793,0.5088007978473282,D
418835,457,0.6414174565016367,C
55185,446,0.7270860972847364,D
752387,118,0.9785441499072961,A
31407,553,0.40748128118355176,A
125496,153,0.3236973677042114,C
439881,352,0.2594689372259138,A
189441,125,0.8984497913266736,B
988409,107,0.4543862415796721,D
606956,478,0.29515204984841825,A
269515,986,0.5068406460441544,A
949188,359,0.07701515778384882,B
604526,846,0.6123252234714579,A
374066,937,0.28443692147403987,B
260558,606,0.900698096494617,C
424380,755,0.5918219520939453,A
94456,852,0.8477833121050874,D
118684,669,0.5263025326064333,A
944311,368,0.2124167938896624,A
739422,890,0.39074920013601855,D
821094,40,0.5666633975986938,A
561279,254,0.8698823465639804,B
725260,992,0.3410805733276945,C
613803,621,0.5096716151907245,D
407806,365,0.9450898517164288,A
892872,598,0.26410497116985365,A
552213,671,0.23310939721717727,B
465042,498,0.018392715851301755,D
562806,140,0.7102445364380716,D
440224,650,0.8180583446221446,B
636213,951,0.9530924388500369,D
146895,417,0.055444306134513566,A
942802,344,0.6225405588221008,B
248461,893,0.8080939986869493,B
554774,756,0.07827266951250456,B
46455,604,0.38120937549764555,D
50729,355,0.18518682057856084,B
888694,678,0.8588688951628318,D
136132,592,0.47431193430402463,B
722772,254,0.10138499075000984,A
507440,691,0.4454789315428407,A
994004,213,0.9817065246139303,B
851841,628,0.34654918964059045,A
763684,149,0.011744388785150384,A
207663,716,0.09924482406930113,B
732195,781,0.8971821143428768,B
171533,754,0.1996081002894261,D
407721,359,0.19445141706813973,B
465560,383,0.1627638756864631,A
178830,376,0.17500843168376212,C
109661,157,0.7870576668230226,A
72408,791,0.35321802685709836,B
672760,282,0.6348533038886889,B
269518,290,0.8470364342692727,C
507751,963,0.45483093906649175,C
436527,99,0.17655305259778065,A
658855,448,0.21854140418735113,D
697304,823,0.29878675354020856,B
291308,391,0.5162811899031713,A
563248,578,0.2466905807152161,C
36310,881,0.7789624276497714,A
531660,488,0.5837760791696841,A
802168,793,0.43892284889684996,C
81813,378,0.19086844577610496,A
859502,852,0.04503137492070708,C
655113,65,0.4116872155101968,A
325516,258,0.6902876739048114,A
249683,13,0.5666142927200996,D
493325,41,0.6520430589758237,B
532132,872,0.6309371810975009,C
152935,708,0.3877837776154799,D
455968,738,0.29539362303393957,C
675549,611,0.8375531380858275,B
101918,949,0.26524618764309893,B
89578,35,0.3514775331589238,B
61117,977,0.5138162774162959,D
561215,885,0.9147251071107722,D
448308,344,0.3823029880300808,C
775406,316,0.31305197569805254,D
500103,188,0.9835873917627682,B
959695,345,0.612704482115142,C
99919,236,0.9996773135873169,B
103181,283,0.3508475597015773,D
182703,395,0.7367738093465968,A
543891,103,0.7266784884127807,A
135437,9,0.26336958208167904,B
504124,996,0.16211941031688992,D
861799,658,0.9690731898741822,C
451178,130,0.9167691395286589,C
360824,377,0.1368429804044604,B
319404,94,0.3636349222097983,D
71853,611,0.511229685804855,A
713010,280,0.37655785490024263,C
848707,522,0.2756541931397146,C
686048,492,0.9594808496450561,C
866449,15,0.43825418944173766,D
746941,163,0.5878838987754924,B
403021,156,0.6213203877259615,A
156275,302,0.8295938150576632,D
54223,224,0.05443788306407926,A
992142,649,0.1645508487204579,A
954746,804,0.7835675816603841,C
772674,821,0.901600268682687,D
824468,931,0.30246052374137855,A
359271,150,0.3942569494960336,C
65598,827,0.5836705318048147,C
761687,233,0.3207428622803563,B
405734,313,0.3751158562671636,C
132095,889,0.6856990432517907,C
847830,0,0.4058461811466404,B
919986,841,0.9709611379846539,C
744370,697,0.14408214851244994,A
247832,882,0.8257404724903991,B
341522,976,0.48786077595374255,C
324480,18,0.983925392619577,B
511509,369,0.9057337908455506,C
396868,179,0.5367055119596522,A
244517,96,0.3690752322834866,B
548460,139,0.1251099699088697,D
402468,417,0.06858169315521878,B
564770,999,0.05396878748334932,B
29041,370,0.33630954154865633,D
684634,540,0.2726993490428429,D
313289,73,0.9815717808785136,C
112082,999,0.572115979801191,B
174269,914,0.9888278696734109,A
534350,507,0.4873744690441,D
195135,513,0.5990489136126103,A
132627,281,0.35058529826782314,A
801304,822,0.5064314476895234,B
114679,999,0.1919080336033795,B
982367,357,0.47911745638095415,A
850811,677,0.7256301994119815,D
230126,406,0.9572241809533516,D
711693,391,0.557364683172842,A
138105,14,0.0950623188534182,A
824269,835,0.09581798188156398,A
277240,583,0.9508967363384216,A
435538,569,0.9503415041855624,B
501570,476,0.06310858719744306,C
135848,60,0.5287163008289862,B
850478,297,0.4026780686330268,A
682368,227,0.9805143397065883,D
568625,207,0.30030022433900194,A
32044,692,0.3940276055960418,B
571984,662,0.7318358865520332,B
289567,411,0.16139726616293937,B
139410,686,0.5112128237908001,B
459920,133,0.9192510675961598,B
534426,421,0.9603533868647822,B
169804,967,0.819832965967868,C
943179,413,0.7294041454617145,C
626816,664,0.5299631326350525,B
729111,185,0.12928108340337108,D
891638,599,0.25019602269150054,A
39876,61,0.6035289993761187,B
405615,532,0.08801248399728911,D
710001,454,0.10360045479990687,A
943666,108,0.32416743025221717,A
762079,206,0.36735374432355394,C
283191,760,0.8482885326270665,B
368914,414,0.648789049424415,B
958232,537,0.7442950228562039,D
146769,128,0.2989304233256804,C
848242,868,0.8408473072009618,C
686401,16,0.8780418414253347,B
953972,509,0.2668271266875204,B
123791,788,0.44763199069696935,B
731350,514,0.03626403762201158,B
194772,249,0.9814392835405455,B
144174,42,0.5771444794686738,D
745630,125,0.022071619679649324,A
472096,168,0.5664586470354148,D
740634,945,0.11192135705702733,B
849116,955,0.17777163298891419,A
873275,497,0.42499786065376766,D
595624,17,0.6340390262232334,C
704884,276,0.9490285458376282,B
980198,474,0.08902650511811627,A
857508,163,0.6424547690524876,C
180976,440,0.61545568589228,D
656646,619,0.39912970755956034,A
923628,532,0.017066609516029785,A
821717,25,0.35938121523722877,D
131120,679,0.48031512852677827,D
253395,436,0.4470622530819174,C
719588,175,0.6573179155812305,B
630080,181,0.8154681815951073,C
1644,360,0.11116416370517668,D
996911,670,0.5105864052091891,D
93005,333,0.18495785115668306,B
554023,641,0.7502788139650471,A
913697,58,0.2912551050630957,D
404516,132,0.14848649691539795,B
41795,583,0.47260912763199736,C
154840,15,0.7506265395384165,B
118108,926,0.48590035260924624,D
171148,354,0.09224895820365453,B
538719,694,0.9389947532771987,A
879106,46,0.17495287607328747,D
668802,971,0.9848360816525615,A
895098,629,0.5786998191235616,A
30168,66,0.7445322770754601,A
229711,431,0.9714300510447919,C
622529,822,0.5426291684996362,A
224677,316,0.18700219906046223,C
796379,778,0.159832477025735,A
893697,806,0.3244284522682487,D
391154,598,0.19916701484666843,A
423865,864,0.44082895132364863,C
53660,195,0.37836034915407457,C
203762,234,0.5419942365500947,D
171123,422,0.9762862356669323,B
762122,713,0.7043239048681795,B
207878,359,0.6026510815828882,D
792671,109,0.6442162893846489,C
300472,537,0.9345770647251614,B
789491,763,0.4376498847775614,A
85452,675,0.28635283468501294,C
624651,131,0.7496317684940377,B
922949,1,0.7585066414629997,C
406949,915,0.5688598006341637,C
542302,506,0.921269343475227,C
270999,744,0.35391868550287675,B
86954,796,0.16672349293302213,D
532624,529,0.16100428611226447,A
792953,742,0.18764556158743517,B
541938,478,0.5533343974209898,D
798221,797,0.6372363815911627,C
86029,256,0.9740423376120687,C
97415,738,0.5742536142089227,B
813702,480,0.8281872569164287,A
328833,160,0.41082778904676387,B
393802,565,0.6197602350175762,B
830079,615,0.4752312644142237,C
346821,380,0.19279471401548764,B
582119,340,0.927369900139339,B
148659,268,0.1418541398639619,B
470531,653,0.8269843950902654,A
803402,978,0.9568607067039376,B
249451,386,0.34473933263262513,C
235052,132,0.7542366476955371,B
321219,136,0.9088127532317325,D
355592,486,0.20174724940400046,B
632084,773,0.13228843538025492,D
883150,421,0.3803460907521188,D
607196,925,0.1875021109675804,C
494519,12,0.7419208954453381,A
61233,506,0.7402043603170325,D
155300,380,0.14771154906548478,C
510109,833,0.3405946571652786,C
340992,697,0.5598054388018036,D
163870,428,0.8163658932367787,B
239224,106,0.38894981337596546,B
632559,786,0.941101339974075,D
357732,363,0.3012429656456246,D
164261,953,0.9988558743449619,D
322586,832,0.24008352701971436,C
972293,801,0.38543081532034196,B
694878,75,0.29370985681257245,A
134762,803,0.04510807931772187,D
220201,205,0.46136569888103085,A
405418,866,0.5418776693390388,C
738323,871,0.2366073208132654,C
569766,497,0.7318439937223497,A
277599,891,0.8622592776688274,D
752956,301,0.9179107019547963,C
325920,36,0.6065887633491539,D
380541,893,0.3789225026361738,A
513145,388,0.10864906127629825,A
150276,116,0.9853407896457335,A
714182,11,0.16416293241999125,D
712644,326,0.6542139926855317,C
991754,939,0.7550897581073143,D
96223,311,0.29776419563518486,C
832319,157,0.26127483124010786,C
23958,384,0.7668439575793683,C
467685,190,0.039381031714508685,D
584092,867,0.21780727595853033,D
82454,921,0.7044013491170384,C
383812,180,0.3862504165291125,D
516499,6,0.3183248724967114,D
9235,608,0.5845576487830879,A
869980,380,0.7819521218427501,A
840481,590,0.7804033244248476,D
334845,802,0.6574642341908798,D
299368,152,0.12136073483662047,B
143047,845,0.1730595694763768,D
856976,537,0.3531873699763515,A
89023,397,0.11850031280273854,C
411095,88,0.04787570178018441,A
586029,833,0.07201663965386262,A
579791,839,0.9925119771117819,A
933242,929,0.5356625699074744,C
257221,519,0.4975862345859374,D
435171,310,0.41549896132452746,C
722072,885,0.1529853844844442,D
515104,678,0.10301306745745664,B
357225,907,0.28209027654133556,D
586337,533,0.5978553514138216,A
107676,976,0.8734313870856856,A
346945,382,0.08234504452865199,B
487890,951,0.998340506820374,D
194506,736,0.8583539576126514,B
556823,408,0.018702896489422027,C
778199,305,0.25578589616254266,A
694969,689,0.28776634601724305,A
342914,352,0.9073799348910014,B
781043,450,0.9468776287086335,C
322590,596,0.2073318569780509,C
682013,751,0.6075197323979367,B
614014,422,0.3890395349808994,D
126147,559,0.3102686583914198,B
789013,552,0.5784713955567473,C
966072,905,0.4170157516477262,A
139650,510,0.5269159242515062,D
158601,797,0.44604780403666733,D
451745,427,0.1227208174063994,A
173665,556,0.048862058943248465,D
550450,777,0.6261177799545262,C
68552,603,0.059436044934215504,D
876492,968,0.4700737609779324,A
598729,630,0.04547823867303902,B
645176,924,0.6703382057596888,C
449224,85,0.9772291804474263,C
387723,813,0.10141880516326285,B
507449,94,0.40343896599529405,A
482733,886,0.922434931992915,C
14552,121,0.22971454113687872,D
445825,16,0.6887494018138681,A
876861,574,0.5318729402421941,C
950748,520,0.32759255182720337,D
52195,677,0.2504159080884685,C
399363,746,0.050535467456500616,D
356957,158,0.04024343513705386,C
15706,656,0.5632555256071597,C
84570,682,0.9653297621830395,B
364133,355,0.5958076944507692,C
227839,362,0.2348449289693273,C
317420,690,0.2365303867854599,A
843829,817,0.8780566885850383,C
276863,122,0.18320258301776193,B
550709,952,0.8282415207634094,C
585901,213,0.9478507772009732,A
671676,889,0.1634389783158786,C
83096,813,0.41020959708931337,C
717824,106,0.9939120958763037,A
138472,672,0.5326806420531349,D
917878,929,0.018649705926392812,A
481851,893,0.5242337250549803,A
839929,340,0.2839543268371858,B
764605,940,0.13364517922382713,D
247510,168,0.653410282530914,D
940608,98,0.4824111010999186,B
163179,352,0.8853231432717422,D
350519,514,0.5726761516513664,D
508281,928,0.3291322177585514,D
298472,992,0.49633460113538386,B
874389,140,0.6584107949456517,D
382546,539,0.7468303794836066,B
216375,624,0.8468596026581153,C
245974,689,0.7681862168672643,D
601502,143,0.09698154002606385,A
603010,616,0.8140964093395685,B
732667,317,0.5181702410690762,C
148958,812,0.8317478178300329,A
659084,755,0.4862893090603013,C
446585,868,0.1935330116667362,C
921038,602,0.220520030347105,B
404933,982,0.6127013632537294,A
977920,813,0.47080580304809094,B
599149,89,0.6491276401535461,D
883669,900,0.5458281959574525,B
594478,602,0.6003745121194667,A
926172,248,0.5638679410643589,B
663361,811,0.2001911705273688,B
59546,197,0.7341551090126381,C
146325,528,0.4103547510705753,C
304321,639,0.13398533494278908,A
808417,888,0.9704942701390379,A
15593,994,0.4498652661357767,A
878133,747,0.4015038063465638,B
690677,319,0.7856632281817346,B
291420,964,0.7114519221593176,B
730254,681,0.6479732682016764,D
395685,647,0.14600363822952012,C
366011,413,0.8983855025780485,B
626400,390,0.4419178703703647,D
98461,955,0.5629761498043178,A
520832,88,0.24826650372210057,A
410127,54,0.5832945268994124,A
495190,735,0.5997856821356066,C
871063,910,0.9795625007463553,B
545531,988,0.12525153792128518,D
762392,703,0.011258924194000541,B
920172,565,0.7395985880494882,C
644889,396,0.9519579761938874,A
921059,644,0.21729721130107194,D
996366,341,0.2679632680317259,D
53351,321,0.8268442596227846,A
340093,689,0.6140642088724885,D
161961,869,0.1302447286578179,A
101841,729,0.4109369449865108,D
949084,101,0.4099583604081305,C
463727,323,0.601398849201502,A
336044,276,0.685995925497639,D
735163,398,0.6910286104935157,C
43321,762,0.3143760165018792,D
896922,357,0.006054469841490828,B
406947,109,0.5237286375261964,C
689366,830,0.6805878509644001,D
30158,75,0.20495439035431817,B
615148,865,0.3625165304659731,C
63356,94,0.26862771435742117,B
99887,47,0.7261621425216164,A
660967,446,0.47507654031828095,D
238261,596,0.3229271794856975,A
555337,390,0.30231759137600966,D
717460,661,0.9469085882263728,D
406915,506,0.25349861223895287,D
313754,878,0.1643087170261831,C
122733,385,0.6697544005761805,D
87206,847,0.4190744729942839,C
667190,819,0.5879742004601429,C
139731,795,0.4172027653600531,A
854897,181,0.8348794146773804,D
770355,914,0.30346586670486053,D
800304,855,0.8531930737184752,B
683185,106,0.3087697403904738,B
686997,978,0.6553841318058834,C
263572,831,0.8644147380107785,B
462314,678,0.43282671979306575,D
516635,91,0.7593060991696682,A
734492,566,0.29422507745035686,B
484719,505,0.4799046599580835,C
182983,255,0.838588618081611,A
646297,74,0.12706640178964745,B
373973,914,0.04378697186797298,D
315548,568,0.5817709778882101,A
993835,385,0.7879993332237848,D
469016,763,0.31170042406481857,D
938519,661,0.30566487888372795,B
775675,214,0.6698644632294469,D
463227,509,0.9024089956438968,B
171401,857,0.37058455370313137,A
675009,468,0.8767172111884978,C
500390,303,0.9030776339009278,B
466237,483,0.39587288511713903,A
126762,178,0.08777273715955802,C
794913,251,0.683796912553603,B
229732,827,0.12502199535384073,B
861961,360,0.14194937097273852,D
605976,770,0.17113174617727478,A
618683,294,0.9759598759718541,D
405636,635,0.5674312340211991,B
391095,399,0.11389370493081663,A
831581,244,0.12769071080451877,B
688927,667,0.1671737910310105,D
715721,974,0.1630442530424001,D
650445,835,0.2473362627616209,A
262728,777,0.5896268815239507,C
910580,213,0.28423045547963444,B
133961,889,0.03497824685423223,A
593903,936,0.6499810479075381,D
66294,372,0.27969897540109756,B
416740,276,0.37855134541164115,A
91084,3,0.464660873202444,D
543146,295,0.023435395159010164,B
809250,493,0.2351564047579875,B
963713,575,0.16666060236555302,B
68421,531,0.398128008807093,D
737113,659,0.998519736036898,D
595816,918,0.8032025060113129,C
807526,739,0.9413891865199235,A
588732,511,0.19923771565449244,D
944680,354,0.3516407125947629,B
581655,804,0.9759567533771791,A
180831,965,0.20059816762348637,C
747663,269,0.9718303673115921,B
980925,777,0.2831815934341301,C
161787,736,0.3061387995231447,A
530662,777,0.42541098314055537,C
703136,270,0.8086442886604047,B
111941,370,0.5697982777834218,A
245698,426,0.6095675598271998,C
81433,131,0.5661458061751424,B
43639,533,0.8493137486295361,C
955724,319,0.3827585563173397,D
690801,303,0.39188221408809154,D
702948,200,0.9291082981551493,A
299630,901,0.1923643890370098,A
938791,134,0.8515771581796555,A
434944,299,0.7205381938539621,A
336014,429,0.3127805628184295,A
803913,371,0.9311549872218504,C
749470,471,0.28303348557544983,C
284107,150,0.9314179329438337,D
699505,938,0.4295110197971531,D
832558,651,0.9408589492362864,A
893210,215,0.5437592092054409,C
135557,749,0.9820899391523896,B
710076,748,0.8852329607824827,D
323155,915,0.22974546671216745,B
33986,707,0.7078379750665371,A
306674,338,0.7623243292579415,C
503010,72,0.6698370027633439,C
549548,802,0.030349887334090497,B
694933,706,0.8260109840316479,B
437852,53,0.04539316121568204,C
108841,734,0.364160485283637,B
643511,244,0.57183906235639,A
132951,67,0.6180012090603483,D
537160,907,0.9461159090081491,A
75299,379,0.07123612021883097,A
247565,506,0.3457253551393107,C
194813,74,0.39187816128827324,D
692072,769,0.8781590522698877,C
537923,849,0.5111521777059953,B
378769,760,0.4086878962352021,D
174354,706,0.6685103421476023,C
557881,271,0.330967520491553,B
776863,280,0.8944617848899964,C
383540,858,0.5879036339477719,D
648257,179,0.8423856103684597,B
175518,110,0.5330777212083542,B
507484,537,0.09553447299082851,C
353956,458,0.09492494163840226,A
434182,848,0.14109083725445026,A
326690,904,0.847931024643007,A
18923,686,0.6703471411496568,D
318908,279,0.4762486041215981,C
269923,810,0.19060300479208414,C
44623,906,0.7572655820795507,A
349714,631,0.3248226001849841,B
56124,415,0.3538929934149515,B
653870,31,0.8579735064368104,D
82441,11,0.06744515384204053,D
198836,665,0.15228827096012776,D
635862,563,0.6946274609981681,A
886217,78,0.45589597174737817,A
911902,185,0.004929342853681962,B
400933,323,0.7373834639448544,C
820708,80,0.25857395296796526,D
175410,77,0.2088458808306507,A
379876,543,0.9613520212697159,A
86179,854,0.16865445969317605,A
606938,546,0.8166220000200836,A
150867,14,0.6910955207353713,B
840210,577,0.25572339292226043,A
769256,881,0.5665270013670206,A
72933,79,0.441395992411004,B
130298,44,0.10825493054591029,D
762355,921,0.8171059205754314,B
759585,487,0.645464807269523,B
727708,208,0.18703047402468864,A
883426,850,0.8300203832034767,A
22059,621,0.944658999063751,A
23987,374,0.8711456362369064,C
694997,208,0.34181960576061765,D
515886,649,0.022744677910775835,C
84053,111,0.6160243939017349,D
610796,760,0.6871621862250206,B
71412,714,0.32860514786905926,B
483538,33,0.45231209323553,D
686452,210,0.7450848156498507,D
783688,567,0.3694710337845042,C
419437,111,0.9102280449623749,A
215666,500,0.6249577345484485,A
74483,972,0.16840442989867344,A
806184,551,0.6697086403770542,C
226542,54,0.3091193207165972,C
118098,722,0.6949649077399523,D
3600,434,0.13094523176450845,A
905938,553,0.666190292820806,B
726899,84,0.396042335603634,C
998600,195,0.6457916214484837,A
714201,358,0.05039190847404085,C
985036,918,0.4225819517542949,D
789074,336,0.3769164869990025,B
971295,171,0.648947560246751,B
409508,222,0.10614244475909218,D
18953,13,0.11688804227071026,B
508572,738,0.5870652238471215,A
737531,757,0.6022535115825647,C
877998,763,0.5911817639991349,D
243969,180,0.5611853983426593,D
10475,727,0.40828771082413595,C
474108,169,0.2697551521367191,A
944715,193,0.7357163069458109,B
53377,226,0.9583129518470467,B
210953,279,0.6423411488361435,C
918022,798,0.956022373685688,D
532800,215,0.9338881331948301,B
347823,788,0.6077068679845355,C
396468,994,0.3738515469708157,A
444464,883,0.21140518071161807,B
643230,175,0.04066265798630175,C
966921,906,0.7792570757976464,D
875028,732,0.6553256915483309,B
274629,486,0.45675548442131453,C
972899,972,0.14101123553465544,A
311842,69,0.7300709030118385,A
607414,77,0.6067752265981352,B
518274,589,0.20931150725310632,A
890726,51,0.49371442937961274,B
230125,550,0.04265917828911736,D
77888,832,0.04923474401880168,B
15038,480,0.2873008762224115,B
630514,616,0.8565845488990862,B
947005,877,0.4726236416613796,B
564633,336,0.8110287217773301,D
535602,334,0.6329326541105336,D
622617,145,0.14198109176823026,B
663713,357,0.958145671667236,C
546515,382,0.6425416183772066,D
172993,148,0.02792554218744281,D
400319,596,0.16357625127050912,C
476679,401,0.5315755826977753,B
464173,554,0.9669498110732877,C
36567,710,0.7254689595711163,D
425940,98,0.6074756115589006,B
427025,89,0.11361009392939836,A
769203,31,0.5738062241670803,B
596290,631,0.0335233014172337,B
249893,450,0.5100483487989123,C
598774,838,0.12868371010800772,B
647590,326,0.05788891374806793,D
880187,725,0.516753264657826,B
782095,775,0.782522793115157,D
553069,829,0.9914239470450739,A
494734,433,0.9510185211232073,C
304373,658,0.6712996775031912,C
716265,227,0.9668605001020594,A
738048,383,0.9895434226897367,B
476323,3,0.5995520617841613,A
311018,116,0.5949239324318207,A
700420,262,0.9101160303617819,C
260804,611,0.43095557591268796,D
434002,483,0.9501259439543738,B
345643,853,0.8519392334477728,C
369465,904,0.5518854120646173,A
908723,953,0.7021090407167699,B
103955,443,0.7980150583351963,A
583784,653,0.46042389388977545,D
338204,320,0.9475449713135636,B
655005,543,0.6527353002625979,B
794221,855,0.9936101699802372,A
695387,195,0.8105021069209813,C
338608,789,0.35314742143313593,A
336845,929,0.508905344146751,B
139281,2,0.37805978047089883,A
868772,773,0.5748714233090259,C
236570,789,0.8754168851850385,B
415880,572,0.3802871959890177,A
319952,923,0.8967621150554803,C
670844,956,0.8287739495463883,B
82258,58,0.6104003157282024,B
795058,362,0.1354822090061114,A
838067,246,0.35712048488691717,C
663374,857,0.10879792787765163,D
653601,600,0.03485660226164544,A
107563,71,0.4182443106037044,A
482331,288,0.5750671348477182,C
614601,530,0.8666531122029087,C
328130,714,0.7834123234947185,C
424210,953,0.12417039390123019,D
389171,954,0.8451163668294791,D
451531,912,0.7129896463411501,D
445140,367,0.48418886871681877,B
83607,562,0.7588541943560945,D
283102,359,0.9875559499069061,D
75064,81,0.7227405918384937,B
720211,737,0.4377331615510117,B
827854,137,0.8361390242157297,D
196812,694,0.9312282829031692,B
940548,233,0.6330524251634803,D
787644,463,0.4147921586202451,B
989916,970,0.933043531703527,A
963839,757,0.3107661134400127,D
447014,892,0.37933926744234714,A
980058,365,0.21699038428739026,C
143390,805,0.17926564648171595,D
385560,718,0.8685862519861377,C
246048,549,0.2576468614735977,A
860192,656,0.7492963552920816,D
243529,650,0.8752950833226043,D
909788,841,0.3200451429584691,D
145729,781,0.47020592094642144,B
257986,208,0.9104077725733535,D
233076,576,0.6253508423598173,C
29569,509,0.7456024659203891,C
206427,139,0.45707469811636114,A
848248,842,0.3682206843532111,B
57489,985,0.832165755136817,C
187926,580,0.15420046592673153,B
697926,337,0.2907291586154458,D
595109,647,0.33798795892733646,B
692643,191,0.5603037936207647,C
346084,445,0.05874717450674216,A
241301,14,0.48309507133824536,D
157655,219,0.2565356970434407,C
980285,442,0.1531841346446453,B
339220,852,0.9806825017809586,B
323140,21,0.0091953802117416,A
611966,375,0.6669395212873883,A
531260,820,0.7650805066622892,C
289755,182,0.9812885262752172,D
681339,867,0.6696790645235332,B
93697,940,0.19282089873877917,A
931772,490,0.3536681616535853,B
259521,220,0.5045034348134537,C
561905,809,0.7827683770180132,D
256778,112,0.3527080712573589,A
425336,678,0.18889372316150477,A
619073,217,0.28716341138562484,B
922206,795,0.005962481791183527,D
289676,511,0.30373114473089247,B
52278,754,0.0014003652174343628,C
273689,439,0.5013163010108617,D
336584,62,0.033224009527279885,A
47734,739,0.26664490248609973,B
961853,301,0.5925737797842914,A
383187,910,0.13752383845741978,A
778745,396,0.8395918325307143,A
527432,749,0.6816468734705824,D
716649,804,0.8807499259264248,D
366435,5,0.6731705743523879,D
62221,248,0.6471542477058696,D
691583,432,0.8537540904800048,A
253966,768,0.10863643379612897,D
159324,309,0.273668325193681,A
244305,821,0.22551399153302032,A
717406,774,0.8906652289461648,C
9025,284,0.3210312750702238,D
843493,994,0.4992139663547748,B
93953,794,0.05341160395395583,D
940984,175,0.401859968806205,B
669892,795,0.009388344046751262,A
736496,533,0.13986674881364536,C
404252,168,0.4074972885665642,B
395296,983,0.6020679603035186,A
762813,878,0.8699432454207552,D
89795,635,0.35512848928734686,C
862589,745,0.17048328215618347,A
881411,986,0.4810532350555834,D
929780,459,0.020101909421846975,D
22895,643,0.2578753954119507,B
427675,358,0.28499183010557205,A
188581,123,0.6038370843662715,D
902425,649,0.9732072492652745,C
577620,411,0.7122631005432737,B
777827,4,0.7238926850156325,B
543035,662,0.2646446435459878,B
244761,106,0.12725980152326088,B
705634,207,0.39054995490737776,B
966101,93,0.7443802095787081,A
949844,760,0.9957789133332245,A
187672,282,0.377076929107352,C
134071,716,0.8796281485217037,C
201280,247,0.08542906944244366,C
921079,346,0.5837119604949312,C
94117,511,0.8098782572754425,D
545607,519,0.6639934320694059,B
995855,265,0.7405775930474592,A
454182,584,0.38440852095855305,D
404083,466,0.1793615248115218,B
73400,591,0.8615442426879734,B
96048,318,0.7335092353257133,D
444167,550,0.8982745548052116,B
788165,90,0.0031245695685063746,C
354131,539,0.9731355271860042,B
954873,910,0.5663347526145716,C
985294,54,0.09960554544492417,D
974804,508,0.1492490753839686,D
417256,722,0.562929721471875,D
828049,514,0.14644648302478602,D
980599,464,0.3988890077566105,D
932861,700,0.6895995747587149,C
724400,929,0.43441642660156254,A
465504,321,0.00967882480824156,B
68913,769,0.043234265952403095,C
815577,711,0.11437738391677188,D
204948,256,0.11796847311362613,B
199994,327,0.46540594698256277,C
796699,630,0.045739659633927565,A
235394,944,0.07244284458415484,C
654431,112,0.4348363079448938,C
469768,96,0.40742164683038384,B
15159,591,0.887266901403732,A
719512,200,0.15978478897779258,A
399455,42,0.6687724190762566,B
433471,457,0.01116283472896451,C
561687,320,0.5424574852422156,B
199193,934,0.42511833662466303,A
130007,934,0.1395964785555811,D
120777,640,0.5472345395938494,C
983752,391,0.7461983891690833,D
238503,294,0.4987364804049015,A
232871,924,0.007694327796665568,D
791017,934,0.6822215823915548,B
660692,697,0.17258624822642987,D
521357,659,0.6808272863194592,B
268461,352,0.1444304086605105,A
931764,590,0.7668923829313478,A
555947,378,0.742800058056061,D
663929,663,0.8677010273718976,A
122139,415,0.21769455571780505,D
49674,469,0.3967785021855612,C
506515,879,0.4699335534904252,A
345408,351,0.48471772480376574,B
242940,843,0.4001383310966452,B
921897,300,0.08435402409621817,D
281302,350,0.15648082450405376,D
168184,837,0.8040959498477049,C
456941,160,0.34717629278270445,B
340310,760,0.3139573403361797,A
488394,260,0.46110116393303824,C
578315,910,0.3340170483990078,B
389611,601,0.5860759275191312,D
72623,458,0.174335602121792,B
501271,749,0.1336344997134875,A
524396,740,0.2694796106714874,B
702273,420,0.6621594586923291,B
634568,521,0.08650187750094507,B
631535,737,0.2649259644718024,C
788639,348,0.9634792501514103,B
80410,231,0.39230868166990573,D
66358,63,0.08347759025533363,B
959588,226,0.5578778253546292,A
583480,4,0.014264252368199282,D
95558,94,0.5078396371202192,A
715034,899,0.848222992911068,B
882977,914,0.9857005961163928,A
230662,400,0.5051447373620389,B
500902,122,0.07542571001685916,C
801732,61,0.6295096477779615,A
89060,563,0.8465415325168181,D
813082,263,0.037339873961110825,A
535485,979,0.35353855936994005,A
881532,892,0.18762711099302798,D
283718,76,0.14480230997317856,D
654539,61,0.024790264988175492,D
649309,139,0.7211051421197737,A
293119,786,0.5112644090453988,C
112640,774,0.3646490331087986,A
759,998,0.04836418623978467,C
893582,576,0.669702409309488,B
631049,741,0.8998435169714928,B
234963,392,0.9271421254706294,A
662972,399,0.9187842735370753,A
69620,444,0.20153674946938516,A
439702,652,0.04213388062271295,C
277396,998,0.3394659255700192,C
162912,37,0.6081093266303301,C
768987,797,0.7663548094237721,D
210951,482,0.8702996275336292,A
798974,438,0.800464099143257,A
808166,891,0.08107576020554874,B
661866,259,0.5121253959823584,C
713715,235,0.4328314977578115,C
891646,190,0.7145291979837773,A
741103,640,0.9043281347461445,C
490821,660,0.8168630088324432,D
407998,135,0.4674873878196618,C
242805,455,0.7713539865434235,C
942925,422,0.1914125054244279,D
796507,299,0.0721094180206775,A
529897,757,0.10448388005565679,D
410376,246,0.10751458755423104,D
561704,538,0.7499474439545631,D
359216,30,0.05019049119064045,D
727049,914,0.16747271566957822,D
252304,941,0.6774755136871132,B
627253,484,0.9856494032585458,A
938883,125,0.3748084142403627,C
169619,693,0.7137365423268573,B
716612,238,0.09620028940234648,B
819520,801,0.7166285450939919,A
210605,691,0.8837375203887384,D
336497,58,0.8295853244878157,A
942319,482,0.12935042438973565,C
486642,368,0.6110260550443414,B
919774,328,0.044495017430497774,D
290066,745,0.006374529951068686,C
586078,101,0.5079123732239594,B
908101,130,0.7921532668608939,C
57621,877,0.2416881109788126,B
310719,781,0.431402899868665,D
71695,495,0.4015142352273726,A
893279,385,0.08314564793329327,C
417106,93,0.1544951264066936,B
681070,968,0.8009410083646528,D
353614,886,0.9237703006400731,D
724560,872,0.9236209871977493,B
399060,88,0.709724673070282,A
412750,590,0.7156960917046905,D
634145,742,0.025754899373376938,C
437224,784,0.7785205141405058,C
736989,481,0.07334536994203533,C
998783,202,0.05408801038229927,C
303688,814,0.4789576439065203,A
456435,22,0.9397958526283668,D
912708,841,0.7373550162604461,D
586760,873,0.08495010984529716,B
744112,304,0.4030605986196423,A
526070,233,0.6086504517427095,C
416673,988,0.7956056031980198,B
98438,773,0.20020717154859902,A
835605,528,0.8425651068166837,B
632257,935,0.859096906882315,C
662748,701,0.6563623759446164,A
286156,208,0.94584184894275,D
344220,41,0.47742158278509517,B
579809,861,0.7121338317604298,A
113616,916,0.6311679708922778,D
182158,942,0.8587524993800121,C
322042,586,0.131642595945623,B
730740,59,0.12900196682727616,D
786271,680,0.9669700452275972,C
211568,325,0.9653649703720026,D
170580,752,0.8662381104899202,C
402141,130,0.17823850635498129,C
442724,424,0.6268894669845186,A
600554,882,0.8533653111965356,C
322604,387,0.5754232315256954,A
172665,778,0.7560468887025255,A
166614,755,0.44872253437883003,D
287553,336,0.05654502859006694,A
583526,904,0.2148633560326506,D
280583,748,0.8676422808697617,B
905056,290,0.2986514565749052,B
202235,206,0.9308191963554969,C
752648,647,0.5059991168851361,D
132306,964,0.7443409478200199,C
459076,653,0.8307605835116099,B
33958,177,0.8349803388016772,B
441095,990,0.665419101861943,A
252898,225,0.013883928352391717,C
320123,991,0.9534467234184466,B
286829,97,0.912192887921537,D
583457,196,0.9128793799539225,A
662811,353,0.376195946488071,D
717434,391,0.5516435317231977,B
226637,61,0.5214752406398531,B
897289,19,0.8352996206046982,B
162099,52,0.49816611996097604,C
948187,175,0.17774704411560893,C
916169,347,0.5322686014231396,C
360337,145,0.392785681523818,C
454637,467,0.38968331446822346,D
175776,363,0.11747841577009621,C
508403,137,0.8673541714159979,C
604897,239,0.025729537096889854,A
661829,367,0.35386672290748467,D
372656,516,0.8617357524859206,B
161703,340,0.9380783117891569,B
405224,675,0.9694604059680438,B
856,647,0.48897539370563115,C
519371,422,0.6916926799721003,B
287317,715,0.7805383067145297,A
361259,868,0.19171062058891408,C
490478,588,0.3286340594792895,A
910822,18,0.008958066951148314,C
659555,280,0.4200846287154457,A
391000,537,0.924705324493969,A
768402,89,0.41067456282612846,A
903665,788,0.8825646007672514,A
839112,943,0.30550017595945833,A
500560,892,0.5856225411088609,B
808293,781,0.5915290934379251,C
5626,896,0.25651742413631184,B
404438,793,0.17341193711778657,C
610858,151,0.6515720621371759,C
541306,193,0.992733186882665,C
151813,13,0.3899355314132896,D
800634,200,0.9241988822007717,C
376296,828,0.2479238047760185,B
167017,996,0.2083727078905837,A
101374,731,0.5644396929759377,C
104316,946,0.042954013836271177,C
412059,589,0.7132619190612098,B
755572,90,0.6490187655720498,D
671229,951,0.5546825881635522,C
201681,9,0.9469687907561994,C
291861,547,0.25949256944587606,B
887377,16,0.06173798392451513,B
404673,125,0.41975418005334486,B
967671,424,0.7136972624194867,D
899909,62,0.4453993010936018,B
111869,204,0.7116719666400599,B
493979,975,0.48511096702046497,B
590926,654,0.9611327575647746,B
113807,562,0.5520553577975602,C
388247,774,0.6543163298862619,B
49312,152,0.010455071523634785,A
661027,166,0.16857351995449987,C
243907,40,0.10994133851927979,A
42857,867,0.6796015618354102,A
186982,133,0.967413931929801,D
524098,186,0.6777155617683064,D
771346,342,0.5723093156883766,B
651525,488,0.8443920460568262,C
707694,134,0.13617054408536045,A
660463,769,0.7680318361071121,C
671174,726,0.22849923475926848,C
859441,591,0.4981689985263399,D
619326,998,0.8834756822307087,C
481922,858,0.40596717724191156,B
345150,137,0.7986381673623754,A
610189,590,0.26253829806093343,D
267254,618,0.6057462877083297,B
547439,491,0.23171241456473268,A
454007,278,0.24089078197081804,B
160603,718,0.15044898759726977,B
466154,822,0.6728416606690144,D
128943,951,0.016389296500117112,A
702825,633,0.4068129572946587,C
374464,611,0.20031480011804892,C
874570,532,0.406498453676312,C
566146,353,0.6116385251220873,D
285973,855,0.5165486400450116,B
835639,976,0.2393310988476347,D
704469,886,0.6313771063167445,B
51299,836,0.03316250019804412,C
978356,595,0.3596021383438823,C
314585,20,0.8707651655969394,C
864982,483,0.9841951600603688,A
290614,171,0.8589046878788685,C
489152,393,0.13586741892555632,B
634573,240,0.14087516798293465,D
974550,261,0.37017030118163285,D
421988,728,0.02386695067824962,D
570842,620,0.8968953860679699,D
984901,234,0.745266710979528,C
334394,687,0.337389449371422,A
550396,257,0.3088084292490808,A
809113,415,0.09949767481315874,C
140301,896,0.7628304784225101,C
90346,127,0.5678558052494018,A
13854,16,0.5622529957628835,A
815182,409,0.12373966279878568,C
502466,746,0.700540216485634,C
354741,471,0.10308038479685533,B
439771,408,0.9773569252198473,A
904360,101,0.5499124623958364,B
407883,869,0.9235898231696102,D
586126,145,0.7079167171994861,C
430295,903,0.881243921991933,D
108311,40,0.39503349544951616,A
197022,66,0.2978219784065702,A
9715,727,0.18918617787224667,A
951827,112,0.227651819256807,B
302605,748,0.7247589490876556,C
176547,196,0.28028129198392715,C
143436,982,0.35629258682695797,B
820651,816,0.08387846374981733,B
27955,841,0.44854565202381336,A
893363,743,0.16686829436400374,B
177274,677,0.10144291553202434,C
576586,890,0.4075081051286157,B
873781,198,0.7425481488521799,D
453841,891,0.6478602797963852,B
98688,154,0.949936637544953,A
291283,905,0.8306635471328798,C
295832,52,0.4927150231972597,C
135843,346,0.865066782576106,A
521499,987,0.9381171394493839,B
489902,324,0.20748331626864358,C
366859,267,0.8860556354784244,B
510022,288,0.8193626337169214,B
705231,910,0.2171630037591893,C
924142,3,0.4438095148065261,B
130309,137,0.6690233098329327,B
714208,934,0.7544697748125192,D
37131,636,0.4354862283679819,D
739010,76,0.3950545450734775,B
475845,404,0.7822173884809164,D
591558,499,0.9491121369468488,C
477968,472,0.661563955781042,A
600217,917,0.720512201433389,D
904308,797,0.9788658690406933,B
179088,759,0.6028216527774597,A
445103,425,0.7681348345475708,C
956603,869,0.5668717703730126,D
337393,324,0.5655930239520441,B
134294,709,0.6090398646089742,B
204979,530,0.8245898056754267,C
689582,864,0.2846390733331221,D
590274,199,0.13478458576304664,C
547245,534,0.2850963843569887,C
167629,668,0.8765353891815055,A
511657,431,0.027310122407381066,D
592216,879,0.9375566296124828,C
925177,540,0.47070992583822235,C
467054,626,0.2113113409355316,D
917746,779,0.11661611776485403,C
580630,943,0.9854657294929507,D
354532,152,0.7679800490811529,D
495461,300,0.9855328896545348,A
670509,620,0.15251677462467217,A
379704,24,0.46605546115614105,A
842380,482,0.17683919013653793,C
700077,28,0.5812777980781605,D
841789,874,0.2553609100376778,C
381834,250,0.04893562239314808,B
705650,331,0.06707497721211586,B
901134,758,0.277809416154995,B
929956,659,0.4942105297185331,B
744040,649,0.1621375372692968,D
526184,89,0.9244648950372261,C
288122,600,0.7875658809225289,A
133954,495,0.0012684611777864507,A
427294,99,0.45276300026281724,C
775169,394,0.5153035198820652,A
764278,846,0.31295084881381574,D
629872,258,0.9336872749601844,C
535193,910,0.6274009782240312,A
911243,960,0.860925719370106,B
674790,452,0.20340130798785638,B
330717,813,0.08058806601979684,C
50085,468,0.9872922182583065,C
632215,73,0.47917977177598303,B
282444,622,0.6023458998227648,B
680447,222,0.6825343769925601,D
702136,823,0.25301218488743205,C
629673,407,0.17377943865135803,B
796090,536,0.7931042219369607,D
645986,44,0.9606863395933409,B
645071,253,0.8539945324404453,C
896798,608,0.10989438275362418,B
115204,816,0.7518338754631056,A
398267,785,0.17127313040601322,B
554360,8,0.9250241435340036,B
537782,317,0.42609047599184946,A
826246,120,0.195608549788031,B
779887,55,0.8053649727944012,B
637640,878,0.5346538900868579,B
937435,663,0.09655508130221602,B
581888,820,0.19834505859291884,C
456537,814,0.6795570266419838,A
859073,442,0.8674601601722652,C
352756,580,0.1080804313309538,C
236991,311,0.13211086267264582,A
118203,797,0.23090845751389677,B
674740,470,0.2617299843446952,A
532582,309,0.3569468386504141,D
983990,500,0.9744225266498873,B
371309,633,0.2037098338692529,C
435831,243,0.36925685181324697,A
17681,468,0.33487863558639674,B
180738,904,0.0706893464077738,C
745206,541,0.9604149790569759,A
900267,292,0.0032019219972158064,C
682031,580,0.21630286324473558,D
879446,802,0.8503958136154078,C
397966,740,0.49742055489866555,A
460478,134,0.06165058266496892,D
314643,507,0.053568955961275866,B
400991,594,0.5454781476261891,A
750243,8,0.5619163169253854,D
853924,320,0.8675887190252805,B
712845,920,0.2644779899828441,A
70215,656,0.8992747378514855,D
160578,429,0.5091975521417166,A
132243,91,0.6542211396960635,A
942816,994,0.7880978475007052,C
407955,90,0.7690394102051178,B
695136,439,0.6275951276576688,B
480079,702,0.08779178104696705,A
125135,559,0.8310758439450878,D
880408,360,0.5365905243211132,C
475183,395,0.6455783022221573,D
934359,767,0.8371608690026415,A
673699,328,0.38840836586896765,C
469,45,0.9777547711488905,D
762245,770,0.014901721526731526,B
397777,753,0.4648121962327969,C
991029,74,0.024422478976581008,A
954521,950,0.8387467411430884,C
146541,742,0.3276244343864195,C
307524,388,0.97940215055022,C
773647,353,0.5397334809872882,D
235253,624,0.4900103789507886,A
407066,757,0.41160786278402706,A
936267,731,0.8173712448394724,C
115697,124,0.3391832983282419,D
743156,452,0.6228483591262451,A
677810,857,0.7250595836191014,A
517559,602,0.19972233160295294,C
884526,562,0.6861491670369866,C
889874,708,0.6828961887351744,A
725634,521,0.22721959912485845,A
558639,487,0.3325307929570749,C
800590,921,0.22872376390061644,C
572593,796,0.42165651688142025,D
82841,450,0.3281194398004956,A
605962,998,0.8728359354781298,B
291155,505,0.9514299261531254,C
754005,893,0.5023971087029963,B
992225,644,0.7953381980991521,A
673181,138,0.5727196150928169,A
489284,55,0.21261799567890438,B
158753,74,0.5960164307238781,C
218972,637,0.6123828237248553,B
981265,799,0.8919100608380217,A
26288,759,0.4402743105025826,C
655644,727,0.059520028594509444,C
853668,74,0.6113525223561839,D
772202,438,0.9549906652865564,D
491507,921,0.2672263459710572,B
321282,923,0.6341191150642392,D
894124,870,0.371195327193678,B
379784,792,0.9379214170834861,C
30191,595,0.20576784555260674,B
923204,969,0.2399117350574913,B
658690,234,0.7720232171141393,C
343015,855,0.5196570670266489,B
178365,23,0.07305472124079282,D
962034,972,0.7201053585083111,D
279804,948,0.13696475473039182,B
368293,592,0.03947855062697658,D
968704,760,0.6079932660882784,D
16041,774,0.022353025216730327,A
820890,822,0.6679296562609883,D
296434,761,0.8892015280702205,A
445804,253,0.17431239393611186,A
28213,743,0.30303557063784037,B
604448,815,0.27988262997936975,C
147094,624,0.11613777873608899,B
608189,27,0.17105694457489962,C
305974,684,0.5525192096666113,A
896702,184,0.08155736623194398,B
418223,321,0.11223316769369185,A
567235,922,0.7105602371684133,A
584703,545,0.456221573094456,C
121241,904,0.10646605897538997,C
502432,113,0.5124651645010293,D
838607,981,0.6916731146640362,B
992624,70,0.7635231824283366,D
360224,708,0.017904935827475432,B
925340,74,0.305977398371563,B
962178,269,0.9379967151991437,D
33835,17,0.25186630641705476,C
441257,726,0.8460046440654341,D
278482,862,0.248179134282703,A
608119,808,0.030062871053382345,D
43827,192,0.08079284284752764,B
98572,856,0.04253185149145455,A
888535,491,0.2080561238155394,B
219359,308,0.26520377250133065,A
69360,602,0.6984007319800414,C
951824,168,0.5196721924842922,C
692139,76,0.3181720081455117,A
45057,841,0.09729070105345927,D
596618,331,0.5297364328660664,C
891411,413,0.21926147342672764,B
267920,634,0.5965396229229131,B
202620,930,0.003145332187609151,A
916043,642,0.8037717242453197,D
274112,128,0.5788987832058603,B
381476,82,0.6017059052367063,D
283206,231,0.5328131233983417,B
478770,250,0.8760371058609562,D
458974,21,0.8130142279435655,A
387849,933,0.947257479235063,B
643783,918,0.059131196819455445,D
127194,596,0.4616444353637116,B
384768,850,0.5272941947326117,D
357420,5,0.4384848853875488,A
46008,786,0.7736280029867413,A
737750,504,0.01697015968100557,D
281917,995,0.09205135579582169,B
2190,536,0.3409096635852459,C
868556,122,0.9572589574982657,A
391584,566,0.17444110544238878,C
332156,339,0.8445256323165419,A
741436,875,0.22039901684348773,A
82261,330,0.8508724215407478,A
931835,468,0.9668497112764444,B
123778,192,0.5758537614622212,B
771855,343,0.6705152366188823,B
406697,286,0.4821388697497042,B
961941,136,0.17770741947159285,D
82524,827,0.509908189163929,A
432957,182,0.6774284204734112,D
443737,451,0.5527521302346156,C
106624,159,0.6787403231308238,B
813384,518,0.05256421226410857,D
585637,814,0.015216711852595988,C
85364,139,0.7994091244788437,D
398849,981,0.8675223174399744,A
247086,330,0.9811381715870453,C
258623,862,0.503972087009054,B
624125,580,0.9374032931262467,D
555274,194,0.40196124131955635,B
300888,688,0.8328743531224749,A
701469,354,0.18943888575182666,A
940741,59,0.8945355525234705,C
606699,690,0.12091097993200717,D
873021,197,0.132612744753832,C
42325,270,0.1388642086329993,C
488232,261,0.024551037094048378,A
533200,987,0.7703315763823121,A
436925,985,0.9591087682081622,B
152068,298,0.17993470421236357,B
491615,777,0.1374286578434889,B
301229,91,0.8582208424777679,B
950011,258,0.6356203121639884,A
58591,505,0.08434575761471363,B
861819,840,0.596304674880937,A
780589,351,0.8628174226891298,B
999641,782,0.8136407233914158,C
108132,505,0.6423440307211972,A
612578,900,0.7738069285007433,A
937946,825,0.8667850470355657,B
301282,83,0.6521897165378523,B
660821,675,0.047887581471486196,A
896400,802,0.5273621885499226,D
794694,562,0.5980229316540336,D
568901,341,0.5664938734470131,C
283613,254,0.21383406940459182,C
61976,532,0.170267989365111,B
622261,133,0.44740265225183407,B
711952,346,0.6685583399403635,D
244903,444,0.5211307096602473,D
378339,546,0.8615312172710955,B
188044,458,0.001969754920730038,D
851336,437,0.4648348898559843,C
866867,518,0.12377839605598506,A
957687,785,0.3753108526844591,D
281032,485,0.674276077775909,B
379711,432,0.40065689607923427,A
824822,343,0.8143521539983437,C
19904,586,0.7624261063620751,C
697680,933,0.35553471387458657,D
769416,812,0.10556854783617076,C
702134,565,0.013439160121477056,A
969893,633,0.028203104074280727,B
770893,187,0.48316192266408475,C
526159,36,0.19575337363258238,B
839620,529,0.06251012450609916,B
623933,117,0.3174232229230517,D
658617,553,0.881955142181757,C
205527,747,0.1185915037132288,D
272430,970,0.3993170500081791,C
302555,196,0.7509873585585497,C
392631,0,0.8316693976331768,A
361406,328,0.49150233723891146,A
79286,858,0.7287917462330324,A
469101,685,0.9405571556277649,B
60096,606,0.14346634680267312,A
441893,357,0.5190566734749292,D
929525,502,0.9015025501490502,B
33621,930,0.7866820268396063,A
786891,457,0.33669531441664746,A
652114,131,0.30794647212617665,C
31785,178,0.8788599286889515,D
822924,318,0.7366560773639,A
246051,205,0.4836742569879118,B
447949,73,0.42634247087685295,B
794206,950,0.7392088978292026,B
968780,239,0.8794831593347728,C
101217,361,0.19210512998128737,A
862727,60,0.9945660337888272,A
423381,973,0.6500149224425282,D
242168,267,0.3693787409760354,A
769705,959,0.5112396248817751,A
719344,347,0.5235910372467925,D
674287,160,0.605350848370874,A
95709,13,0.649880119629009,A
329086,940,0.891668290581768,B
565797,248,0.3481279011308408,B
156498,3,0.2628992969581595,A
600496,533,0.3670023586057354,D
973639,200,0.535895042932867,A
979772,89,0.11481873296555434,B
283612,480,0.7606710028552094,D
940816,737,0.966578439538453,D
384481,834,0.050111177396464535,A
700546,49,0.8351920609884302,A
497883,524,0.5962181033498173,C
611334,680,0.7850432600422529,C
106431,29,0.3646088859899058,B
719099,496,0.5800324071329532,D
787578,906,0.9909693839814403,D
627600,572,0.04836344460206088,A
415578,121,0.6950099864897336,A
781861,763,0.23570267821966606,B
555191,248,0.31262073820702685,D
266653,924,0.7560659926299348,B
306757,943,0.7975053974053354,B
139070,364,0.9264848217361208,A
998595,135,0.11686004486992163,D
811531,408,0.5879444314550072,C
954299,272,0.9141793776355237,D
779959,527,0.1754006930829558,A
199697,586,0.019939905296318283,C
101246,798,0.1910792212234833,B
11542,232,0.7455861152150405,D
507819,401,0.8047789326442585,B
54732,498,0.8046755139098309,A
200704,482,0.034934565918104954,A
813790,912,0.3984462211068299,D
371991,186,0.4250580852244088,C
686676,671,0.08575748590312449,C
213504,727,0.16924205855907515,D
713061,998,0.26942484423279633,C
273991,182,0.9871324099238571,A
861262,877,0.8210362826026523,C
891248,119,0.9151104811256714,D
671488,410,0.30770138695899607,D
871676,344,0.7319997277499107,B
638730,544,0.9527620496114,B
5467,246,0.7589110422792222,A
245428,723,0.5007420896251075,C
922075,934,0.4132681261647997,D
640573,652,0.11558934525670261,D
42140,183,0.6577314713676,A
244376,444,0.18941226023118773,D
126811,874,0.9476330034200883,C
959256,698,0.7775695478239781,D
847987,780,0.8356844517281359,B
364832,393,0.45646613748717435,A
457113,644,0.8726797685507581,C
513705,859,0.10277765383805082,D
4217,930,0.5196534759047281,C
334522,127,0.8472694883257914,A
630087,723,0.3238900099257028,C
244597,867,0.21037946916675954,B
428574,460,0.07980370482263499,B
489122,56,0.8898392045799131,A
217370,0,0.08514123241036753,D
54345,178,0.7160651482079128,B
927433,239,0.6699445927452176,A
283512,627,0.9887781164944814,B
278133,269,0.7512458625568623,D
82775,455,0.7210483172078129,C
248471,821,0.6612314270763721,A
804353,442,0.6926209394763032,A
103448,100,0.8416966633663451,A
737699,349,0.7156029786685275,A
771878,441,0.5945932052295174,C
652453,389,0.6697405863638002,A
518419,553,0.7889391009494925,A
825922,631,0.3803412644620544,A
213637,770,0.2989990602188809,C
799707,995,0.8235004403153052,B
934774,783,0.16894413997478552,C
424519,343,0.8307509293667951,C
726963,2,0.8502896694200826,B
90504,378,0.5238723768884535,A
738129,598,0.23559378405835152,A
224342,59,0.48825674792830986,C
629003,414,0.907708838515307,D
540753,704,0.15864303631857102,C
422847,797,0.1599231896194493,D
367279,884,0.5561679874219396,C
471203,368,0.18977136411318352,A
828737,215,0.8601645341179524,A
308826,952,0.6645702390164367,B
267982,782,0.7440553580188844,C
468894,146,0.26342997724032613,A
17507,689,0.5740141041323491,C
377586,515,0.8697071640278,D
993781,920,0.007122967318133555,D
698242,992,0.7581792031747153,C
348447,516,0.09087616849972502,C
657678,103,0.39191525559216267,B
508939,780,0.008768286965684102,A
897518,366,0.934792952069061,B
588953,967,0.6345951377345339,D
104359,691,0.26816295622490893,C
462787,209,0.9703221003419185,A
102714,608,0.20787430680042396,B
807329,275,0.6129297617928608,B
286597,313,0.05509628067990846,C
235754,405,0.21203297041706437,C
255774,699,0.19137942802028662,D
464343,730,0.08777723808943672,C
748046,113,0.3297503260689547,A
113411,914,0.9421387446161533,A
168561,920,0.6867696499551799,D
914485,305,0.6204483466160046,D
177442,279,0.018386739503098548,B
799069,289,0.6171740862427475,B
114391,217,0.3338077882040007,C
731610,13,0.7516100722646344,B
805471,732,0.004732502402110206,D
287259,71,0.5219945188279347,A
843231,647,0.6268289049739093,D
776780,974,0.4934572618963732,A
844574,682,0.09811965029418168,B
938079,796,0.08272128570752035,C
587478,124,0.8801203558107054,B
644866,929,0.4646468716184031,D
98707,387,0.9000480263908128,A
922501,561,0.036233305764294954,D
641680,251,0.4165136214008963,C
372763,48,0.6879897314759617,D
186524,290,0.3006513133426697,D
243150,491,0.9457887118846983,A
282331,951,0.1846425988646383,D
73934,900,0.9567429993256179,A
475674,290,0.41123824771397943,D
235202,288,0.2611144603979896,A
724971,586,0.7502883957671279,C
485701,212,0.12792866636626743,D
622823,532,0.03689500008060742,B
229695,686,0.4208087951179452,A
793983,401,0.026714578207921336,D
350130,312,0.7362842302721794,B
502533,687,0.6656963729267326,D
179536,944,0.19650449770835487,D
722910,886,0.2886420634753014,B
673048,821,0.4689830381592831,C
329960,991,0.34358081527032747,C
247729,357,0.03614095262228978,C
604721,168,0.9769929047202138,C
981504,132,0.1611737371000117,C
555512,363,0.4513905069748235,C
369379,746,0.2141368180629366,B
842449,253,0.7714951740593063,C
594104,236,0.49638470029923576,A
19878,759,0.6793422539489814,D
288195,64,0.32675222941754134,A
801403,320,0.6632407299408928,B
689103,849,0.5406780785289377,C
489665,92,0.4062547143563261,D
783533,653,0.8862759881585213,B
810357,63,0.561141089699624,A
171415,982,0.9638643697587095,B
348774,394,0.18995887558632762,A
756644,4,0.9983686017805765,A
860346,695,0.18040877719554738,A
508757,89,0.2627055479308952,D
167955,651,0.7557241422478085,C
706098,346,0.73373198022943,C
792664,689,0.9542181054400986,A
892153,802,0.9801109140663145,C
546187,934,0.874576384286467,B
24502,118,0.10163526509857734,C
274638,751,0.3898327843949506,B
619310,134,0.860446486095946,C
791411,665,0.9670140987552083,B
526165,527,0.5770555318234372,C
528278,995,0.26754218594653356,D
312613,478,0.0976136326467919,C
573576,622,0.6565061284361545,B
333991,121,0.904787846495546,C
411373,836,0.7435248175945891,B
591350,499,0.7118084695218063,C
502816,906,0.9224797659312394,C
410054,334,0.4244685812126239,A
94654,76,0.48160585423526014,C
720982,768,0.5908335969875035,B
918451,138,0.14075264465878112,A
830123,102,0.03965329314720922,A
461095,934,0.3297270615476581,A
982610,32,0.15402912554436665,A
304377,713,0.8239752486663655,D
715235,990,0.07068977610517735,C
592370,10,0.7799861211003281,D
968411,376,0.915795665026698,B
389725,25,0.15132756789910395,A
971385,656,0.17602601709701726,D
148921,725,0.7232155150220064,A
270550,834,0.16359327433485993,B
639559,891,0.49306813376673464,C
318596,258,0.9327012222543773,A
443558,166,0.2033460010624183,D
147582,979,0.6326679956772472,C
301427,919,0.8650142666412937,A
566261,594,0.4801860147667717,C
358184,199,0.21534993203362018,A
809941,143,0.34945978808911526,D
691186,926,0.2263390573087103,D
681258,649,0.9401662696728205,B
539964,527,0.6149384502697298,C
907657,893,0.6744373432201635,B
57265,171,0.4145637995139274,A
828941,233,0.6357435468214654,C
802612,931,0.24053922487313018,A
477296,209,0.3066549361195695,B
184071,645,0.48693239625854967,A
994780,876,0.664617558582112,A
942655,215,0.5256831710601596,C
687038,339,0.7026327438551178,D
489998,193,0.9042494186788717,A
403473,921,0.5021714612148059,A
689069,195,0.7775706706040395,D
489667,948,0.950555974365001,A
566485,83,0.2025500535577095,C
146832,416,0.32512882324172043,B
577701,708,0.8610324878777463,B
113486,506,0.02894334985842517,C
923464,745,0.45599461744890035,D
197408,714,0.8590839211157216,A
171592,9,0.07639966311739643,C
337281,186,0.6582285469701786,A
937545,761,0.21486520536237863,D
126590,646,0.05537218250076814,A
115771,433,0.38347638646342685,B
868545,448,0.751679948051038,D
918020,339,0.6730194985658321,D
910961,392,0.053405218772932916,B
190765,585,0.9872491294882665,A
291082,793,0.5093894249866587,A
143225,527,0.06059809586569698,A
141547,403,0.6461459990456055,D
847642,266,0.36150315370391717,D
90683,949,0.46648853292226333,A
77578,990,0.9956016254474856,B
809764,743,0.378496532095167,D
979851,293,0.5274228504891352,C
100701,227,0.6904281032065794,B
57309,357,0.2249346446779732,B
308090,900,0.9577362594040153,B
664496,814,0.9587519607164089,D
797639,358,0.17741262249358059,C
741431,260,0.33348494815880336,A
680976,131,0.6007852207709599,C
767726,758,0.8137822182762213,B
659958,206,0.10484330718577273,D
490667,976,0.535473889717797,B
221431,945,0.3369712631593458,A
269438,590,0.007069824537705771,A
792156,849,0.793671673201939,B
67590,540,0.47212817167412724,B
70653,808,0.814276311279517,C
683348,24,0.18487159836381317,D
211367,21,0.1019687147958771,B
915448,559,0.6284076494013219,A
979915,786,0.020817764631639424,B
983230,355,0.5094227247296633,B
992749,478,0.285336665589488,B
217691,847,0.6988475498683855,A
360152,122,0.5139723823307706,C
661287,557,0.8082050583992679,D
885990,456,0.5202062923933883,D
739910,487,0.547905084056361,A
591475,974,0.6703433607872171,C
857821,438,0.8021328085626436,A
388527,226,0.2060202311486229,A
931638,959,0.08000719387240374,A
929910,983,0.8159418018835147,D
290384,401,0.10743684288123645,A
837917,825,0.4047106081956685,B
832460,46,0.5806428939172461,A
927076,545,0.13477543657929836,D
897254,756,0.5608593427050613,B
216377,121,0.2946305105078708,A
