id,col1,col2,col3
1000000,758,0.8921795677048454,A
1000001,432,0.03178267948178359,A
1000002,718,0.5449414806032167,B
1000003,284,0.8094304566778266,A
1000004,270,0.8071282732743802,D
1000005,127,0.9731157639793706,D
1000006,633,0.8854517479368068,C
1000007,196,0.7045718362149235,A
1000008,233,0.7730683407886919,A
1000009,854,0.36483217897008424,C
1000010,663,0.07140250957854832,B
1000011,746,0.24481092515142622,D
1000012,704,0.5569497437746462,C
1000013,897,0.717914270718976,B
1000014,511,0.39563190106066426,D
1000015,574,0.5389772896672904,D
1000016,408,0.36199644371361095,B
1000017,505,0.09090941217379389,A
1000018,432,0.5964090307319738,D
1000019,479,0.529114345099137,A
1000020,738,0.11455174298368664,C
1000021,348,0.11155217359587644,D
1000022,896,0.7196806688859242,B
1000023,934,0.10641082279770497,C
1000024,519,0.6089702114381723,B
1000025,940,0.0005718961279435053,C
1000026,969,0.0787570482913661,D
1000027,169,0.2650566289400591,D
1000028,706,0.2011510633896959,C
1000029,665,0.3734205025292938,D
1000030,225,0.0071908389850935395,A
1000031,497,0.2142368073704386,B
1000032,957,0.8823830751407377,D
1000033,55,0.6733645472933015,A
1000034,459,0.14018229709477448,B
1000035,100,0.05058832952488124,A
1000036,980,0.730505317415466,D
1000037,161,0.056879579728684515,A
1000038,882,0.2352038950009312,A
1000039,252,0.5789190575072106,A
1000040,83,0.4192249153358725,C
1000041,660,0.2999970797987622,C
1000042,102,0.073260721099633,B
1000043,271,0.1324565703664673,C
1000044,309,0.6116777657259501,A
1000045,836,0.5546022824896778,A
1000046,215,0.7176121871387979,B
1000047,649,0.8529128153918973,D
1000048,437,0.5609068647747464,A
1000049,565,0.14809378556748265,B
1000050,255,0.666933410635543,C
1000051,905,0.8747127235410912,B
1000052,884,0.7350575388278761,B
1000053,521,0.39967838436006087,C
1000054,805,0.31367731419499123,A
1000055,194,0.25472250613858194,D
1000056,703,0.7194299991448455,B
1000057,321,0.6633874762655443,A
1000058,921,0.3003222682112642,C
1000059,418,0.32618290485739987,C
1000060,130,0.19184009299014748,D
1000061,766,0.9028055457325826,C
1000062,853,0.0004059396972875273,C
1000063,670,0.32224922973653813,D
1000064,218,0.5111739968745871,B
1000065,86,0.28378640499302743,C
1000066,589,0.1944352367397093,D
1000067,475,0.05021838514064092,B
1000068,543,0.987892453066448,C
1000069,834,0.7192739612759671,D
1000070,456,0.8972081032332622,D
1000071,496,0.6267484369817813,C
1000072,82,0.13837406151615572,B
1000073,156,0.7064191416945522,A
1000074,477,0.41577423410315595,B
1000075,968,0.6955229864979681,D
1000076,765,0.7346340607563577,B
1000077,817,0.4043166691376371,B
1000078,577,0.6629997568361613,A
1000079,438,0.13569948723056424,D
1000080,53,0.9999078285092092,C
1000081,41,0.7542332040595262,B
1000082,117,0.5639695819300191,B
1000083,262,0.7668980983562408,B
1000084,621,0.9637347441012087,A
1000085,26,0.9288871684071216,D
1000086,203,0.07599647784305996,B
1000087,614,0.8055279636461664,A
1000088,438,0.6615213406873559,A
1000089,663,0.3412311748612832,D
1000090,912,0.8287073110024582,B
1000091,276,0.615912354053551,D
1000092,606,0.26839553804922534,B
1000093,684,0.37898930412826404,A
1000094,718,0.8801073452552302,A
1000095,970,0.19105642352709884,B
1000096,416,0.48857784684878736,B
1000097,487,0.6459028997409523,D
1000098,249,0.3062060301300884,C
1000099,543,0.34375739414620254,C
1000100,464,0.27091642697619633,C
1000101,189,0.19154097301054474,D
1000102,603,0.9766070228830568,C
1000103,966,0.1262794929584089,D
1000104,971,0.3038355118422277,B
1000105,610,0.7907408298434194,B
1000106,389,0.45051446488875424,D
1000107,439,0.3053802443193604,A
1000108,983,0.740089305484545,B
1000109,216,0.2646461252900074,A
1000110,608,0.46991247900768585,A
1000111,880,0.45403132640704325,B
1000112,603,0.6611830428533678,B
1000113,766,0.8242403013200092,C
1000114,412,0.9426762407440408,D
1000115,330,0.6037136409459106,A
1000116,601,0.9507862778063524,C
1000117,41,0.7631090041717055,B
1000118,667,0.44222940442020287,C
1000119,107,0.8577330944003526,C
1000120,507,0.28821779536145575,D
1000121,37,0.45482590860172945,C
1000122,844,0.9881192147817541,D
1000123,774,0.4984931023821886,D
1000124,496,0.12142608336261984,B
1000125,162,0.3107501383933351,A
1000126,417,0.09320920128152255,A
1000127,298,0.5088720150695117,C
1000128,900,0.13650834459086458,A
1000129,273,0.8205494731855784,C
1000130,305,0.8374759226064213,D
1000131,781,0.543430062958673,D
1000132,935,0.8114089025648769,D
1000133,811,0.820747551709555,B
1000134,339,0.8697003133622154,D
1000135,993,0.15436121877154885,D
1000136,709,0.39748332388577345,A
1000137,879,0.5336223123968347,C
1000138,735,0.8874386829093233,D
1000139,36,0.6174594616027231,B
1000140,700,0.9209290987802967,B
1000141,92,0.4339714719231257,A
1000142,720,0.8725792326070907,D
1000143,698,0.7925194738809532,B
1000144,699,0.24082979185631304,B
1000145,9,0.898908531700321,D
1000146,559,0.15797562207178695,D
1000147,306,0.6389387023600122,D
1000148,256,0.4568358126677865,C
1000149,302,0.9926920436268976,C
1000150,996,0.04904425077599994,D
1000151,773,0.720928376670709,B
1000152,99,0.9034037040729679,A
1000153,425,0.17564007044430663,B
1000154,897,0.9714895812113399,C
1000155,891,0.3387152538018863,A
1000156,406,0.9672697473000323,C
1000157,126,0.45478602773387466,C
1000158,390,0.8224173012267743,C
1000159,335,0.9152559087431594,B
1000160,64,0.6354039223779391,D
1000161,309,0.6492394462845911,A
1000162,138,0.3886458311501425,C
1000163,972,0.7431401215231715,D
1000164,760,0.7265991505572416,D
1000165,101,0.8336930832963215,D
1000166,376,0.5444658614821449,C
1000167,611,0.9710933120649863,A
1000168,212,0.5863830835815619,B
1000169,431,0.5260855265978671,A
1000170,607,0.10905401000384551,B
1000171,44,0.7272429971637352,C
1000172,987,0.031150639510343914,D
1000173,110,0.4902688541442253,D
1000174,151,0.06568223332011391,C
1000175,648,0.5853646885481211,C
1000176,543,0.2948977459498898,D
1000177,666,0.877706213064214,B
1000178,97,0.312548349997133,C
1000179,261,0.37430102343553684,B
1000180,945,0.4742678855891027,A
1000181,756,0.3726468593759036,B
1000182,61,0.586465082739477,C
1000183,125,0.4108086329221582,D
1000184,52,0.9683986253114745,C
1000185,997,0.7674325318517301,A
1000186,951,0.6578312279988884,C
1000187,673,0.40078434399951557,B
1000188,648,0.971810318758019,A
1000189,543,0.21513288003351094,D
1000190,610,0.0849570399771793,A
1000191,434,0.48566170489099625,D
1000192,498,0.5269341071481448,C
1000193,56,0.007687085899882873,C
1000194,235,0.5002623465562132,C
1000195,414,0.7094989615689342,D
1000196,941,0.3618526912341258,D
1000197,80,0.39576669685933297,C
1000198,347,0.22157205889425136,B
1000199,522,0.19390370626690034,C
1000200,981,0.8189486015248519,B
1000201,77,0.17714612894722914,D
1000202,778,0.5794680897064898,C
1000203,323,0.1509574013930769,A
1000204,310,0.7963296791514282,A
1000205,75,0.31040785060631093,D
1000206,567,0.9542314767227902,A
1000207,667,0.18823946506922506,D
1000208,154,0.957722358866585,D
1000209,86,0.5045490015009574,B
1000210,535,0.6098054063226744,C
1000211,612,0.05236551753600627,C
1000212,395,0.2841469738781137,B
1000213,715,0.6621351569291799,B
1000214,725,0.9380021995657608,C
1000215,385,0.6434932633613195,C
1000216,701,0.9124479854583244,A
1000217,686,0.4234063663221037,C
1000218,904,0.5265316295455954,C
1000219,134,0.5972464410716285,B
1000220,828,0.9026559827144381,D
1000221,243,0.969588603408625,C
1000222,802,0.44892796303334037,B
1000223,451,0.4616799784409892,C
1000224,540,0.4186608267297458,B
1000225,956,0.10258973174840935,A
1000226,150,0.8310467186381858,A
1000227,382,0.23577807386343264,A
1000228,851,0.1387926918181862,D
1000229,5,0.9058574891032708,A
1000230,623,0.5277715058867243,A
1000231,468,0.06280715101106382,D
1000232,548,0.016435352205894427,B
1000233,147,0.29127198777525787,A
1000234,361,0.24056423880654354,D
1000235,998,0.36060375770687547,A
1000236,16,0.3570938765147329,A
1000237,179,0.8303836567636027,D
1000238,490,0.6317358477583378,B
1000239,407,0.9891227022961234,D
1000240,450,0.8946374949550533,D
1000241,273,0.8011480874017738,D
1000242,734,0.4261160728830454,D
1000243,445,0.2745553600748576,A
1000244,820,0.7498979842618898,B
1000245,800,0.4381728249400777,B
1000246,33,0.6050948288547855,D
1000247,285,0.24961165309339794,A
1000248,396,0.9135425058131866,A
1000249,456,0.21457042542371974,C
1000250,938,0.9986288435101524,B
1000251,355,0.7095404868195881,C
1000252,653,0.17409100974870007,C
1000253,229,0.12136245507845689,B
1000254,132,0.6119483626205209,A
1000255,736,0.4786651099152539,D
1000256,75,0.12532678225919403,C
1000257,75,0.4499744956629961,C
1000258,655,0.5877859904018278,B
1000259,932,0.8682116274193886,A
1000260,156,0.3041245428074678,B
1000261,230,0.34602308234187307,C
1000262,281,0.1251702951269027,C
1000263,546,0.09342840688357601,B
1000264,964,0.5806465011402537,B
1000265,639,0.720632768437273,C
1000266,42,0.825236267326632,A
1000267,271,0.6511299774855999,D
1000268,654,0.030285898581430715,C
1000269,979,0.30209411295462263,B
1000270,415,0.2974338714297423,A
1000271,61,0.15808044701520718,D
1000272,326,0.7341997548045468,C
1000273,108,0.31911588640315725,D
1000274,428,0.2482702803811866,B
1000275,738,0.31271492086227304,B
1000276,478,0.49875970839765416,C
1000277,468,0.9666866305524754,B
1000278,361,0.04865813292965593,C
1000279,903,0.8428496469129624,D
1000280,8,0.8471723653934679,D
1000281,199,0.36252377594428453,C
1000282,286,0.8253113179586135,A
1000283,961,0.36560637321297207,B
1000284,41,0.04530335246707473,B
1000285,341,0.803965855194212,D
1000286,862,0.29923434252831826,C
1000287,848,0.5097141007508325,D
1000288,576,0.2997905647374137,A
1000289,112,0.9798980311791619,C
1000290,893,0.6880436512027717,A
1000291,485,0.2655304369857213,B
1000292,52,0.58352327704764,B
1000293,644,0.7211828352491244,D
1000294,793,0.6114780598917674,D
1000295,744,0.06228128601443195,B
1000296,212,0.5608867729086393,D
1000297,385,0.31375259873781713,B
1000298,350,0.5462732192448302,C
1000299,495,0.1922641691367134,B
1000300,305,0.2248670379928167,C
1000301,212,0.690239911563607,D
1000302,956,0.9344853892580073,C
1000303,80,0.3463635140956165,D
1000304,262,0.7473384997180049,B
1000305,712,0.2716214667057466,A
1000306,758,0.5868304985708152,B
1000307,204,0.7559110594087395,C
1000308,60,0.9079369587356224,A
1000309,587,0.232220199221017,A
1000310,109,0.9284548460170171,C
1000311,556,0.5243185348355205,B
1000312,479,0.27283708149799246,A
1000313,190,0.014084195618464745,C
1000314,690,0.7572827502575612,B
1000315,876,0.6387257940846887,D
1000316,335,0.0867377698483559,A
1000317,740,0.5728773475545327,C
1000318,368,0.6927685904227389,A
1000319,121,0.4653949909419294,B
1000320,514,0.923106013947117,C
1000321,120,0.6387113251993833,C
1000322,226,0.21912860093534392,B
1000323,382,0.41584561543122467,D
1000324,821,0.6640944393396638,B
1000325,370,0.07810272214744018,A
1000326,207,0.5727016742278647,B
1000327,500,0.09094164445168784,D
1000328,59,0.5587971989987663,C
1000329,22,0.3959487099532575,A
1000330,223,0.5783112650590354,A
1000331,65,0.5411635040799055,A
1000332,746,0.6458808180971635,D
1000333,136,0.653534098418702,C
1000334,130,0.7278581409061281,B
1000335,736,0.5444453390250208,D
1000336,783,0.11284463876647732,D
1000337,784,0.9362379303854451,A
1000338,34,0.44644106624860236,A
1000339,326,0.577474814637882,C
1000340,533,0.22104274044603256,C
1000341,933,0.17513318826253066,D
1000342,507,0.04688409695245499,C
1000343,687,0.3811546324625953,C
1000344,426,0.40825917682958845,C
1000345,147,0.8057761599348869,A
1000346,422,0.9677861885466267,B
1000347,80,0.9222261045112223,C
1000348,619,0.6029220449890759,A
1000349,687,0.5588504762725273,D
1000350,120,0.7468792274562418,D
1000351,329,0.7755138820637703,D
1000352,664,0.35925955555157574,C
1000353,903,0.49727729310098334,A
1000354,480,0.7616289693097112,C
1000355,149,0.016219901001260473,D
1000356,853,0.24573001637534408,C
1000357,657,0.7395940906598835,D
1000358,980,0.05873205158073014,A
1000359,934,0.4832041536218251,D
1000360,1000,0.28668853653328563,D
1000361,152,0.24096883231350819,C
1000362,249,0.9902330316397273,B
1000363,847,0.8478671020315357,A
1000364,487,0.0561149391289657,A
1000365,175,0.08268612250580176,D
1000366,803,0.3312706169922398,A
1000367,941,0.042551757617045105,B
1000368,908,0.5667841469906292,C
1000369,577,0.6581092404790355,B
1000370,918,0.5405624310056107,D
1000371,143,0.7904980852341499,A
1000372,763,0.9743233274359964,A
1000373,977,0.5956086620442795,C
1000374,157,0.7396552889765946,C
1000375,568,0.5124408484104587,A
1000376,389,0.16950174524515904,C
1000377,631,0.19554822488026047,A
1000378,389,0.8040764619573825,C
1000379,997,0.5943929190644954,C
1000380,970,0.6952922955218813,D
1000381,711,0.6329024619684167,B
1000382,558,0.1799272126086997,A
1000383,472,0.9429749154177833,B
1000384,70,0.8189655680044585,D
1000385,511,0.13917912269634036,C
1000386,433,0.7890767632200629,A
1000387,490,0.582244019216337,D
1000388,37,0.7907209170492592,C
1000389,916,0.8122969756789951,A
1000390,363,0.16633849328011152,A
1000391,660,0.6774718958641857,D
1000392,594,0.6876644087972894,B
1000393,602,0.6904373057221307,B
1000394,145,0.34832865232147525,C
1000395,117,0.02258511520311235,C
1000396,111,0.677139332890884,B
1000397,249,0.5159939018968733,B
1000398,436,0.9584626217339497,B
1000399,188,0.18638692528366196,D
1000400,828,0.7960080509078782,A
1000401,191,0.3657930294125148,B
1000402,989,0.6391085856661506,D
1000403,401,0.587004714565218,C
1000404,176,0.8137382542609338,C
1000405,604,0.0847519686230278,B
1000406,397,0.4182391062112586,B
1000407,392,0.4230387820732123,D
1000408,550,0.6934329265293553,B
1000409,170,0.48964202619220887,B
1000410,54,0.8655222308564123,A
1000411,517,0.6530697606129188,D
1000412,503,0.4156304352741119,D
1000413,760,0.7725476381623712,D
1000414,523,0.11321099529202316,A
1000415,843,0.9908936200057101,A
1000416,451,0.5463532747219646,D
1000417,359,0.8610486962702419,D
1000418,551,0.1683773646030844,C
1000419,273,0.952397345438725,A
1000420,424,0.375172327846227,A
1000421,813,0.8801250813073235,A
1000422,767,0.2782256878517837,C
1000423,2,0.8689077628712004,A
1000424,995,0.4584492566797177,C
1000425,591,0.1305942503075458,D
1000426,780,0.04840926115172295,A
1000427,802,0.836702178862555,A
1000428,931,0.13191308738401353,C
1000429,169,0.05178727504865499,C
1000430,716,0.7552321570675361,D
1000431,93,0.7036980397640442,A
1000432,231,0.5194442546366358,D
1000433,218,0.6280800383409025,B
1000434,703,0.44238386943908425,B
1000435,738,0.6075930989155233,A
1000436,896,0.3016493335771986,B
1000437,401,0.2955420512420667,A
1000438,430,0.3654124628480987,B
1000439,293,0.628570696060576,D
1000440,411,0.08242781192464588,B
1000441,334,0.3907315029683497,A
1000442,447,0.7299583774315415,B
1000443,758,0.17564590364279598,A
1000444,140,0.7014996112238661,B
1000445,529,0.7829871015437458,C
1000446,907,0.11805672028236303,A
1000447,65,0.26294965082647825,A
1000448,368,0.05543911084242159,B
1000449,690,0.7227783733258665,B
1000450,521,0.002568506032510798,A
1000451,758,0.6557032944215037,B
1000452,689,0.9019410092582714,B
1000453,637,0.24258399355356908,C
1000454,995,0.49336067585488486,B
1000455,922,0.5465592426097557,B
1000456,859,0.6934608062893048,A
1000457,744,0.30751063752136387,B
1000458,243,0.4198158420028453,A
1000459,422,0.7008469096986796,C
1000460,86,0.5807706273762658,B
1000461,839,0.39435128923379237,A
1000462,987,0.13070828644016186,C
1000463,851,0.735352868782368,C
1000464,311,0.8263866879396498,A
1000465,50,0.6771833769890718,C
1000466,766,0.5501208920020806,A
1000467,645,0.9375748980394379,A
1000468,600,0.25882065234652585,A
1000469,454,0.8092986652910079,A
1000470,404,0.4961263912132553,D
1000471,436,0.17280721183078918,B
1000472,251,0.6472784004740801,D
1000473,490,0.06097906893284277,C
1000474,255,0.6307543888247554,A
1000475,367,0.4796844388881162,D
1000476,514,0.32160441866801137,C
1000477,366,0.7668421684502729,B
1000478,57,0.764049723717511,B
1000479,866,0.9826646357580325,D
1000480,714,0.35878313268706197,A
1000481,717,0.3516821484830881,B
1000482,971,0.18823366490525628,D
1000483,316,0.17555676766065076,A
1000484,181,0.918780787307206,C
1000485,939,0.1416526643512137,A
1000486,881,0.3648898524087574,A
1000487,964,0.6621395527988341,A
1000488,983,0.4872000191299637,C
1000489,910,0.9288452089854253,C
1000490,301,0.1273483647235355,A
1000491,971,0.5728347926706181,A
1000492,226,0.6396467727836239,A
1000493,746,0.8866535152178218,D
1000494,69,0.35048116189731604,A
1000495,1,0.04814745773328166,D
1000496,429,0.9691018251056852,D
1000497,384,0.10142855963712161,D
1000498,666,0.7582435435590178,B
1000499,914,0.4827367864884782,A
1000500,168,0.6073176256548857,D
1000501,567,0.7220381045756756,C
1000502,288,0.29740064768156615,A
1000503,614,0.48032839745040834,A
1000504,271,0.09113687755067923,D
1000505,99,0.08570731183991709,C
1000506,423,0.9707055371735758,B
1000507,62,0.8407971664302505,D
1000508,703,0.8668940137055623,D
1000509,902,0.23564201948242092,C
1000510,35,0.5021014703156048,B
1000511,445,0.20191927997223447,B
1000512,264,0.31974948876205445,A
1000513,333,0.8566241806462468,D
1000514,535,0.7816856609254615,A
1000515,776,0.9648316647086291,A
1000516,901,0.34386917857746446,D
1000517,497,0.5720232397985618,D
1000518,411,0.038782532481795085,C
1000519,243,0.049290975524111214,D
1000520,701,0.09821739027274123,B
1000521,426,0.6049791324552507,A
1000522,496,0.7594932952262566,C
1000523,29,0.17373735601278717,B
1000524,406,0.635409809075844,A
1000525,31,0.24193809458961157,D
1000526,456,0.17758369416386166,D
1000527,564,0.34975990164465454,B
1000528,850,0.6888505376159543,C
1000529,798,0.9649176092022551,B
1000530,230,0.6776952460909708,C
1000531,419,0.5132812337581243,A
1000532,990,0.709368196448239,C
1000533,844,0.6236060961868802,A
1000534,662,0.5937725425440825,C
1000535,110,0.4817384188163061,C
1000536,332,0.8614916002518306,C
1000537,728,0.9521877981154158,C
1000538,413,0.660530323681129,B
1000539,26,0.6554005704624416,C
1000540,36,0.5830237024133574,B
1000541,730,0.2223631939762689,D
1000542,367,0.5073148556068153,B
1000543,897,0.55824804440987,C
1000544,827,0.5590316561081872,B
1000545,921,0.33563246320511875,A
1000546,301,0.46376062818775987,A
1000547,966,0.6206546952666024,D
1000548,390,0.5298385046299975,D
1000549,914,0.9066209345061276,D
1000550,181,0.3134140717573387,A
1000551,439,0.4033934803979504,D
1000552,382,0.950068615481832,C
1000553,195,0.017916125630946023,A
1000554,751,0.24882312287588193,C
1000555,313,0.16702018726830936,A
1000556,532,0.5963699186155024,C
1000557,137,0.34273283925755993,D
1000558,516,0.16898474189014712,C
1000559,666,0.7921271550458925,D
1000560,261,0.7712496633435296,A
1000561,49,0.6619699158378947,A
1000562,156,0.20549491565817612,A
1000563,103,0.6624829658888968,C
1000564,620,0.700726346203413,D
1000565,996,0.20167318998218942,D
1000566,685,0.4941040288593209,A
1000567,76,0.7235636168984789,A
1000568,236,0.45675123474498036,C
1000569,320,0.42599520637497446,A
1000570,662,0.17051227635637534,C
1000571,274,0.8784755373974736,A
1000572,871,0.47824501097127115,D
1000573,907,0.7969095570354069,A
1000574,494,0.8022647840450959,D
1000575,29,0.8625757745240936,B
1000576,785,0.7436238123226836,B
1000577,894,0.3383006417684232,A
1000578,744,0.2485769948507076,C
1000579,692,0.641404452807282,B
1000580,913,0.9877916247614772,A
1000581,869,0.46928893664383253,D
1000582,387,0.40327699346172285,B
1000583,458,0.08801986170254061,D
1000584,652,0.30459795810364854,B
1000585,687,0.4562079232212538,C
1000586,785,0.6197579696770843,D
1000587,672,0.36329454716975607,D
1000588,987,0.7999127156435218,C
1000589,108,0.04577810985503428,B
1000590,419,0.106961505519519,B
1000591,602,0.12321919033039486,D
1000592,603,0.956190321625751,B
1000593,957,0.43281037985396464,D
1000594,799,0.9211623140438011,B
1000595,592,0.1736502701825995,B
1000596,903,0.321843761981354,D
1000597,937,0.6925155353723068,B
1000598,907,0.7484268658779161,C
1000599,560,0.860707546129158,B
1000600,353,0.9211917644170948,B
1000601,665,0.9751794931167844,B
1000602,555,0.6943119737273263,C
1000603,118,0.7607750248330667,D
1000604,584,0.9426736508843097,D
1000605,765,0.89386600137792,C
1000606,575,0.8648414852046026,D
1000607,294,0.6929360752142486,A
1000608,320,0.965833213568662,A
1000609,889,0.7809248928758854,D
1000610,663,0.3677411210172452,B
1000611,987,0.19349771212173783,D
1000612,52,0.7736609498588879,C
1000613,563,0.35808558816373937,C
1000614,225,0.9569877176275037,A
1000615,163,0.4159312437704217,D
1000616,486,0.9966310826043387,A
1000617,249,0.9588968160739335,C
1000618,289,0.024705729718028868,C
1000619,822,0.5087355930027134,D
1000620,546,0.007330586216845125,A
1000621,899,0.9762239213390278,D
1000622,836,0.9397511115083135,B
1000623,414,0.4330250346392709,A
1000624,121,0.5348343700610021,A
1000625,599,0.04551685378612591,A
1000626,108,0.28983659883508006,C
1000627,88,0.2815174442922639,D
1000628,31,0.47398767736795144,B
1000629,302,0.9601342650804345,B
1000630,908,0.9141689163846178,C
1000631,610,0.39408170087003735,A
1000632,352,0.21173694292198486,B
1000633,872,0.05438830592772148,D
1000634,562,0.07314457215855019,A
1000635,675,0.30567548940672074,B
1000636,580,0.36449343567862924,C
1000637,111,0.17577016089522535,A
1000638,907,0.6266188850735305,A
1000639,217,0.9063035773981832,C
1000640,915,0.9987281750118517,D
1000641,793,0.1486329836086826,D
1000642,877,0.2909991602143739,D
1000643,522,0.09055402425516512,C
1000644,10,0.6626784893786967,B
1000645,143,0.4462204438390017,B
1000646,971,0.5658125330464042,B
1000647,749,0.48350341572743094,C
1000648,929,0.7914604571554911,D
1000649,849,0.2734953152751346,C
1000650,557,0.5701601518232361,D
1000651,387,0.36529677799104765,A
1000652,257,0.37632878104354517,B
1000653,415,0.3528980077597257,C
1000654,6,0.5018369844707418,B
1000655,287,0.21151710413575475,B
1000656,116,0.48151664938948613,D
1000657,606,0.161129140367538,A
1000658,150,0.05591200416044417,C
1000659,992,0.5636047023357652,A
1000660,745,0.6617450626291581,C
1000661,146,0.7946160702604512,B
1000662,675,0.5108049084582976,B
1000663,702,0.34267127456033186,D
1000664,604,0.06884289704124469,D
1000665,880,0.9093392230895125,D
1000666,614,0.03903656361812824,A
1000667,552,0.8275217786520734,D
1000668,430,0.3703774502487801,A
1000669,542,0.42895626447712065,D
1000670,823,0.741394042282245,A
1000671,897,0.5437310219455265,C
1000672,7,0.3750298817049422,B
1000673,823,0.31590171462927064,C
1000674,259,0.26130289476347657,D
1000675,374,0.611880677011315,D
1000676,494,0.1787195978329551,D
1000677,352,0.7741944842449918,D
1000678,141,0.8549989228235969,A
1000679,235,0.4465948774152193,B
1000680,628,0.6970574087244603,A
1000681,671,0.5210055432205589,A
1000682,292,0.19474649454362203,B
1000683,173,0.6740243810121799,C
1000684,404,0.4054509668505204,B
1000685,15,0.736925540146395,A
1000686,936,0.5829324152178708,C
1000687,4,0.2611075056719391,D
1000688,109,0.5586307128696588,C
1000689,832,0.793389257601603,C
1000690,453,0.9660554556331059,D
1000691,471,0.8965238227458783,A
1000692,807,0.9941980333654755,B
1000693,548,0.009723191714424928,C
1000694,766,0.8210746894925302,A
1000695,953,0.17848574725207278,C
1000696,6,0.764244212635527,A
1000697,322,0.492340377704212,C
1000698,33,0.5024752121216726,D
1000699,794,0.17480036211904904,A
1000700,530,0.46007059004643003,A
1000701,103,0.3254361999154264,C
1000702,351,0.3659241511219268,D
1000703,702,0.2285667494996686,A
1000704,276,0.8040875810072211,D
1000705,153,0.47298702452829744,A
1000706,529,0.5339825877589012,C
1000707,879,0.5678345192053117,D
1000708,98,0.44985481906379177,C
1000709,570,0.9318445757777681,C
1000710,986,0.6055760323923685,B
1000711,522,0.48749374430436165,D
1000712,979,0.14484833827806742,B
1000713,827,0.9285666669710599,D
1000714,627,0.5716375738737934,A
1000715,298,0.7104334851166039,D
1000716,601,0.5209356916362496,D
1000717,717,0.749739736915117,B
1000718,55,0.026364913366241027,D
1000719,783,0.9960137313846588,A
1000720,159,0.08431126665199296,D
1000721,129,0.13127711062686387,B
1000722,957,0.27241442761231416,D
1000723,181,0.5908309265791192,D
1000724,766,0.6358511364258357,D
1000725,655,0.639528248710812,C
1000726,232,0.804707766246453,D
1000727,834,0.7582934487458056,B
1000728,8,0.6877699637568622,D
1000729,236,0.7967673838676361,C
1000730,399,0.8284268556412909,B
1000731,782,0.7999590703096569,C
1000732,760,0.5319442660272765,C
1000733,463,0.27213413045162405,D
1000734,810,0.03173712141997098,A
1000735,254,0.38479789921064167,D
1000736,959,0.5495799446174968,A
1000737,305,0.19872363180239982,A
1000738,223,0.97327406043506,B
1000739,444,0.3245134876300968,B
1000740,122,0.3958083002950532,B
1000741,486,0.6884065389350972,B
1000742,61,0.059775131609422494,B
1000743,549,0.7914662443652127,B
1000744,774,0.3473177388722104,D
1000745,197,0.02135283268429322,D
1000746,137,0.2506962411006022,A
1000747,448,0.5590247906350686,D
1000748,479,0.27532446285830314,B
1000749,375,0.45407897979557377,D
1000750,189,0.8829323725306977,C
1000751,244,0.3206940943077472,A
1000752,990,0.5389565215934048,D
1000753,157,0.6130392423505268,C
1000754,329,0.11046413403940414,A
1000755,501,0.5258213626144117,C
1000756,72,0.013086109833501447,B
1000757,503,0.928403719438369,A
1000758,62,0.3609260511250785,D
1000759,59,0.8236429662774005,C
1000760,41,0.7343003382562706,C
1000761,99,0.10122512076178136,B
1000762,394,0.18946041310667572,B
1000763,640,0.9475033445574186,D
1000764,108,0.7662834200160525,C
1000765,469,0.7025504161808069,D
1000766,411,0.5046927805059617,B
1000767,614,0.44301216999828785,C
1000768,332,0.8448540149012171,D
1000769,440,0.8261549750407612,C
1000770,246,0.5631447028042841,B
1000771,948,0.7445783485031807,C
1000772,16,0.5176093588403292,C
1000773,842,0.27595713674360567,B
1000774,255,0.2329941485542344,C
1000775,719,0.5762324617766981,A
1000776,657,0.30039325384327464,D
1000777,668,0.8494781673126044,A
1000778,796,0.6321936203724664,A
1000779,42,0.3193165402109155,B
1000780,714,0.22079717482028516,A
1000781,749,0.9973673030203781,D
1000782,589,0.5047293461120348,B
1000783,763,0.049311098070088044,D
1000784,133,0.7620329196368959,D
1000785,202,0.4878610998043328,B
1000786,630,0.9970787669395488,B
1000787,946,0.576018237245043,A
1000788,423,0.42354060236564006,C
1000789,24,0.7696812920631382,B
1000790,841,0.9901591822713317,D
1000791,149,0.44046342406330663,B
1000792,873,0.08581443959751522,A
1000793,216,0.20380135287660517,C
1000794,494,0.6230419928574829,B
1000795,715,0.668260581928406,D
1000796,927,0.6635283419996432,A
1000797,632,0.271281451382378,D
1000798,967,0.008334175248427611,D
1000799,277,0.6629816357201557,C
1000800,395,0.23116862013781703,D
1000801,1000,0.7096887983352221,C
1000802,544,0.08802066882265647,B
1000803,989,0.4579862621477807,A
1000804,160,0.018372225364892913,C
1000805,309,0.23620476570721272,C
1000806,140,0.08779501713730142,D
1000807,983,0.677994896564248,B
1000808,337,0.4491691853272449,B
1000809,700,0.8001050591640936,B
1000810,722,0.8986431697294524,B
1000811,971,0.7194405057906157,B
1000812,956,0.8216985158184922,C
1000813,631,0.26686261300447955,B
1000814,237,0.23091237759126637,A
1000815,665,0.37395940113050097,D
1000816,501,0.6878627041346999,D
1000817,320,0.3941507087014978,A
1000818,111,0.45160959256366207,A
1000819,40,0.5577009498134095,A
1000820,559,0.13530667419036257,D
1000821,917,0.20193200470915762,D
1000822,928,0.7114697456098066,B
1000823,750,0.12354421683543348,A
1000824,460,0.6340724182348205,A
1000825,724,0.3840873742615717,B
1000826,389,0.043906083466561996,B
1000827,892,0.6595303406020439,B
1000828,52,0.4195816912357673,C
1000829,787,0.9609661135543751,C
1000830,185,0.11755397840247983,B
1000831,826,0.005750548899053909,D
1000832,643,0.5575486482688887,B
1000833,357,0.03672105182241203,A
1000834,591,0.838014435792606,C
1000835,676,0.6915136180806667,B
1000836,592,0.3601886475941525,A
1000837,66,0.29283271335673955,B
1000838,423,0.5246462092537088,B
1000839,59,0.10930223443632625,A
1000840,705,0.6047780210814749,C
1000841,868,0.31648855849847224,C
1000842,746,0.6318576074968361,D
1000843,297,0.9792576595660704,A
1000844,424,0.4140411395243718,C
1000845,825,0.6375035435880566,A
1000846,206,0.6900170615436636,C
1000847,331,0.7670326009849553,A
1000848,341,0.3413615852300027,A
1000849,490,0.9161630531735752,A
1000850,139,0.4814955231203607,D
1000851,917,0.3351096545343851,D
1000852,57,0.8351057359656187,C
1000853,742,0.6781976246498737,A
1000854,547,0.8424057749358526,D
1000855,878,0.31449939839422714,A
1000856,25,0.7990252784092962,B
1000857,894,0.5236279615041517,C
1000858,692,0.99272034416137,B
1000859,37,0.459368410614045,A
1000860,868,0.5942875807872049,A
1000861,763,0.31248080002129264,C
1000862,913,0.20984568685949123,B
1000863,120,0.2726542066732103,B
1000864,526,0.1023752928270204,C
1000865,326,0.27105210081902753,C
1000866,250,0.17127497547300807,C
1000867,913,0.3387388925297342,D
1000868,51,0.10592691886126726,A
1000869,610,0.8912758945879058,D
1000870,364,0.3124406511510319,B
1000871,776,0.6708702654339359,A
1000872,134,0.09291617432870725,D
1000873,727,0.7664934952959161,D
1000874,264,0.9128616106767158,D
1000875,588,0.1273940019901817,A
1000876,815,0.10698129479490015,A
1000877,472,0.4008164747844335,D
1000878,605,0.4311484976434258,D
1000879,806,0.3422008346358454,B
1000880,953,0.7119088215692958,D
1000881,99,0.8220230523140447,B
1000882,789,0.8198657287576124,C
1000883,676,0.061482221562661254,B
1000884,829,0.00018434045521698028,B
1000885,152,0.4529744202737198,C
1000886,591,0.44715976860870876,B
1000887,898,0.3165977172533819,C
1000888,937,0.34426462643064004,A
1000889,8,0.611490756172103,D
1000890,991,0.05312731117638425,C
1000891,403,0.6252143034199424,D
1000892,216,0.6624875603125252,D
1000893,128,0.13427744814457554,A
1000894,16,0.14399588645502348,D
1000895,447,0.974975027071071,B
1000896,618,0.9303110124595774,B
1000897,434,0.5520500303810195,D
1000898,242,0.7121299989650309,C
1000899,590,0.36697002525226674,A
1000900,494,0.7048825425548747,A
1000901,493,0.9617377496547793,A
1000902,80,0.5233567944907804,A
1000903,983,0.6687171390509747,C
1000904,54,0.9035852726068062,A
1000905,927,0.46923239211712253,C
1000906,767,0.30407084321209565,C
1000907,639,0.02729808752846452,D
1000908,882,0.03309052692985526,A
1000909,171,0.21085674746153793,C
1000910,971,0.7524278530661705,B
1000911,722,0.3900704866244612,C
1000912,323,0.9617627228070305,A
1000913,940,0.6520659242447888,C
1000914,767,0.24179696838791254,B
1000915,345,0.6777181602290148,B
1000916,10,0.6728018597399902,A
1000917,915,0.8354591370882445,A
1000918,980,0.11997710977782583,B
1000919,782,0.8998972151272433,B
1000920,958,0.07571417569205541,D
1000921,925,0.6675792021295466,C
1000922,503,0.1084304686179205,D
1000923,265,0.10328711595282625,A
1000924,655,0.0008676419622728471,A
1000925,399,0.2664364811152776,C
1000926,3,0.5153830029637042,D
1000927,799,0.8122756539686151,A
1000928,231,0.0033073602946390723,D
1000929,310,0.4006147984802325,A
1000930,873,0.9609255220000653,A
1000931,207,0.1766183045094868,A
1000932,195,0.29887034517438915,D
1000933,194,0.1399429517663887,B
1000934,658,0.3077308796322654,D
1000935,43,0.4055078559978835,B
1000936,683,0.5231196392951187,B
1000937,593,0.2329856598736033,A
1000938,19,0.4712196358083104,A
1000939,65,0.8178001777639269,A
1000940,225,0.0631101116869861,B
1000941,694,0.40200861039932767,A
1000942,589,0.5458847965101108,C
1000943,378,0.553407729901419,D
1000944,627,0.3761310560827079,B
1000945,826,0.7922407148224316,D
1000946,129,0.20616021858966238,C
1000947,461,0.41203132450024593,B
1000948,708,0.037621211977839186,B
1000949,511,0.6120498176686321,A
1000950,846,0.7825830303221923,C
1000951,370,0.8627310600960868,B
1000952,675,0.20810870287140149,A
1000953,864,0.9685738378128734,D
1000954,824,0.8900795933485628,D
1000955,180,0.15804561067739142,A
1000956,118,0.07085949849396322,B
1000957,455,0.5927066622656716,C
1000958,198,0.6320211169018609,C
1000959,582,0.059651719634265854,B
1000960,160,0.7895469650221273,B
1000961,993,0.5527556378767193,B
1000962,227,0.8918226281365728,B
1000963,919,0.005077581240026996,A
1000964,34,0.42569764354170647,D
1000965,841,0.09799920359582726,D
1000966,765,0.5836601110131552,D
1000967,475,0.7039020630225711,A
1000968,72,0.38487926791186955,C
1000969,33,0.2965899812124837,C
1000970,968,0.6125012378576032,B
1000971,82,0.6204552120033446,C
1000972,954,0.054811675211313915,C
1000973,41,0.3655711439731195,B
1000974,572,0.7048736592159115,B
1000975,892,0.9591037310871751,B
1000976,779,0.22543722629892682,C
1000977,696,0.42292912510890757,A
1000978,539,0.8295598262750314,D
1000979,544,0.6783082919223533,C
1000980,376,0.7999038671948497,A
1000981,23,0.2931694419423986,B
1000982,660,0.02148229845998284,B
1000983,343,0.41169172956574407,C
1000984,661,0.7868243629210174,D
1000985,681,0.696863580719875,D
1000986,135,0.8982819228570779,C
1000987,548,0.28524658219725263,B
1000988,709,0.9047111471470889,B
1000989,129,0.4408886377543747,C
1000990,999,0.5074090311771678,C
1000991,682,0.1470834746925247,D
1000992,115,0.7316405212803276,A
1000993,539,0.22214385704162232,C
1000994,687,0.9576236984683344,D
1000995,523,0.9434021641019553,C
1000996,89,0.21569515561948227,D
1000997,425,0.8036855045147565,C
1000998,917,0.4141937877205586,A
1000999,343,0.06611578116679928,D
1001000,773,0.9148721109101701,B
1001001,502,0.04223291443883781,C
1001002,311,0.4941004854387123,D
1001003,854,0.6365608310143737,A
1001004,681,0.892686525640555,D
1001005,250,0.02844258486743756,C
1001006,492,0.5655745896404125,C
1001007,702,0.47604071329726827,A
1001008,750,0.575263686608859,C
1001009,138,0.35738546522936854,A
1001010,933,0.9551563587485575,A
1001011,654,0.9363170197369656,B
1001012,187,0.7646893791445244,B
1001013,330,0.8724431344584407,C
1001014,714,0.6883466419765553,A
1001015,593,0.3516293676444502,B
1001016,226,0.8315735547871648,A
1001017,371,0.13901398194610104,D
1001018,535,0.7635895458617169,C
1001019,834,0.1185968907353121,B
1001020,145,0.6880471574259879,C
1001021,525,0.5931761716251465,D
1001022,210,0.5876030467538153,B
1001023,356,0.35220327347932257,B
1001024,583,0.06833703889776521,A
1001025,222,0.7158116340007448,C
1001026,486,0.3664630256454118,B
1001027,980,0.1073245047096053,C
1001028,295,0.557132122830574,A
1001029,753,0.31200691079383003,D
1001030,376,0.17929728338707862,D
1001031,107,0.39636975853188594,A
1001032,604,0.9775708548852962,B
1001033,511,0.27851833227885514,C
1001034,965,0.40023552891684544,D
1001035,617,0.9501388177606731,D
1001036,285,0.14737409925460476,D
1001037,785,0.4921875133568898,D
1001038,267,0.5424381147594425,A
1001039,881,0.7793824695277554,B
1001040,567,0.6853741671099691,D
1001041,874,0.15631095697496122,A
1001042,994,0.3777977050612842,C
1001043,597,0.026899842658594353,C
1001044,333,0.03737762168727354,D
1001045,527,0.9014098452118979,C
1001046,100,0.808326568367769,A
1001047,691,0.2059083158967454,D
1001048,830,0.7649039005293514,C
1001049,411,0.8046030195495931,A
1001050,864,0.5781932480240882,C
1001051,843,0.3018470146107638,C
1001052,552,0.3133529663091673,D
1001053,527,0.45322860532671394,B
1001054,985,0.8239079992637635,D
1001055,545,0.8089334787012807,D
1001056,744,0.6267584715774779,B
1001057,783,0.3002756747910529,D
1001058,164,0.2564466348801173,B
1001059,446,0.42201912885101167,A
1001060,563,0.17598522189478438,A
1001061,497,0.7822337450080271,A
1001062,673,0.8857193521433047,D
1001063,862,0.14056015190512794,A
1001064,752,0.5002485285173017,A
1001065,680,0.8289815826745311,C
1001066,754,0.38995066885532137,B
1001067,57,0.49035858015321165,C
1001068,971,0.11296134677894365,D
1001069,252,0.9633153399656248,B
1001070,376,0.8213653661919489,A
1001071,990,0.9052294314340854,A
1001072,678,0.7989413212302944,A
1001073,939,0.7888027107089652,B
1001074,393,0.3092685016911406,C
1001075,124,0.5349106927734086,B
1001076,416,0.7893173995158201,C
1001077,422,0.9264972198096175,C
1001078,432,0.8767612272392674,A
1001079,832,0.547727731896829,C
1001080,28,0.7619754452414722,B
1001081,454,0.7910193178139537,B
1001082,84,0.11082819966839574,B
1001083,730,0.9696645868391346,B
1001084,702,0.41031620496989996,C
1001085,136,0.26067987958698735,C
1001086,229,0.020734637589076232,A
1001087,662,0.6120031597213995,B
1001088,872,0.16875595636504115,D
1001089,439,0.6003927309822871,B
1001090,120,0.01411490677731797,D
1001091,506,0.11851234901311947,B
1001092,506,0.3820735151335547,D
1001093,693,0.18936316980668144,B
1001094,469,0.0857386738830822,D
1001095,407,0.6868524492697243,D
1001096,433,0.7361041053920682,C
1001097,961,0.6707915437758701,A
1001098,379,0.13223825371308473,A
1001099,183,0.26029165215690797,D
1001100,443,0.14179573402111234,A
1001101,369,0.9262370424724073,C
1001102,849,0.7615639189386135,C
1001103,320,0.4357753686060891,B
1001104,503,0.7636754136536322,B
1001105,873,0.9228528041945359,D
1001106,574,0.48519951446175347,D
1001107,912,0.6631376786953017,B
1001108,994,0.004125725671763725,B
1001109,96,0.8873676980186833,A
1001110,696,0.12199094440169478,C
1001111,951,0.951219850078746,C
1001112,675,0.4798550937626921,C
1001113,673,0.005805360745094079,A
1001114,637,0.9508959684752076,C
1001115,751,0.9068783667490092,B
1001116,289,0.32317084668686213,A
1001117,72,0.5471562218062593,D
1001118,770,0.9544324551080487,B
1001119,825,0.9216998093582787,B
1001120,98,0.832052874322659,B
1001121,614,0.423070580439436,D
1001122,190,0.4341059225103725,D
1001123,229,0.6476106173264722,B
1001124,644,0.6472253913035824,A
1001125,48,0.5509943297247031,A
1001126,110,0.5106515841552132,D
1001127,832,0.2533803310651901,C
1001128,83,0.7686467729765517,A
1001129,304,0.31394635578400176,D
1001130,460,0.6238103941666637,C
1001131,618,0.2593176727862342,A
1001132,18,0.0058470695833402475,A
1001133,414,0.868780520988383,D
1001134,832,0.973921892171687,C
1001135,689,0.9631416104010742,D
1001136,993,0.18822110339263098,A
1001137,247,0.435788473800493,B
1001138,719,0.44526594850321755,D
1001139,867,0.7130928146227296,D
1001140,592,0.5958395505776892,C
1001141,605,0.7246141851804799,D
1001142,65,0.2678488708501845,D
1001143,355,0.4483253933304133,D
1001144,347,0.9217355966724464,D
1001145,399,0.9598033682768127,C
1001146,767,0.08619189759385915,D
1001147,503,0.10090372557552496,D
1001148,162,0.17471479496321585,A
1001149,232,0.12068803282068252,B
1001150,618,0.6694858901511282,A
1001151,624,0.7821562577663913,A
1001152,42,0.5073057271943322,B
1001153,120,0.870869474153118,C
1001154,510,0.7325518941170924,A
1001155,175,0.08523386169981673,C
1001156,772,0.4150086072135225,B
1001157,813,0.6821986389292356,A
1001158,966,0.06958118889315579,C
1001159,730,0.7990707655277969,C
1001160,717,0.5536104282255945,C
1001161,760,0.3136952363642368,C
1001162,625,0.9204505916451052,D
1001163,210,0.8875797580512261,D
1001164,353,0.8876748965071967,D
1001165,736,0.74005222231057,B
1001166,553,0.28392785946827015,A
1001167,565,0.31225241364043843,C
1001168,163,0.02342174222984328,C
1001169,432,0.9869547002410485,A
1001170,61,0.841583440996549,C
1001171,519,0.35447334590414925,A
1001172,963,0.12474980539632496,C
1001173,754,0.005213398137294933,C
1001174,579,0.71464712094023,B
1001175,803,0.8150792324159627,B
1001176,386,0.5196666474455023,B
1001177,572,0.5189449994178468,D
1001178,510,0.6364611493306025,D
1001179,953,0.9478200338001628,D
1001180,468,0.12938518798374976,A
1001181,217,0.4554323738318351,A
1001182,160,0.9440695610569916,C
1001183,431,0.048651046580230006,C
1001184,317,0.5657639760700942,C
1001185,853,0.6057097102165937,B
1001186,651,0.4609361645704416,D
1001187,459,0.14898259093124822,C
1001188,419,0.3872351216735115,D
1001189,46,0.9580794920805382,D
1001190,284,0.6459165296594045,B
1001191,25,0.5719947936394006,C
1001192,660,0.12378161135251953,A
1001193,775,0.05287438599238392,B
1001194,918,0.018664070369922903,B
1001195,454,0.08464794462115333,C
1001196,46,0.4914730404464478,A
1001197,324,0.38201098335666794,A
1001198,173,0.058913734663094686,C
1001199,600,0.23649111757412133,D
1001200,416,0.06545821192988388,A
1001201,239,0.9137350982886246,A
1001202,986,0.5861726975075708,A
1001203,172,0.7820236626651993,D
1001204,462,0.04179207981378619,D
1001205,296,0.6530588490671053,B
1001206,256,0.8394877216219737,D
1001207,217,0.5851591664603665,C
1001208,71,0.30063834853258053,D
1001209,125,0.8304981078181435,C
1001210,968,0.3426352563140532,C
1001211,463,0.2730131391132494,C
1001212,944,0.002047513490816555,D
1001213,720,0.4889767152254674,D
1001214,83,0.7873052349442264,A
1001215,31,0.892572193086772,D
1001216,126,0.3529947323504017,D
1001217,366,0.3867510346858697,A
1001218,20,0.7584209984625464,C
1001219,310,0.8084144943789358,B
1001220,723,0.6060269639572972,A
1001221,505,0.17047709637720276,B
1001222,756,0.5657070478213991,B
1001223,876,0.22796517521890314,C
1001224,694,0.5329415173415583,C
1001225,573,0.8831019360864618,A
1001226,689,0.9430742237719152,A
1001227,777,0.043464674679953075,B
1001228,459,0.3162419647362774,D
1001229,827,0.025371938871328825,B
1001230,433,0.9577756827655461,B
1001231,634,0.43852948221637733,A
1001232,457,0.5789344692589817,A
1001233,66,0.7826462397540792,A
1001234,53,0.2949167702341773,D
1001235,638,0.010606545607829365,D
1001236,634,0.10127792760444032,A
1001237,336,0.5878133564627268,A
1001238,521,0.256286102200979,D
1001239,635,0.4446243136072412,B
1001240,982,0.6517049800930442,C
1001241,906,0.5411437062583541,B
1001242,148,0.057317646126354815,A
1001243,478,0.599762303325637,C
1001244,579,0.9630648891304469,C
1001245,384,0.20531636029714762,B
1001246,178,0.33981749301801756,B
1001247,175,0.9411617556730414,D
1001248,66,0.11849331963384324,B
1001249,383,0.3179516091909197,D
1001250,250,0.921013594017887,B
1001251,301,0.7895877893907347,C
1001252,907,0.4889906362387356,A
1001253,629,0.06487304096991964,D
1001254,769,0.5091585172285593,D
1001255,475,0.17899851740764916,C
1001256,711,0.483297055331244,D
1001257,410,0.6381056004850955,A
1001258,160,0.9354989069881409,C
1001259,86,0.13433031552748942,A
1001260,360,0.23017757821054918,A
1001261,636,0.3363739805378194,D
1001262,77,0.3590929351856995,A
1001263,525,0.5466518897090434,A
1001264,835,0.7684828540946492,C
1001265,556,0.9123825301314551,A
1001266,775,0.6553085074714624,D
1001267,524,0.9892746266809145,B
1001268,804,0.5526152533115543,D
1001269,833,0.4614011372674969,A
1001270,427,0.20958475350350736,D
1001271,30,0.37470016732029776,B
1001272,9,0.4998002112686737,C
1001273,550,0.29963720832824337,A
1001274,804,0.03220899345088146,B
1001275,644,0.79914577754589,D
1001276,395,0.1883386781422619,A
1001277,985,0.45153532653304407,C
1001278,181,0.03205915411170435,D
1001279,71,0.4546636868823556,C
1001280,11,0.17182571684399295,D
1001281,70,0.3889928978316244,B
1001282,680,0.4747800242810044,C
1001283,207,0.5024750211594405,D
1001284,900,0.4909586270168763,D
1001285,40,0.737290710889568,C
1001286,902,0.9188958663963275,C
1001287,862,0.7116479336645214,C
1001288,843,0.8099847648281149,B
1001289,442,0.45782815206546323,B
1001290,582,0.09553417111598927,A
1001291,550,0.2918895905215809,A
1001292,743,0.722409389184674,B
1001293,124,0.9953163815195267,A
1001294,711,0.6756220664809356,D
1001295,408,0.8557731449187068,D
1001296,939,0.13648057227663957,D
1001297,102,0.1772366039018679,A
1001298,759,0.3908495021496219,A
1001299,781,0.011210617999606876,C
1001300,545,0.2161664995704452,A
1001301,830,0.5228744644002034,A
1001302,315,0.44398668447446266,A
1001303,171,0.7240114969540182,A
1001304,110,0.8156243363554885,C
1001305,641,0.18954753596092278,B
1001306,404,0.9389232279947421,A
1001307,638,0.3689799610073785,A
1001308,511,0.9831024929171375,A
1001309,549,0.7912597730050331,B
1001310,713,0.3885654410563447,B
1001311,325,0.978021531191127,D
1001312,459,0.3823713996337811,B
1001313,601,0.7046291305749183,A
1001314,38,0.2380639681474055,D
1001315,898,0.3286898518671617,C
1001316,805,0.7604938822955449,D
1001317,832,0.28845510445945644,A
1001318,254,0.8014518073748784,B
1001319,893,0.38148592055940567,C
1001320,478,0.3114629698109538,B
1001321,206,0.27186078475732744,D
1001322,624,0.734928104530502,B
1001323,550,0.15279870892205927,B
1001324,620,0.48084433430388307,C
1001325,383,0.49145371768292223,D
1001326,382,0.3840374238010579,C
1001327,602,0.07123435593238159,A
1001328,356,0.5096083634281788,D
1001329,705,0.3681805409226969,A
1001330,394,0.9265187563303138,B
1001331,723,0.6764255987722879,B
1001332,466,0.9442652216633147,B
1001333,861,0.16142741599930366,A
1001334,600,0.9741455905213627,A
1001335,931,0.18882325199250993,D
1001336,309,0.5006468219137447,D
1001337,315,0.7339334369570686,A
1001338,407,0.6990089960999812,A
1001339,426,0.6545211917783339,D
1001340,137,0.19802052890115418,B
1001341,971,0.11023824997738585,B
1001342,934,0.6244214557796377,B
1001343,778,0.1008091420643521,A
1001344,439,0.33655020125795243,C
1001345,58,0.975305060714701,C
1001346,411,0.725220187272289,B
1001347,286,0.9510619394426392,B
1001348,702,0.6588761051733275,D
1001349,423,0.6602284102733056,A
1001350,980,0.9419377059684623,C
1001351,454,0.23355865185531233,D
1001352,627,0.7939603781802149,C
1001353,877,0.6994997330397573,A
1001354,394,0.29386297320704013,B
1001355,146,0.8698587232832194,A
1001356,561,0.987219608387245,D
1001357,716,0.08943181563518698,D
1001358,29,0.16023527777942614,C
1001359,126,0.66547636788902,D
1001360,66,0.6439865406097902,D
1001361,760,0.7360024878757304,D
1001362,657,0.7850818824909622,D
1001363,606,0.937210650653812,A
1001364,376,0.12741746644176766,C
1001365,754,0.0016784914642491433,A
1001366,548,0.18985767548619648,D
1001367,956,0.7965653026573908,B
1001368,681,0.8491274699664991,A
1001369,327,0.3088914267895966,A
1001370,587,0.4782827469041725,B
1001371,989,0.37670862718531917,C
1001372,956,0.810418652184842,A
1001373,934,0.848518246108243,A
1001374,401,0.3374101476552893,D
1001375,945,0.19509217665425438,D
1001376,886,0.8050717864492781,C
1001377,167,0.5771574090239476,D
1001378,494,0.2910815693230784,B
1001379,876,0.5756820969428705,B
1001380,861,0.16822291855503124,A
1001381,665,0.33848581905210307,D
1001382,610,0.9545553637481257,D
1001383,814,0.6707358930894647,A
1001384,391,0.275216040256124,D
1001385,230,0.02302676131464898,D
1001386,763,0.094553238111315,B
1001387,719,0.43365647866102564,B
1001388,189,0.4053305150037104,A
1001389,837,0.5364167897662114,D
1001390,730,0.8188276051734961,A
1001391,184,0.00532400276304601,D
1001392,262,0.8514501061519141,A
1001393,175,0.4230513272963694,A
1001394,926,0.7828018240138651,D
1001395,932,0.9860195219278124,C
1001396,551,0.5105903462308607,A
1001397,839,0.04473555264696738,A
1001398,221,0.5917831388046232,C
1001399,925,0.16331937462135682,D
1001400,146,0.5359043196124054,A
1001401,750,0.2693996876132433,B
1001402,381,0.5636421565511677,B
1001403,841,0.8067981637240842,A
1001404,357,0.700455535740838,C
1001405,277,0.607466944300131,A
1001406,991,0.7887473965561549,D
1001407,130,0.25906103111429113,B
1001408,129,0.14267014249265686,C
1001409,796,0.24911162762504235,D
1001410,468,0.18310452579677106,C
1001411,293,0.27582297438842296,D
1001412,964,0.718466809998361,B
1001413,878,0.08694228490780775,C
1001414,245,0.9448669485273481,B
1001415,58,0.08458512085236203,C
1001416,951,0.49285053318997407,A
1001417,520,0.932441418847422,B
1001418,701,0.9979544257877332,A
1001419,7,0.7141600729896046,C
1001420,700,0.6091936084803639,D
1001421,925,0.22506857793639745,A
1001422,255,0.8317264060610504,A
1001423,403,0.21746319475066933,C
1001424,527,0.8257273874686498,A
1001425,868,0.4882664610258991,C
1001426,190,0.402068088609966,A
1001427,203,0.11066564313744798,C
1001428,339,0.9009978103012334,B
1001429,203,0.9483758395857734,C
1001430,731,0.1274339878923274,D
1001431,743,0.9235612507305532,D
1001432,13,0.7673849514457409,B
1001433,755,0.008028890448276038,D
1001434,156,0.7292485722246753,B
1001435,253,0.6663304479465589,D
1001436,185,0.18866899604016285,B
1001437,313,0.7001588615276662,B
1001438,428,0.24696863680959402,A
1001439,762,0.3216396064458604,C
1001440,103,0.43090752649933095,C
1001441,565,0.7704636444298496,B
1001442,829,0.36138496356406813,C
1001443,393,0.08723117327089458,A
1001444,837,0.19043360049223523,D
1001445,351,0.30147641692571825,D
1001446,728,0.25252550759603565,C
1001447,734,0.11742893540001786,D
1001448,809,0.0218748984257513,C
1001449,990,0.12893423653883007,A
1001450,62,0.7943903801774531,B
1001451,834,0.3974938280509851,A
1001452,798,0.39024690092242476,C
1001453,223,0.5921127550059687,A
1001454,466,0.5038177647274287,C
1001455,121,0.17110909688420184,A
1001456,243,0.2918432953885992,B
1001457,355,0.6326828793075645,C
1001458,270,0.7220795909584432,D
1001459,301,0.32463514048800823,A
1001460,835,0.01040819156119066,C
1001461,673,0.9787623872457588,A
1001462,763,0.6881153910009635,C
1001463,649,0.6043416898763015,B
1001464,644,0.8077329610155621,D
1001465,444,0.3686400066937072,D
1001466,184,0.6475642717036921,A
1001467,622,0.18784801713715582,B
1001468,993,0.40250429585750247,B
1001469,768,0.8079927266522386,A
1001470,957,0.04374004253878472,B
1001471,614,0.013496904018524436,A
1001472,87,0.20232164218448168,D
1001473,913,0.4443261982162663,B
1001474,273,0.6274858530134924,A
1001475,303,0.102566089567113,D
1001476,905,0.7148511992602412,A
1001477,185,0.6794333117100935,B
1001478,703,0.3015637667831649,C
1001479,377,0.932881834100194,A
1001480,285,0.14466781981622434,C
1001481,996,0.41394434572564887,C
1001482,546,0.49260140607114455,B
1001483,591,0.7765925578288655,B
1001484,89,0.2351930689939069,A
1001485,485,0.9576157713949134,A
1001486,995,0.9313417666625522,D
1001487,720,0.14307657910481675,A
1001488,988,0.4247087416923361,A
1001489,108,0.6627473203957608,A
1001490,891,0.15817319624264337,B
1001491,143,0.7481071243245156,C
1001492,345,0.44397363648859334,A
1001493,32,0.6041735988194713,B
1001494,164,0.010867576274206314,D
1001495,970,0.8759765137307085,C
1001496,513,0.30603395930940513,B
1001497,386,0.977926283710249,B
1001498,216,0.4004024238813203,A
1001499,999,0.5592942878982677,A
1001500,479,0.47741626436404627,D
1001501,434,0.1947305893146959,A
1001502,109,0.06531916716627728,A
1001503,578,0.044874538211072346,D
1001504,199,0.3144724425065686,D
1001505,364,0.973850742947436,A
1001506,515,0.10100288318229544,B
1001507,889,0.8520270961329958,C
1001508,237,0.8844020680758893,B
1001509,164,0.9934166294609558,C
1001510,876,0.9401411371745276,A
1001511,792,0.6828734754594733,B
1001512,888,0.9689471185012387,A
1001513,946,0.1404472435998132,A
1001514,499,0.039592641319871724,C
1001515,939,0.6805847818328755,D
1001516,865,0.6246319111588966,C
1001517,43,0.6206137238251539,A
1001518,809,0.24481678530384066,A
1001519,95,0.34893796194998616,D
1001520,547,0.9001265154651533,D
1001521,497,0.21263518707670892,D
1001522,159,0.9485336800662245,B
1001523,218,0.3201866192237032,A
1001524,792,0.3802848239421863,C
1001525,180,0.0835912834237359,A
1001526,219,0.669644399680744,C
1001527,705,0.7838573914817657,D
1001528,584,0.3891379671023465,A
1001529,801,0.8937792897010493,B
1001530,148,0.32373257476138273,C
1001531,739,0.0036768912392750597,D
1001532,99,0.036485971649160676,B
1001533,559,0.7743843955256121,D
1001534,838,0.8677581483479242,D
1001535,466,0.41405372627367676,C
1001536,436,0.5231698227977019,C
1001537,446,0.38156332287958206,D
1001538,290,0.7020926223723328,A
1001539,949,0.5447337411321853,D
1001540,595,0.8058706449913645,C
1001541,390,0.11450110521584922,D
1001542,720,0.7846351693656523,D
1001543,270,0.3073966863638473,D
1001544,247,0.004157557339871221,D
1001545,839,0.7412454307075267,C
1001546,177,0.4031190194500339,C
1001547,162,0.43740158700175213,A
1001548,820,0.12633028257084666,A
1001549,590,0.7842812939883185,C
1001550,162,0.9487003037512647,B
1001551,942,0.9723998835591413,D
1001552,646,0.7775897484877806,B
1001553,798,0.8070973961505904,D
1001554,52,0.274964824937011,B
1001555,23,0.638386569803937,A
1001556,78,0.21029597287875712,D
1001557,930,0.45087852931431716,B
1001558,875,0.03145047364538256,C
1001559,614,0.5464827716724169,B
1001560,759,0.25450102185147383,A
1001561,962,0.1265802477865705,C
1001562,564,0.6519245303744142,D
1001563,828,0.4958017053906767,D
1001564,866,0.8873148911997387,C
1001565,319,0.16565311546697858,B
1001566,499,0.43347167136413844,D
1001567,765,0.27167392384925626,C
1001568,110,0.6072956501174408,D
1001569,839,0.06426625288578403,B
1001570,419,0.29347354623587496,C
1001571,336,0.2137724270327137,C
1001572,217,0.5272623614777879,A
1001573,284,0.7162656233303574,A
1001574,914,0.646270114345477,D
1001575,392,0.23642191720317163,A
1001576,4,0.9116431434584547,C
1001577,40,0.33738986883145317,A
1001578,308,0.2746735462336961,C
1001579,48,0.39332749171885706,D
1001580,990,0.9104718202457796,C
1001581,105,0.02928818184148041,A
1001582,741,0.4356824623520765,B
1001583,5,0.9341103560346458,A
1001584,810,0.8124855263498162,C
1001585,174,0.9248584072125206,D
1001586,457,0.6682352507291235,B
1001587,489,0.6612689755119668,C
1001588,494,0.22583051839321377,C
1001589,84,0.35300969748582856,B
1001590,662,0.7352682788361867,B
1001591,79,0.0751444024724156,D
1001592,526,0.8584588342410253,C
1001593,464,0.6552893381863751,A
1001594,525,0.2030207274855752,D
1001595,663,0.10206434985466095,D
1001596,341,0.05315707207724896,C
1001597,950,0.42258837218531686,C
1001598,622,0.49361622719927467,D
1001599,272,0.23876713265364902,A
1001600,414,0.3919080897635625,A
1001601,274,0.4951716602273686,B
1001602,610,0.28797863225551146,A
1001603,637,0.4767583291164841,C
1001604,244,0.1702325740092433,A
1001605,1,0.4883073409886549,B
1001606,696,0.9904131016929341,B
1001607,515,0.1673047375305926,B
1001608,343,0.45261635251836363,C
1001609,263,0.663408521462182,C
1001610,341,0.8913724163013029,D
1001611,655,0.020727277904006636,D
1001612,996,0.43072051077648943,B
1001613,91,0.19384211242681182,D
1001614,110,0.9654530605221083,D
1001615,179,0.2653093331331561,C
1001616,427,0.9452665000702717,C
1001617,351,0.8341715679494099,A
1001618,991,0.7925255655671694,C
1001619,150,0.46631747246476307,B
1001620,989,0.28978177624788226,B
1001621,126,0.05319328224931985,C
1001622,681,0.9585242924756212,B
1001623,201,0.43205078382212536,A
1001624,318,0.17330196919968432,D
1001625,896,0.3224799022404867,B
1001626,786,0.1995066646488044,B
1001627,204,0.3010622658207721,A
1001628,949,0.6283188273098645,B
1001629,320,0.5038151736176,C
1001630,898,0.2933431867773534,D
1001631,471,0.839198038386898,A
1001632,109,0.33348345454290274,A
1001633,493,0.6905929023869901,A
1001634,757,0.7169513780848701,B
1001635,147,0.5620492528410562,D
1001636,872,0.1547754950887874,C
1001637,959,0.006450800639516419,D
1001638,704,0.20069987412325185,A
1001639,454,0.3907138932917502,A
1001640,266,0.8216864586827163,D
1001641,631,0.12319653058315583,B
1001642,22,0.18480785296623536,B
1001643,205,0.4761583989893381,C
1001644,102,0.9590914144274875,D
1001645,281,0.39118922044203264,A
1001646,310,0.03408354256383317,D
1001647,215,0.3488340817581901,D
1001648,64,0.17449687910019784,B
1001649,736,0.5631477634555926,D
1001650,879,0.7866968671980448,C
1001651,310,0.9234769373679811,A
1001652,495,0.37652273448225115,D
1001653,674,0.1803745372298281,C
1001654,356,0.5844932244529949,D
1001655,162,0.23170431030199257,A
1001656,487,0.32365938097170943,B
1001657,814,0.23661718596094694,B
1001658,913,0.3840834629223784,D
1001659,646,0.8406793551851768,B
1001660,292,0.2254965394824202,B
1001661,828,0.7900042175672636,A
1001662,24,0.6291156631695652,A
1001663,559,0.8644911577698969,C
1001664,657,0.5281545035256108,B
1001665,360,0.35648519261538125,B
1001666,305,0.10091300396567204,D
1001667,366,0.06795281821819044,B
1001668,954,0.6112473569813892,C
1001669,58,0.5459416188114725,A
1001670,482,0.9369268858238409,C
1001671,30,0.03227472557161182,D
1001672,337,0.9241742622654494,A
1001673,926,0.610001710825345,A
1001674,627,0.929363586609017,D
1001675,700,0.7379235701121006,D
1001676,128,0.42971864865226883,D
1001677,141,0.11558319954538976,A
1001678,925,0.36770867073378777,B
1001679,10,0.22712588617999463,A
1001680,670,0.8904247004109944,C
1001681,125,0.6565902834892559,A
1001682,210,0.49492925185900316,C
1001683,299,0.8689709428969313,B
1001684,914,0.2675352492843489,A
1001685,973,0.6218717805013634,C
1001686,236,0.3049392010413755,B
1001687,450,0.6499080863907335,D
1001688,393,0.4953574986670052,D
1001689,781,0.34780453843790204,A
1001690,772,0.8931693608777097,C
1001691,221,0.7572522165428485,C
1001692,849,0.6215305211698711,D
1001693,950,0.7354144882589632,A
1001694,954,0.677969524915654,D
1001695,736,0.5683030543402757,C
1001696,946,0.2382269064476542,A
1001697,973,0.2743928215320174,B
1001698,302,0.3375323531857328,D
1001699,256,0.782426287628942,A
1001700,864,0.5566084103125519,D
1001701,564,0.31402653420935034,A
1001702,324,0.04195558692073609,B
1001703,735,0.04473306686117373,B
1001704,425,0.07139317424511182,D
1001705,383,0.4706850345617498,C
1001706,31,0.16031281924472685,A
1001707,732,0.7808737512085095,C
1001708,80,0.9551793491640048,B
1001709,515,0.9978129683020655,D
1001710,750,0.12124237304624219,A
1001711,483,0.6591977590653901,D
1001712,980,0.8802267790580228,C
1001713,235,0.448968021469594,D
1001714,598,0.6659026528756331,C
1001715,151,0.5760117508038896,B
1001716,728,0.9301251655061562,A
1001717,940,0.38811413127377914,D
1001718,623,0.6166295938772841,A
1001719,460,0.7406974795073619,D
1001720,137,0.7334431348998157,A
1001721,378,0.6739070910916086,D
1001722,593,0.5082278910582171,D
1001723,903,0.98920537330944,B
1001724,284,0.575137822922943,C
1001725,771,0.10611945334461215,B
1001726,285,0.14100312513095148,B
1001727,858,0.5086981710408981,B
1001728,550,0.7989920019740809,A
1001729,436,0.7320894185068061,B
1001730,684,0.1164626402291623,C
1001731,76,0.3271157157177268,C
1001732,753,0.5128441130524983,A
1001733,704,0.3148099250515737,A
1001734,325,0.19039867700212476,A
1001735,642,0.007970588251305588,B
1001736,385,0.8721148218450127,B
1001737,200,0.2652860467889563,B
1001738,767,0.21418907495735362,D
1001739,269,0.6133782221398519,B
1001740,357,0.4842330629412914,B
1001741,401,0.5978421073938002,D
1001742,116,0.347578575439517,D
1001743,131,0.7736817813081401,D
1001744,421,0.6872219311808052,A
1001745,220,0.8898106131776299,D
1001746,325,0.4112290843678891,D
1001747,211,0.7795520024395474,A
1001748,625,0.3296841765136669,A
1001749,21,0.8024128778218338,A
1001750,341,0.9122285645656334,A
1001751,50,0.5186489985172703,C
1001752,203,0.9852172967567511,D
1001753,234,0.2901874840355321,B
1001754,104,0.5014993205512867,D
1001755,253,0.03377801382883072,A
1001756,410,0.1311931894592634,C
1001757,720,0.7623859922039421,D
1001758,619,0.918974564610776,A
1001759,602,0.7926200061375193,B
1001760,879,0.31218970406630453,C
1001761,761,0.023431951568677833,C
1001762,590,0.4714003531380051,C
1001763,285,0.4833495191069169,B
1001764,731,0.10830429533325392,B
1001765,998,0.024891871194158588,B
1001766,111,0.6428185650006668,C
1001767,255,0.08388877765335556,D
1001768,858,0.4735146576419894,B
1001769,345,0.8343234222427902,A
1001770,578,0.5987300903091898,A
1001771,214,0.7550379303277246,D
1001772,511,0.3130161759218222,B
1001773,494,0.5144311156482043,A
1001774,766,0.12147768710700402,B
1001775,944,0.8802261924496528,C
1001776,330,0.61510048724372,C
1001777,665,0.16594567255316373,C
1001778,701,0.2044618413061926,C
1001779,619,0.25123936289630855,D
1001780,737,0.9961865384310198,B
1001781,160,0.06677200161257968,B
1001782,14,0.9278794988441517,C
1001783,746,0.305750320607981,D
1001784,554,0.6415993545902339,B
1001785,221,0.2799855334932003,C
1001786,104,0.12670408783021925,D
1001787,790,0.8534002199185637,C
1001788,892,0.615887192402012,D
1001789,150,0.143333331978458,D
1001790,483,0.3270893641006821,A
1001791,485,0.3549916320425408,C
1001792,80,0.8832856089277639,B
1001793,146,0.8398761036786678,D
1001794,807,0.25053903971141267,A
1001795,921,0.4354133729047486,C
1001796,354,0.7284915031796539,B
1001797,573,0.8762948363862939,B
1001798,199,0.005614538387867851,C
1001799,943,0.01299450253527168,C
1001800,58,0.9711406944109567,A
1001801,949,0.4708092883022992,D
1001802,768,0.5455873370724222,A
1001803,156,0.7056395764365506,B
1001804,63,0.31423655224945735,C
1001805,173,0.9057247488667836,C
1001806,14,0.9405451615489672,D
1001807,685,0.061483406014404385,B
1001808,151,0.7289570664363796,A
1001809,203,0.6887167059292333,D
1001810,88,0.5661892885735098,D
1001811,641,0.9657655955859077,B
1001812,965,0.9014791985197805,B
1001813,773,0.7381104687805087,C
1001814,450,0.2645451433391277,D
1001815,372,0.34885919669546583,D
1001816,703,0.8317304415291148,A
1001817,394,0.15570422662756422,B
1001818,444,0.34692153070873,C
1001819,564,0.8298576827580614,C
1001820,330,0.37228274765438896,D
1001821,602,0.9012748974103464,C
1001822,107,0.629472079566748,A
1001823,924,0.10020768781834477,C
1001824,589,0.6944984379035866,D
1001825,345,0.4825575923812079,D
1001826,110,0.42098598499517303,C
1001827,410,0.5930760504942773,B
1001828,170,0.92235359773474,B
1001829,769,0.13954920418479155,C
1001830,217,0.9128330459617521,D
1001831,248,0.7630561733018587,A
1001832,747,0.8726837964698109,D
1001833,73,0.34686718499890956,A
1001834,842,0.0015915379715450984,D
1001835,840,0.4806520568939049,C
1001836,854,0.10643055636378151,A
1001837,750,0.10140509647033058,D
1001838,519,0.38399028544350444,D
1001839,411,0.42245706745505074,A
1001840,649,0.11595841946926744,D
1001841,381,0.7810035308714753,C
1001842,995,0.36486178719753126,B
1001843,777,0.3834718232625297,A
1001844,604,0.2578365519464988,D
1001845,303,0.7668337510464291,A
1001846,273,0.17872818032830717,C
1001847,36,0.5957789056873566,C
1001848,37,0.5312685350975417,D
1001849,505,0.43110054651436713,C
1001850,632,0.24410070418398921,D
1001851,653,0.8124764776381618,A
1001852,742,0.07876486582884734,C
1001853,668,0.7426849147895378,A
1001854,526,0.539157627927092,B
1001855,818,0.048831219779226,D
1001856,705,0.7783089741000047,C
1001857,687,0.045742180977929814,D
1001858,132,0.27476865997205135,D
1001859,809,0.9758976223681618,C
1001860,332,0.22105771350653802,C
1001861,729,0.6093161540253086,D
1001862,430,0.6347726627828982,C
1001863,398,0.47560288704836884,A
1001864,399,0.2556925967554615,A
1001865,872,0.5713132915476233,A
1001866,498,0.5613257362317084,C
1001867,378,0.30403273025023214,C
1001868,478,0.029564568071816066,B
1001869,360,0.5648924367988913,D
1001870,761,0.4907568766897934,B
1001871,134,0.37842884367050034,A
1001872,410,0.5500703558960273,C
1001873,108,0.6642345777508457,C
1001874,548,0.5325083985341591,B
1001875,176,0.6833517768031424,A
1001876,668,0.4180999023783757,D
1001877,82,0.5995681700899057,D
1001878,93,0.9518460807971352,A
1001879,615,0.8835124804815639,D
1001880,523,0.8634382724242774,B
1001881,895,0.2393153248370512,D
1001882,943,0.1997853020036533,B
1001883,472,0.4591929260272306,D
1001884,656,0.11115729662542762,C
1001885,693,0.406346707545688,D
1001886,550,0.12098197427239155,A
1001887,61,0.2929630712543606,D
1001888,787,0.039906459773877745,D
1001889,949,0.5115596996938302,D
1001890,771,0.791618541715918,B
1001891,347,0.1419501000119342,B
1001892,710,0.07406955553771566,D
1001893,455,0.3306612133039083,D
1001894,264,0.5682311898119671,A
1001895,371,0.713803129577773,C
1001896,162,0.5676399293087019,C
1001897,450,0.6732787139332266,B
1001898,824,0.6950825164359292,B
1001899,299,0.8591476260440548,C
1001900,233,0.02800470479517536,B
1001901,310,0.14836336362536828,A
1001902,520,0.7454572384821814,D
1001903,921,0.1704101262420662,C
1001904,159,0.5871354256019776,C
1001905,383,0.3779787411198666,D
1001906,173,0.8707822600397234,D
1001907,808,0.11959141977128873,B
1001908,934,0.638636580901608,A
1001909,866,0.8188964857391077,B
1001910,207,0.36356033134642307,A
1001911,101,0.9520282695406308,A
1001912,984,0.5347538728014053,A
1001913,187,0.6896990383888292,B
1001914,284,0.091359196179438,B
1001915,850,0.9174668346618781,B
1001916,310,0.06086511319676069,B
1001917,603,0.21499394326130872,D
1001918,9,0.581713545544115,A
1001919,907,0.44264181537476077,B
1001920,825,0.6349325523854291,D
1001921,277,0.49260513954705143,B
1001922,494,0.5142002350371755,C
1001923,254,0.34114228394097346,C
1001924,450,0.11147005839071411,B
1001925,481,0.4957879272336577,B
1001926,703,0.5385900946152037,B
1001927,483,0.10291711751182608,C
1001928,215,0.5710084264866057,B
1001929,160,0.32568126139571496,D
1001930,609,0.7887486324974087,C
1001931,322,0.44970787546051205,D
1001932,402,0.7626952485525879,A
1001933,824,0.13993028532703033,D
1001934,573,0.7390169590670774,B
1001935,515,0.4401031498343009,C
1001936,491,0.9414941573237179,D
1001937,982,0.9088873468822886,D
1001938,384,0.05931682215213707,A
1001939,350,0.27604622049551986,C
1001940,75,0.32454551739378834,D
1001941,204,0.5618363848925021,D
1001942,266,0.5566744322406312,C
1001943,22,0.1404675675340049,A
1001944,728,0.7390582435873242,C
1001945,905,0.21481281656131168,C
1001946,765,0.9326812477643661,B
1001947,382,0.016201269371171167,D
1001948,503,0.2826464219005068,C
1001949,68,0.734433807995562,A
1001950,799,0.1123349259180012,B
1001951,866,0.8514859459380079,D
1001952,665,0.99294972561961,A
1001953,441,0.8177557682757445,D
1001954,155,0.650443697947483,A
1001955,799,0.6925861667056278,D
1001956,690,0.7677788386242037,D
1001957,681,0.200331552102624,C
1001958,888,0.5768560778543709,B
1001959,213,0.38041656501005805,D
1001960,834,0.12464931676426383,B
1001961,935,0.5783035362103457,A
1001962,619,0.3583903517550422,C
1001963,368,0.47797895413104097,A
1001964,307,0.2293588370062899,A
1001965,659,0.8101694240397677,D
1001966,662,0.8973311954980413,A
1001967,9,0.1279483029143662,B
1001968,424,0.8232507046869597,D
1001969,185,0.36506801008490775,A
1001970,382,0.908980852674134,C
1001971,328,0.02847818123749568,A
1001972,892,0.14434081251604058,D
1001973,739,0.5252046001683193,B
1001974,450,0.13440539581265798,A
1001975,684,0.7163152925401798,D
1001976,851,0.8519684714916314,B
1001977,97,0.7172680676269422,C
1001978,107,0.24977879394757296,C
1001979,997,0.46214916309979825,C
1001980,148,0.5793685595423752,A
1001981,927,0.7997713862734288,A
1001982,34,0.8353790923563555,B
1001983,492,0.48384486032784313,C
1001984,415,0.4521041139416305,B
1001985,269,0.5458794268955514,A
1001986,286,0.6554605049529004,C
1001987,467,0.6632480703033761,C
1001988,269,0.06311777071620717,C
1001989,26,0.9647535498687534,B
1001990,962,0.08296724383750964,B
1001991,199,0.14170842498550418,B
1001992,615,0.7799376931173443,A
1001993,371,0.5394572036744918,B
1001994,649,0.8589408145709653,B
1001995,155,0.5408215667470692,D
1001996,995,0.4212641410063541,D
1001997,684,0.311605350738427,A
1001998,429,0.3909996643022925,B
1001999,757,0.5859297286297462,B
1002000,105,0.7716580303650031,D
1002001,349,0.8752354776270894,A
1002002,172,0.8762423225474407,D
1002003,617,0.9597344368625207,C
1002004,986,0.43247731344159035,A
1002005,107,0.8651672435547827,C
1002006,750,0.2758656360561501,C
1002007,520,0.328829671588878,C
1002008,444,0.665628487361626,A
1002009,499,0.5606707603234098,D
1002010,531,0.8703934619221321,D
1002011,976,0.09857672881801072,A
1002012,688,0.7093052931412279,D
1002013,762,0.039864922667327884,D
1002014,884,0.5227653908526616,D
1002015,762,0.7776307719334762,A
1002016,968,0.3289622448295667,C
1002017,352,0.35237845013722446,B
1002018,269,0.7686111390116886,B
1002019,663,0.32188115075755686,D
1002020,757,0.80515567836341,B
1002021,415,0.31292434500008615,D
1002022,190,0.7565644784472613,B
1002023,497,0.35059390468151297,D
1002024,717,0.6423077401554979,C
1002025,551,0.17790810315289518,A
1002026,936,0.8769330506264431,D
1002027,834,0.8764644554812543,C
1002028,583,0.9707452735469609,C
1002029,224,0.24535173829746204,B
1002030,831,0.21596809584928078,A
1002031,494,0.8379307198446235,D
1002032,564,0.998372596264524,B
1002033,589,0.8886041410441896,D
1002034,267,0.7067459285020629,C
1002035,252,0.7955570782592551,B
1002036,725,0.47573770981550145,C
1002037,660,0.9764930125629366,B
1002038,856,0.05320145532666787,D
1002039,446,0.06465776229771969,B
1002040,58,0.8958416309029095,D
1002041,151,0.06377683342998475,C
1002042,258,0.9473511270920107,A
1002043,612,0.4908098163517566,B
1002044,713,0.6746676214386602,C
1002045,968,0.407141999484845,C
1002046,772,0.35834951391404624,A
1002047,165,0.7325563370780569,B
1002048,792,0.7588210030614598,B
1002049,122,0.33179011262286995,A
1002050,717,0.9490298903387268,D
1002051,485,0.13850950335909085,C
1002052,648,0.08156840011268973,D
1002053,62,0.9820101228142409,A
1002054,382,0.09549032277251113,A
1002055,12,0.00466102605208496,D
1002056,383,0.859358624140838,B
1002057,909,0.9580313696984013,A
1002058,530,0.16738530919127614,A
1002059,942,0.33739669574661746,D
1002060,561,0.8317701249483662,D
1002061,724,0.7546115282108053,A
1002062,93,0.6635125998765538,C
1002063,576,0.5750867925748668,D
1002064,658,0.20093208761931625,C
1002065,436,0.40423808571054654,D
1002066,398,0.3058975823045864,C
1002067,715,0.05511553978584793,A
1002068,765,0.9002763448005535,B
1002069,321,0.7392570528980793,A
1002070,520,0.523984438547647,B
1002071,379,0.6811333872317009,A
1002072,584,0.7101724286656332,C
1002073,935,0.2726149365991607,A
1002074,10,0.6265370971897478,D
1002075,732,0.9306193194912317,D
1002076,293,0.28470482569566435,C
1002077,146,0.44202381817252534,A
1002078,956,0.5036192891507608,B
1002079,14,0.9485894154959211,C
1002080,57,0.3913118644061263,B
1002081,65,0.22523559766980372,B
1002082,738,0.4388715924718206,D
1002083,294,0.556853131660059,B
1002084,987,0.31755355787808537,A
1002085,66,0.409924168274159,A
1002086,737,0.16991524192749974,C
1002087,239,0.005901607731084391,A
1002088,59,0.8137060656214301,A
1002089,558,0.07392401262963821,D
1002090,660,0.3860547489111754,D
1002091,243,0.6828811726761038,C
1002092,465,0.4791290828542897,B
1002093,900,0.3601351471531379,B
1002094,748,0.1743531596887088,D
1002095,900,0.5414985258257661,B
1002096,463,0.44389288836996355,D
1002097,408,0.13311467858633175,B
1002098,199,0.9480050047755698,C
1002099,883,0.763976579845535,D
1002100,314,0.213513682729226,B
1002101,422,0.0508857086256872,B
1002102,911,0.15671934678890898,D
1002103,442,0.18031523334383426,D
1002104,683,0.17234078998357039,B
1002105,411,0.5750691427428939,B
1002106,955,0.7633926243508227,A
1002107,99,0.786962256322496,A
1002108,931,0.31550003277844574,D
1002109,179,0.28974104898602127,A
1002110,163,0.9008170580905774,B
1002111,419,0.15828042150783583,D
1002112,287,0.6899637121557795,B
1002113,837,0.3623842293839319,D
1002114,585,0.18183366542557933,A
1002115,580,0.3438288188398172,C
1002116,403,0.916764007132396,A
1002117,201,0.9615751105116513,C
1002118,811,0.9487617744995449,A
1002119,818,0.49474989634719135,D
1002120,925,0.9159250559169377,D
1002121,313,0.2631133902738322,D
1002122,469,0.6594105219859197,C
1002123,32,0.13064985626965775,A
1002124,587,0.019212158789563616,D
1002125,384,0.33563491230304454,D
1002126,350,0.1323401327647734,C
1002127,267,0.552382649428423,D
1002128,86,0.8054751728938713,C
1002129,917,0.11352527158712933,B
1002130,826,0.34113480799019025,A
1002131,894,0.3309006377021344,A
1002132,124,0.0561664156924756,B
1002133,238,0.21021904088555743,A
1002134,542,0.19263858702811676,B
1002135,507,0.6054578252604155,B
1002136,692,0.5918120508269088,A
1002137,303,0.601553964706376,C
1002138,246,0.5305508450193931,C
1002139,61,0.6198453884992757,D
1002140,456,0.011998943814394258,A
1002141,789,0.9163333841746797,C
1002142,697,0.6055068573221232,A
1002143,268,0.7271489265540627,C
1002144,830,0.48044880755576036,D
1002145,762,0.19028505107843596,B
1002146,152,0.3994182524510477,A
1002147,927,0.17277994864462798,B
1002148,284,0.22773929081817013,D
1002149,741,0.4991368907157796,D
1002150,296,0.14147779520714587,D
1002151,162,0.33858050875707735,C
1002152,633,0.4289974317820874,A
1002153,132,0.5296367204330646,C
1002154,382,0.807124284569282,B
1002155,993,0.4735230435663833,A
1002156,239,0.910146123706354,C
1002157,937,0.9018399787882556,D
1002158,348,0.5772197976247818,C
1002159,199,0.9018558124239209,C
1002160,586,0.9711356826974515,B
1002161,607,0.6093871164099713,B
1002162,481,0.8905570508494771,C
1002163,901,0.09558265942441924,B
1002164,329,0.08130766845670012,D
1002165,922,0.8909105729098936,C
1002166,146,0.36378245687315447,A
1002167,494,0.5618778999605789,C
1002168,904,0.5363101676110799,B
1002169,619,0.12036241811230453,A
1002170,906,0.19494308176265795,C
1002171,838,0.8527010084011705,C
1002172,160,0.5938450652669316,C
1002173,488,0.3688219945263329,C
1002174,384,0.5501271190156434,D
1002175,331,0.39553769810496586,C
1002176,856,0.7605315002391784,C
1002177,774,0.568529628510635,A
1002178,734,0.7136641229083147,D
1002179,240,0.09185940589502128,C
1002180,158,0.5480975197467651,A
1002181,571,0.02422519812347812,B
1002182,686,0.3958087788466791,C
1002183,69,0.0401300206789702,A
1002184,902,0.3681182303216206,B
1002185,762,0.622791851173469,C
1002186,383,0.5108796238036437,B
1002187,687,0.5118051079661895,D
1002188,765,0.2986097844908363,B
1002189,837,0.3033706051181131,D
1002190,911,0.8843804288175862,C
1002191,335,0.4578843339102676,D
1002192,771,0.16525728941573903,D
1002193,611,0.28534247573467464,B
1002194,581,0.9612083968481957,A
1002195,975,0.681828616505582,A
1002196,240,0.455244577450989,C
1002197,288,0.7188708370862243,B
1002198,855,0.8569982158790863,D
1002199,376,0.4562574835174843,D
1002200,167,0.3732674617961148,C
1002201,564,0.5407670151121593,C
1002202,654,0.34678774630279574,B
1002203,411,0.37210991581890107,C
1002204,555,0.40782577812916665,D
1002205,477,0.4507687446005889,B
1002206,148,0.5987925480429074,B
1002207,142,0.9772319780011341,B
1002208,405,0.08174339550318843,D
1002209,106,0.575464591414038,C
1002210,680,0.9422898602835975,B
1002211,726,0.7877242441095391,D
1002212,959,0.39496051909864704,D
1002213,769,0.9879505791248875,B
1002214,659,0.4536540892399935,B
1002215,0,0.8931835352897196,A
1002216,73,0.06702184865946992,D
1002217,412,0.01056845261021333,C
1002218,941,0.4784394847990542,A
1002219,503,0.9770134615266176,D
1002220,788,0.09800681786761922,C
1002221,502,0.9946383165369043,D
1002222,646,0.9223108894676388,D
1002223,345,0.24137863966531103,D
1002224,875,0.45119898927625524,D
1002225,883,0.6752426905992247,A
1002226,455,0.06909960882419797,B
1002227,578,0.3881781086423074,A
1002228,120,0.6982165613527321,D
1002229,826,0.6538715355501321,B
1002230,597,0.8455384186904955,B
1002231,455,0.8084185101149978,A
1002232,969,0.6052059722153154,A
1002233,440,0.020537605199283382,C
1002234,556,0.10632811053562596,D
1002235,432,0.06693854976576075,A
1002236,366,0.47462551594769187,B
1002237,382,0.5573684741780659,D
1002238,40,0.23224829288160254,B
1002239,543,0.008857490892292041,B
1002240,648,0.6270297955081077,A
1002241,148,0.8611854743996115,A
1002242,74,0.5661574092859977,B
1002243,771,0.4135086226446252,C
1002244,856,0.8669354261809665,B
1002245,972,0.7904675938900357,D
1002246,892,0.7554301666866574,B
1002247,826,0.9866789051675108,C
1002248,619,0.32708776682113694,C
1002249,499,0.3860938530967958,B
1002250,529,0.616366659338518,A
1002251,274,0.9341608678642749,C
1002252,525,0.2278422289569052,C
1002253,421,0.2785221357934933,D
1002254,674,0.18835278427834845,B
1002255,302,0.1899660504393531,C
1002256,555,0.552903192647863,B
1002257,532,0.17341560957737834,C
1002258,252,0.20573382525243789,C
1002259,470,0.5374086152121382,B
1002260,73,0.2525356942745244,D
1002261,402,0.0032670726369797842,B
1002262,597,0.8211582398197923,D
1002263,501,0.5952717744415936,D
1002264,703,0.42326387915680364,A
1002265,580,0.05987988419723578,A
1002266,736,0.27717380437395045,D
1002267,584,0.7517265622819644,C
1002268,324,0.7623512239744685,B
1002269,997,0.26972915835343547,D
1002270,881,0.5997163344144042,D
1002271,768,0.3801626341270401,C
1002272,350,0.3220800162905142,D
1002273,630,0.3879006716476302,D
1002274,210,0.3729610528388301,A
1002275,857,0.6989288455492142,D
1002276,819,0.021879310823007425,C
1002277,660,0.5171697929434866,B
1002278,51,0.25039111881893394,C
1002279,801,0.7842629542337944,B
1002280,481,0.9420161055271625,B
1002281,779,0.36893059107071524,B
1002282,801,0.27927705245021883,B
1002283,818,0.48995651809517593,D
1002284,554,0.7262349382333342,D
1002285,965,0.519656146719571,D
1002286,959,0.40767829244506004,D
1002287,768,0.14717016704336128,B
1002288,812,0.30197213885456897,B
1002289,476,0.37156712176191387,B
1002290,944,0.10128484141393068,C
1002291,893,0.43338233290704686,C
1002292,564,0.4771080988684625,D
1002293,169,0.011056184709813843,A
1002294,533,0.3712664322863507,D
1002295,471,0.34692574755678074,C
1002296,37,0.6663200168260028,A
1002297,731,0.4398614595193403,C
1002298,198,0.417589052017567,B
1002299,581,0.25514788173456704,B
1002300,745,0.9794581336685745,D
1002301,571,0.5479253596750668,C
1002302,680,0.3265330681704667,B
1002303,698,0.8353586548310823,C
1002304,796,0.8965901229180138,B
1002305,307,0.498874373531052,D
1002306,409,0.4192915303004746,C
1002307,67,0.774966041102685,A
1002308,219,0.40531769715328236,B
1002309,8,0.15004624828972257,D
1002310,663,0.15188767754910337,A
1002311,702,0.918083569606821,C
1002312,585,0.08752018988452726,B
1002313,856,0.5260874932384737,C
1002314,98,0.49641552274289413,B
1002315,290,0.03203373695458078,C
1002316,166,0.6949087714602076,D
1002317,313,0.2936532695106373,D
1002318,334,0.21054728508503195,D
1002319,327,0.5792703050319407,D
1002320,565,0.7293804555212765,C
1002321,214,0.8955896383019408,A
1002322,989,0.3974896355250833,C
1002323,432,0.6584048145621149,B
1002324,351,0.8002086253082523,C
1002325,206,0.21106176188443482,C
1002326,674,0.8577740843336691,C
1002327,400,0.8895863706524308,B
1002328,819,0.039425234906021456,C
1002329,773,0.4564363661744718,C
1002330,585,0.23094523640788722,C
1002331,228,0.4492713381700255,C
1002332,872,0.03871047360253532,B
1002333,926,0.579563723907932,D
1002334,833,0.8994938920925999,D
1002335,813,0.7667792487145934,C
1002336,679,0.05119569224592735,B
1002337,677,0.5523592553105736,A
1002338,743,0.32858738435236146,B
1002339,251,0.9465785583843627,A
1002340,264,0.16902263207329182,C
1002341,263,0.41557564706997174,D
1002342,708,0.5486806678699151,A
1002343,476,0.5107795977748745,D
1002344,629,0.2783005668632462,A
1002345,18,0.9109199338695396,A
1002346,198,0.4786903559499497,C
1002347,495,0.7734633802350943,A
1002348,232,0.8345111657457479,D
1002349,789,0.45785318603571945,C
1002350,377,0.1991130776701162,A
1002351,363,0.01712132981168024,C
1002352,346,0.415533682329451,A
1002353,533,0.5614122879961516,A
1002354,139,0.47342981021363584,C
1002355,324,0.2460375749473137,D
1002356,987,0.9984031031796297,C
1002357,872,0.10012261839607473,A
1002358,819,0.0788388642036868,A
1002359,772,0.5413063311053306,A
1002360,562,0.9352093083959957,C
1002361,673,0.29754605964150804,D
1002362,53,0.13689163378438018,A
1002363,4,0.10682869621666047,D
1002364,109,0.26428225009744566,B
1002365,940,0.5690152250282277,A
1002366,831,0.016845490562287457,B
1002367,725,0.12666142113037093,B
1002368,813,0.7298512740154736,B
1002369,243,0.059371660871230914,B
1002370,682,0.38844113940352043,C
1002371,294,0.26936023867898184,A
1002372,430,0.2549992848063827,D
1002373,594,0.11997723554949724,B
1002374,2,0.6518529967233908,A
1002375,14,0.41335583557899036,C
1002376,663,0.7855974817517709,C
1002377,531,0.6803145280112668,D
1002378,206,0.8577562319863704,B
1002379,878,0.9467651595346894,B
1002380,66,0.5864844505073804,C
1002381,229,0.4493430718848407,C
1002382,497,0.38458164944405016,B
1002383,260,0.6899078495713665,C
1002384,528,0.7994613372550694,D
1002385,876,0.6135941190601413,B
1002386,508,0.9774517456317529,A
1002387,788,0.5538723872581582,C
1002388,823,0.2719415618940618,B
1002389,411,0.6698362815522404,C
1002390,917,0.13699573450762348,D
1002391,756,0.07260396408002934,D
1002392,138,0.22073215796071644,B
1002393,549,0.7464177357338889,B
1002394,171,0.6572970208326459,A
1002395,712,0.16429435481801158,A
1002396,585,0.021361400688429066,C
1002397,137,0.03149090050068659,B
1002398,774,0.8801663649163589,C
1002399,442,0.1539294770949865,A
1002400,568,0.8838286375786494,C
1002401,676,0.5672936232059268,D
1002402,219,0.9262131134675025,A
1002403,476,0.9272475696431454,A
1002404,129,0.9008309398129001,B
1002405,717,0.5335428934511737,A
1002406,490,0.39460705153147113,B
1002407,905,0.07417293072860487,A
1002408,550,0.09353652789934142,C
1002409,139,0.8281101076179002,A
1002410,151,0.6248400467809114,A
1002411,649,0.5467262795579201,C
1002412,827,0.6370391963857452,A
1002413,663,0.37153949631189975,A
1002414,153,0.988402905712551,C
1002415,117,0.7946895652581677,C
1002416,488,0.28718380250885467,A
1002417,636,0.7883098575656103,C
1002418,153,0.40518334789366395,A
1002419,233,0.9906675392511518,C
1002420,50,0.3662106417873976,B
1002421,384,0.7295996847888316,A
1002422,481,0.053036722591012,B
1002423,571,0.4600236536420218,C
1002424,975,0.9385970224153722,B
1002425,127,0.8902049851104128,A
1002426,750,0.2586616274874809,B
1002427,971,0.4736417718115986,B
1002428,198,0.3780879208310052,B
1002429,663,0.06416592299721169,C
1002430,302,0.7259896112298304,C
1002431,133,0.36825651468522447,D
1002432,399,0.156672010978133,C
1002433,699,0.18695531259352782,B
1002434,23,0.668664374087802,D
1002435,589,0.9599717022085333,A
1002436,182,0.8304156361691649,C
1002437,995,0.13425384808840368,A
1002438,704,0.33992900727347264,C
1002439,654,0.05752342934255317,C
1002440,322,0.8834802486663912,A
1002441,227,0.8067049916194087,A
1002442,477,0.7212517252459864,A
1002443,49,0.6064564956396092,B
1002444,202,0.4925810561834444,B
1002445,330,0.9994435774215877,A
1002446,508,0.7583983537681473,C
1002447,737,0.8640158737039124,A
1002448,536,0.9243264795327201,B
1002449,386,0.333851959349759,D
1002450,290,0.823040924809886,A
1002451,929,0.41551090714836203,A
1002452,696,0.21370176517785644,C
1002453,811,0.34579257021789467,A
1002454,293,0.10885613813422113,C
1002455,517,0.14788232053444939,B
1002456,301,0.1300524511909502,D
1002457,43,0.8295830739053782,A
1002458,47,0.5193392537063831,A
1002459,906,0.20318220824988253,D
1002460,90,0.8181723048629999,A
1002461,217,0.0999457460104427,B
1002462,187,0.4362404612603895,A
1002463,867,0.48527015316839184,B
1002464,215,0.9839198777414272,C
1002465,986,0.0403418400572878,B
1002466,5,0.7938113698945185,D
1002467,934,0.5502882133175292,B
1002468,741,0.12413712630719198,A
1002469,379,0.45153388895919744,A
1002470,841,0.047491263653334004,C
1002471,594,0.7075472180905932,C
1002472,186,0.9349615947587288,D
1002473,826,0.16560104044418822,D
1002474,586,0.8080700589408576,C
1002475,657,0.6046600547395247,D
1002476,393,0.6367770057315763,B
1002477,633,0.7922985551867913,B
1002478,573,0.9606280322188812,A
1002479,716,0.02296067021804038,D
1002480,221,0.3095017564420376,B
1002481,621,0.2203973481489575,C
1002482,249,0.8985218998049598,B
1002483,918,0.5611532908455447,A
1002484,120,0.9815980504636188,D
1002485,692,0.14661226745058276,C
1002486,387,0.3447174236694346,A
1002487,321,0.5715070168439483,A
1002488,152,0.2406007989318013,C
1002489,278,0.6260412849410913,A
1002490,444,0.6003924413820577,D
1002491,206,0.07505673975657001,B
1002492,342,0.8235605431310278,A
1002493,57,0.6120676223060876,C
1002494,421,0.6269776757333287,A
1002495,377,0.2205107706599152,C
1002496,288,0.3907379669123313,A
1002497,965,0.44902508620497217,B
1002498,412,0.7629663561509273,D
1002499,133,0.5963120098202906,C
1002500,893,0.4920941049232197,D
1002501,68,0.7691131366620948,C
1002502,546,0.2627990772363401,B
1002503,952,0.17124848963781125,C
1002504,167,0.00046444222204045094,A
1002505,685,0.317755938562425,D
1002506,587,0.9764331083369644,D
1002507,50,0.7259866443368631,B
1002508,330,0.047785625911139884,D
1002509,44,0.9730785698999562,A
1002510,256,0.8320004202545839,D
1002511,110,0.927683950526813,D
1002512,809,0.4996583064442601,B
1002513,549,0.8273227824448943,A
1002514,198,0.2610983663754499,D
1002515,849,0.4913058488398383,D
1002516,181,0.5435117533917109,C
1002517,23,0.4928260876656151,D
1002518,949,0.9944676914736252,D
1002519,62,0.4026593406565787,D
1002520,163,0.0861891284000188,D
1002521,894,0.659555147335235,A
1002522,458,0.9370587624974617,C
1002523,153,0.732489646023975,B
1002524,407,0.9689165387803742,A
1002525,604,0.5342595038754558,C
1002526,295,0.7833493318164804,A
1002527,235,0.6623135793340496,D
1002528,612,0.7167510590807082,C
1002529,992,0.29186761117257665,B
1002530,345,0.846135532374864,A
1002531,86,0.2835659336058748,D
1002532,558,0.5075349022290516,A
1002533,670,0.4414055577789672,C
1002534,191,0.02621789227354787,D
1002535,642,0.6636921984952493,D
1002536,544,0.49247117627020476,B
1002537,588,0.9153182762597841,D
1002538,865,0.15391532210294157,B
1002539,590,0.1961535848223206,A
1002540,544,0.31825385750504376,A
1002541,190,0.6823387267082941,B
1002542,634,0.33187693123230644,D
1002543,39,0.030634140022182788,A
1002544,403,0.19610724702741322,C
1002545,301,0.18568888782189197,B
1002546,974,0.13309790703300817,C
1002547,983,0.901517889825785,A
1002548,937,0.32788066705019614,C
1002549,954,0.4833028404258085,C
1002550,226,0.8683342985406345,B
1002551,622,0.7816825783732345,C
1002552,108,0.5599335186974352,D
1002553,269,0.9562589778473904,C
1002554,294,0.824861990375124,B
1002555,122,0.8777500664847099,A
1002556,341,0.5819769593776614,C
1002557,866,0.9506227338651179,A
1002558,970,0.9975934931785888,D
1002559,61,0.6050717661716176,B
1002560,877,0.7669859256469924,D
1002561,828,0.9128928542836885,D
1002562,518,0.4155126720092862,D
1002563,452,0.2795380823213619,B
1002564,345,0.9831539298653742,C
1002565,647,0.3395362029439791,D
1002566,861,0.6136478207113789,B
1002567,131,0.3045417141765737,A
1002568,235,0.5863313276122514,B
1002569,898,0.8258174425593321,A
1002570,435,0.5555460508030289,B
1002571,102,0.2839094795529725,C
1002572,537,0.616908568017688,D
1002573,634,0.9951004215831868,D
1002574,959,0.2220855163266683,D
1002575,807,0.44106382667542077,C
1002576,423,0.1497046854116031,A
1002577,720,0.16770894765288458,C
1002578,223,0.8053847611961308,B
1002579,556,0.8077291534569563,A
1002580,136,0.19042371836556982,A
1002581,7,0.6269119628136564,A
1002582,723,0.08709189046291488,D
1002583,996,0.36318739922375454,C
1002584,964,0.03269377593274592,B
1002585,92,0.5109281675269305,D
1002586,567,0.2410889471289236,A
1002587,450,0.9603505814144743,D
1002588,745,0.21726992671038936,B
1002589,219,0.7409945757086595,B
1002590,874,0.5851767366779064,C
1002591,372,0.7024702501606308,B
1002592,876,0.8945216502261426,B
1002593,962,0.3080614154545833,D
1002594,761,0.8825063444160057,B
1002595,830,0.9530774114648324,D
1002596,732,0.7250297748780169,B
1002597,844,0.8479438711748587,D
1002598,932,0.49770091264519556,A
1002599,248,0.13066832832425512,A
1002600,770,0.972085223336193,B
1002601,809,0.7261093174142998,A
1002602,192,0.1732663291518174,A
1002603,500,0.606579965433723,D
1002604,515,0.5059153948994206,D
1002605,215,0.6933196093140626,C
1002606,526,0.3573642684866205,B
1002607,547,0.39434576723204984,A
1002608,328,0.1094808389262465,A
1002609,584,0.8985397363345127,A
1002610,171,0.77922051345454,C
1002611,24,0.09247505890422059,B
1002612,888,0.734922122295059,B
1002613,946,0.7004019987591653,D
1002614,142,0.05350346204017031,A
1002615,760,0.925530653664136,D
1002616,747,0.21408922252821194,C
1002617,197,0.43144855186554487,C
1002618,830,0.3014651669312175,A
1002619,537,0.14061121584422132,C
1002620,198,0.7006256941472969,C
1002621,389,0.8396460621876687,A
1002622,753,0.6551563888880317,B
1002623,682,0.5688700869396534,C
1002624,334,0.5396393266818718,D
1002625,165,0.47931049936120795,D
1002626,22,0.41234114191086024,B
1002627,967,0.9011200003850436,C
1002628,657,0.0075774730878837016,C
1002629,936,0.7684124904858968,D
1002630,66,0.3708880055160244,C
1002631,125,0.038730391913797346,A
1002632,811,0.4125727307337772,B
1002633,43,0.5443726331973747,A
1002634,686,0.36624388730348056,A
1002635,110,0.9742011676931306,A
1002636,234,0.3321392914631036,A
1002637,976,0.27554779121304396,C
1002638,880,0.5281223258105376,C
1002639,439,0.5961602870655108,D
1002640,822,0.8721680997088911,B
1002641,412,0.15658447014231558,D
1002642,603,0.024933381044090153,A
1002643,478,0.12432341958529791,C
1002644,241,0.5438779873272231,A
1002645,576,0.75728723183225,C
1002646,3,0.31504697538383686,A
1002647,513,0.037897808908163966,C
1002648,850,0.597933335764048,D
1002649,541,0.989697892165366,B
1002650,66,0.1986637820545416,D
1002651,123,0.8136653036965151,D
1002652,569,0.7499067581639887,A
1002653,685,0.5909750654929976,C
1002654,582,0.9119696327592316,D
1002655,142,0.02630695115284798,D
1002656,864,0.17152818371125444,A
1002657,675,0.02742940657455195,C
1002658,966,0.9732394948541062,A
1002659,585,0.5129552378913308,D
1002660,640,0.5876474005325302,C
1002661,520,0.03053578596799711,A
1002662,950,0.3990016571742563,C
1002663,141,0.16071632324034468,A
1002664,525,0.7374455699853769,B
1002665,450,0.9725191556427477,C
1002666,95,0.8288106385066555,B
1002667,412,0.09150370780087669,A
1002668,836,0.5904299413443812,B
1002669,686,0.4234745171642966,B
1002670,770,0.3921045331552325,D
1002671,650,0.05002537568758769,A
1002672,363,0.22933726544217758,A
1002673,657,0.24811151755622984,D
1002674,915,0.8084799251774731,B
1002675,386,0.3540425830111569,D
1002676,817,0.8589933202029135,D
1002677,948,0.4216325111837016,C
1002678,385,0.38373067637382774,B
1002679,271,0.9355565057084257,D
1002680,778,0.2431580485814795,D
1002681,559,0.1250576972987003,B
1002682,409,0.5327034421018348,B
1002683,42,0.8803342762284594,B
1002684,589,0.06814986038889315,A
1002685,853,0.06340997732566178,C
1002686,254,0.35774711267040016,B
1002687,523,0.09439555854058479,C
1002688,22,0.9100097579179209,C
1002689,66,0.7723998689337612,B
1002690,264,0.5945471937823306,A
1002691,554,0.9564261057045542,A
1002692,148,0.09689811074360155,A
1002693,868,0.9952764071865846,B
1002694,189,0.9191167234966132,D
1002695,432,0.6164681662855144,B
1002696,998,0.5817695885585812,D
1002697,390,0.5672213979985588,A
1002698,267,0.9788961880919014,A
1002699,613,0.6795230446799205,A
1002700,799,0.47775671627137073,C
1002701,45,0.3512610429032781,A
1002702,770,0.7712923925760342,D
1002703,663,0.12576303705579273,C
1002704,57,0.3789829275422404,A
1002705,586,0.3011327595039722,B
1002706,994,0.5803638938830625,B
1002707,885,0.2739716975801969,D
1002708,913,0.02918420412547995,D
1002709,29,0.4251514608476745,B
1002710,296,0.054192402276387,D
1002711,342,0.6036504626888047,C
1002712,954,0.6752675505391929,B
1002713,672,0.47394842885893773,D
1002714,834,0.9565452952027398,D
1002715,15,0.1083478515936831,D
1002716,506,0.9916369658621353,B
1002717,609,0.8824785496426267,C
1002718,747,0.3858694498717663,A
1002719,358,0.9737029136642886,B
1002720,179,0.3097629482143871,A
1002721,570,0.6947161238728355,B
1002722,332,0.8786499519140853,C
1002723,376,0.2852069486097025,D
1002724,149,0.8698703288794258,A
1002725,629,0.7653499896562023,D
1002726,962,0.6207900325465189,A
1002727,656,0.6785182188619784,B
1002728,551,0.3795069730660542,B
1002729,12,0.6550547968067376,A
1002730,650,0.19436191792190172,D
1002731,811,0.9788608568127781,C
1002732,558,0.503041318280574,B
1002733,915,0.22943725683558036,B
1002734,806,0.6343691925727301,A
1002735,70,0.7151553844853263,D
1002736,293,0.5141885869577749,A
1002737,978,0.3594644610706922,C
1002738,900,0.3616317636402996,A
1002739,634,0.2174426946814093,A
1002740,685,0.32049857259484793,A
1002741,524,0.6610704753954467,D
1002742,581,0.5792797239540886,B
1002743,613,0.06092086662407992,C
1002744,719,0.13284490136437443,D
1002745,140,0.25379311574132857,B
1002746,612,0.5404470246113761,D
1002747,258,0.17502954801767778,B
1002748,241,0.23826716518411906,A
1002749,675,0.5497056283054439,A
1002750,946,0.04937610560425132,B
1002751,861,0.6313790872459597,D
1002752,395,0.12170270838740527,A
1002753,240,0.8977410685496965,C
1002754,249,0.6411532829955618,A
1002755,522,0.7551171485138287,D
1002756,656,0.13825269933780582,C
1002757,323,0.8320575257858723,A
1002758,602,0.3791894051248943,A
1002759,399,0.42208180031681464,A
1002760,331,0.10057158320265469,C
1002761,480,0.04195766540462331,A
1002762,778,0.19464733771902698,D
1002763,207,0.2942010950592241,B
1002764,743,0.5674680513486393,D
1002765,568,0.520039013756112,A
1002766,698,0.6604118394914174,D
1002767,74,0.36408436321195115,C
1002768,439,0.18061008574829507,D
1002769,534,0.5773122277786419,B
1002770,875,0.005844360299798956,C
1002771,321,0.9715154242317148,A
1002772,92,0.6709642093476147,B
1002773,189,0.7840583553510031,A
1002774,689,0.797234653195632,B
1002775,601,0.07444813437222764,A
1002776,902,0.9957033016786944,C
1002777,748,0.36644134868980227,B
1002778,300,0.37284841005583524,A
1002779,129,0.0028861451515691527,B
1002780,50,0.06336933100311648,D
1002781,625,0.32809835588503,C
1002782,667,0.9453198679716438,B
1002783,946,0.9312321975442863,C
1002784,656,0.6980149504025139,A
1002785,15,0.0046034973634860865,D
1002786,849,0.987974261147125,A
1002787,587,0.7852075868268189,C
1002788,300,0.2270033419931543,B
1002789,534,0.46832521567645935,B
1002790,527,0.9256954650674065,D
1002791,84,0.21321739183140187,A
1002792,625,0.4032816903425681,B
1002793,368,0.4378503952624915,B
1002794,445,0.03891779292622144,D
1002795,257,0.8909957505730965,B
1002796,310,0.9676730049913879,C
1002797,992,0.8498096562766677,D
1002798,51,0.3934735459097183,D
1002799,343,0.35243921786592614,C
1002800,844,0.009733167246480434,A
1002801,959,0.3333064980977277,C
1002802,316,0.7306198703315581,A
1002803,965,0.4451852119116273,D
1002804,635,0.37094903677237967,B
1002805,963,0.08315782757541479,B
1002806,365,0.8719229397325138,A
1002807,941,0.05077390431567952,C
1002808,952,0.18309277971465576,C
1002809,702,0.6863936080649535,C
1002810,911,0.6176352079196593,A
1002811,563,0.0495174820031995,C
1002812,760,0.5898871919071034,C
1002813,28,0.9134552868500323,A
1002814,636,0.21623180039103862,C
1002815,12,0.20326343692861026,A
1002816,628,0.9098572812512162,B
1002817,344,0.8805001274896682,B
1002818,367,0.346108174025753,B
1002819,580,0.3404676105566913,A
1002820,963,0.5776090324897186,A
1002821,438,0.9429045909196672,A
1002822,696,0.1253063881148132,B
1002823,198,0.570275998475239,C
1002824,715,0.9631801544617895,C
1002825,797,0.14945162995781847,B
1002826,47,0.3561694938263691,A
1002827,782,0.9590752314106662,D
1002828,259,0.24297571937698492,B
1002829,569,0.7899543939681467,D
1002830,881,0.18606804376637065,B
1002831,754,0.5935966951479467,D
1002832,144,0.45757312603327627,C
1002833,191,0.07773768347378451,D
1002834,6,0.18093254558030603,D
1002835,980,0.16824849023651067,B
1002836,804,0.12449293972741038,D
1002837,4,0.6863954541537319,A
1002838,563,0.08155303247518852,C
1002839,767,0.46375000246068365,D
1002840,529,0.04445706836007324,A
1002841,618,0.858080105602348,A
1002842,384,0.6086564879313472,B
1002843,930,0.5818844622343172,B
1002844,282,0.33169884205941047,C
1002845,141,0.16812135817395502,D
1002846,218,0.6150419063459749,B
1002847,948,0.8386826588167424,B
1002848,216,0.7311422685658864,A
1002849,616,0.7105401843509307,A
1002850,129,0.735719290579131,A
1002851,152,0.2190175194470234,B
1002852,236,0.9349027263237297,D
1002853,98,0.6111052448844095,B
1002854,91,0.4157105735140757,A
1002855,41,0.8606006051964331,B
1002856,767,0.9557866493678534,B
1002857,840,0.2759056990361275,D
1002858,906,0.36857440299420796,D
1002859,37,0.44097527090692756,D
1002860,140,0.9196351530309665,C
1002861,568,0.695426339809309,C
1002862,154,0.10141186177117967,A
1002863,752,0.4929923113371695,A
1002864,637,0.9303051561680726,B
1002865,245,0.7243548878366864,A
1002866,615,0.5708936280213168,D
1002867,246,0.07754832564805125,C
1002868,541,0.49950824980190234,A
1002869,273,0.3697949339715175,D
1002870,399,0.9161376035945784,C
1002871,729,0.8949144908826947,C
1002872,790,0.9427414156607372,C
1002873,483,0.9911282051894541,C
1002874,608,0.7769207470326852,D
1002875,939,0.9398961015518716,A
1002876,390,0.3970748879170942,D
1002877,602,0.9872991302509861,C
1002878,557,0.5835212111131349,B
1002879,422,0.22001071764368918,D
1002880,925,0.018071972057131402,A
1002881,841,0.3562678614240329,B
1002882,562,0.44663413682861686,C
1002883,286,0.7391243792791751,B
1002884,816,0.4606546629947542,C
1002885,666,0.8902935212754652,D
1002886,988,0.16360064498851912,A
1002887,541,0.4109221383678364,C
1002888,840,0.14758790450218606,D
1002889,331,0.4067376344524344,B
1002890,717,0.3571099178142182,B
1002891,64,0.024586609956410266,C
1002892,531,0.6582852973348164,A
1002893,182,0.7294882247449723,A
1002894,308,0.2267091644380953,A
1002895,710,0.08684459696991087,B
1002896,354,0.3510644265203722,B
1002897,794,0.3907654224038888,A
1002898,660,0.18648703080127738,D
1002899,360,0.8272469929847963,B
1002900,709,0.7708578244945523,D
1002901,617,0.6079237176053698,A
1002902,710,0.828305519330516,B
1002903,509,0.7879121971101232,A
1002904,826,0.15839492402795619,B
1002905,865,0.9521502019735173,B
1002906,694,0.5602206634888053,B
1002907,91,0.9636574973093729,D
1002908,812,0.841814515220127,D
1002909,780,0.26213837067881496,C
1002910,520,0.016887326797399127,A
1002911,299,0.2537563070441654,B
1002912,686,0.8580643366319441,B
1002913,835,0.6650040521533221,B
1002914,345,0.21106353678994338,A
1002915,490,0.8644932493473443,B
1002916,56,0.2715560227395575,D
1002917,322,0.22911517960408212,C
1002918,803,0.2868237842915221,D
1002919,374,0.38611631887597997,C
1002920,283,0.79075415787208,A
1002921,74,0.7992821646800629,A
1002922,350,0.3299483167250842,C
1002923,216,0.5909346142488758,D
1002924,508,0.3577527016762908,B
1002925,887,0.6520289741168201,A
1002926,440,0.9059369411068775,D
1002927,580,0.6472662795625866,D
1002928,782,0.028318371328579284,C
1002929,590,0.9638347292722603,D
1002930,557,0.42035659665179903,B
1002931,958,0.20800486907887916,C
1002932,788,0.38223123795401803,C
1002933,742,0.785637710826236,C
1002934,655,0.4560948073829777,C
1002935,681,0.7625153022651258,D
1002936,458,0.5930858585993865,C
1002937,34,0.2569315646432411,C
1002938,225,0.4702597722350049,A
1002939,756,0.38612093012818316,C
1002940,436,0.6164587004964908,D
1002941,665,0.3580934043031423,D
1002942,379,0.5935644542124244,A
1002943,211,0.4265664540209596,B
1002944,635,0.8499389257996611,C
1002945,402,0.3486809426740053,C
1002946,445,0.24801367743713476,C
1002947,226,0.3073915519493571,C
1002948,124,0.3955219281419029,B
1002949,248,0.8337833933955967,C
1002950,461,0.28508888353716544,C
1002951,716,0.5613572386751872,B
1002952,430,0.1283037037062551,D
1002953,957,0.21852628132944674,C
1002954,356,0.19271639203328939,D
1002955,135,0.8591435088049323,B
1002956,443,0.8482565678982933,D
1002957,723,0.5949055954188579,B
1002958,345,0.6280044442232013,D
1002959,369,0.5525504745419668,B
1002960,335,0.39654877325807725,B
1002961,563,0.3709866110090756,B
1002962,110,0.018716568509175024,B
1002963,461,0.7142056195396599,D
1002964,759,0.69314643498359,D
1002965,851,0.028020404522638986,C
1002966,724,0.8971863921051345,C
1002967,982,0.05012303704761434,A
1002968,678,0.9722789040751423,D
1002969,624,0.9443200549507954,D
1002970,893,0.7538916984370467,B
1002971,110,0.21552623960682127,A
1002972,922,0.42777628290141523,D
1002973,355,0.7509037614899181,C
1002974,569,0.7695824746662014,D
1002975,939,0.9507613390118164,B
1002976,828,0.7413988992360477,A
1002977,423,0.9162918242165854,C
1002978,904,0.5464645360601689,A
1002979,651,0.6909838206707852,C
1002980,958,0.8622655211603397,C
1002981,232,0.536822936478236,D
1002982,151,0.3394783996476921,A
1002983,351,0.3852773859665015,C
1002984,260,0.9148580991263183,B
1002985,42,0.2357061929769,C
1002986,566,0.4159286603878618,A
1002987,938,0.8908554015755501,A
1002988,36,0.7979377480542623,B
1002989,154,0.3525217779246643,C
1002990,363,0.1782027974588991,C
1002991,907,0.8973998856866218,A
1002992,260,0.2497733400785329,D
1002993,830,0.2606730803184405,D
1002994,1,0.6923560763864104,B
1002995,511,0.5085745721997343,C
1002996,699,0.3775231597271206,C
1002997,718,0.9037737487380156,D
1002998,673,0.20920307308404384,C
1002999,157,0.017536866801685536,A
1003000,85,0.14175988591850697,B
1003001,949,0.15766791366718236,C
1003002,717,0.5815656513141333,B
1003003,740,0.29665897536337593,B
1003004,265,0.623502377527744,A
1003005,684,0.5512248377475324,A
1003006,872,0.8509914519224281,B
1003007,303,0.5113617976214458,A
1003008,381,0.538326406133575,D
1003009,427,0.5357854627035821,D
1003010,550,0.058487641732867135,C
1003011,537,0.480441542301714,C
1003012,335,0.7759383822735321,D
1003013,411,0.281768977237728,D
1003014,318,0.7750707920294686,A
1003015,445,0.7242204705573706,B
1003016,184,0.11179306067910044,B
1003017,952,0.43611871308582506,B
1003018,222,0.7958376852615195,A
1003019,497,0.9376609065464131,A
1003020,624,0.5940614638981537,C
1003021,707,0.5268459476272395,B
1003022,715,0.19916248404155412,A
1003023,165,0.5392413685967069,B
1003024,405,0.18855205828672772,A
1003025,920,0.23494331203276886,A
1003026,705,0.16183882150728124,D
1003027,175,0.6599847583350048,A
1003028,442,0.16401409970696978,D
1003029,910,0.20680912496160064,D
1003030,808,0.8827639517168593,B
1003031,85,0.5056581820266134,A
1003032,986,0.542331024356566,D
1003033,623,0.15235456153116633,B
1003034,876,0.06330068803098032,D
1003035,960,0.7642538453361629,A
1003036,740,0.3702340709084404,B
1003037,535,0.10045115542635763,C
1003038,113,0.3523432908202483,D
1003039,873,0.5332410085443519,B
1003040,709,0.29890857897656786,D
1003041,841,0.7318843316337115,D
1003042,976,0.8219753161017133,D
1003043,849,0.09420079095934186,C
1003044,579,0.8911091309221394,B
1003045,651,0.009032463759156117,D
1003046,305,0.8865944306291914,A
1003047,486,0.1427193862559808,D
1003048,311,0.06292913678638512,D
1003049,633,0.39635727915489083,A
1003050,3,0.5532457961279665,D
1003051,696,0.49803052287481797,C
1003052,632,0.8506082264406872,C
1003053,821,0.5040683511419586,C
1003054,966,0.6299137498688897,B
1003055,595,0.5364348129065876,A
1003056,546,0.027954379210033187,C
1003057,655,0.5147696644529963,D
1003058,616,0.9017318044692766,A
1003059,183,0.2705595756667948,C
1003060,106,0.7701724411654437,A
1003061,898,0.5396239725733876,B
1003062,823,0.04114900775164376,D
1003063,834,0.5408571031023951,B
1003064,609,0.7368933444747836,C
1003065,108,0.5533322121771647,D
1003066,412,0.10182251477371052,C
1003067,208,0.01728739523262124,C
1003068,196,0.8254680219164111,C
1003069,53,0.5026536119071395,D
1003070,934,0.019505677026716572,A
1003071,483,0.16199548106227357,A
1003072,125,0.04760544174109538,C
1003073,351,0.9546921433652897,D
1003074,611,0.43618795925559617,D
1003075,675,0.29489521264714613,A
1003076,295,0.6847342981805455,C
1003077,228,0.6007822710057601,C
1003078,57,0.0033243055717819825,B
1003079,797,0.4723014253141623,B
1003080,993,0.46331443261096983,B
1003081,657,0.5455778072141587,B
1003082,354,0.5556850531770662,C
1003083,332,0.170969189561491,C
1003084,335,0.48925353861036436,A
1003085,749,0.7433499012378962,C
1003086,825,0.9799822983970945,D
1003087,208,0.03664702425427757,B
1003088,547,0.030285166369717786,B
1003089,205,0.23964592684431585,B
1003090,910,0.17508257785502856,A
1003091,445,0.1839544871149189,A
1003092,217,0.9265821749526084,B
1003093,51,0.10152716571006215,A
1003094,489,0.18799152443213285,C
1003095,387,0.9335153636528944,D
1003096,954,0.06530440588993525,C
1003097,812,0.43001162455970876,C
1003098,809,0.028993142317933818,A
1003099,348,0.47969056090619433,A
1003100,927,0.23395254338279592,C
1003101,608,0.4095987503496641,C
1003102,960,0.5145997835433407,C
1003103,769,0.939163073159337,D
1003104,379,0.4380404216848057,C
1003105,727,0.5710146676639428,B
1003106,759,0.11116187902232266,A
1003107,597,0.4627607742781048,A
1003108,541,0.2992487021975523,C
1003109,107,0.08300017701257167,B
1003110,30,0.20992004519822527,C
1003111,116,0.7753607040786447,B
1003112,503,0.834292155048032,A
1003113,11,0.8875079663177294,A
1003114,814,0.6171951342872617,B
1003115,882,0.42522544357636316,D
1003116,212,0.22101116048628566,C
1003117,516,0.53846104257448,A
1003118,475,0.9611848052516747,A
1003119,326,0.19515886997086196,D
1003120,81,0.010435232882349044,B
1003121,485,0.3073737705826841,C
1003122,335,0.8263517807052395,A
1003123,734,0.1230169388854242,C
1003124,814,0.7870177964190366,D
1003125,613,0.4009432313468302,B
1003126,61,0.7043145075970471,C
1003127,329,0.9754277383820349,D
1003128,252,0.08594821878270442,C
1003129,43,0.6600246364923114,B
1003130,387,0.4098592326394169,C
1003131,713,0.46182718842401815,C
1003132,913,0.20473771046669853,C
1003133,559,0.0012224177671142922,D
1003134,893,0.1024485920615279,C
1003135,277,0.4532876395885589,B
1003136,324,0.7942469284788862,A
1003137,421,0.5751327037609203,A
1003138,774,0.8605636054086888,A
1003139,177,0.17313321311515795,C
1003140,521,0.45434474770173994,C
1003141,766,0.8927566517418213,B
1003142,982,0.5599506570780225,A
1003143,784,0.8289998995893805,B
1003144,922,0.06500576814455628,D
1003145,765,0.3591442328825636,B
1003146,239,0.2144490585081501,C
1003147,506,0.6894670470920587,C
1003148,630,0.3095663793294927,B
1003149,486,0.15102335620231033,D
1003150,416,0.20468609916666325,B
1003151,661,0.6734489516465733,B
1003152,52,0.0354460343153693,C
1003153,441,0.09921676432745352,D
1003154,668,0.16983521771498422,B
1003155,138,0.07007844426662646,C
1003156,31,0.009976396999986092,D
1003157,320,0.03002506539175276,A
1003158,988,0.012324258878803618,D
1003159,462,0.17166517794316782,A
1003160,42,0.7432444059052772,D
1003161,792,0.2793277482947819,D
1003162,276,0.7553288123181623,B
1003163,935,0.9365192179703634,A
1003164,278,0.30509090976348374,D
1003165,640,0.3531222441480031,A
1003166,570,0.024106442708606513,B
1003167,367,0.5843461196128271,C
1003168,595,0.9221873495101456,A
1003169,292,0.732506831039863,D
1003170,438,0.791163711836995,D
1003171,275,0.3119615499391146,C
1003172,570,0.9764216250819768,A
1003173,33,0.49069569477122954,B
1003174,782,0.5290865222609785,B
1003175,985,0.7303622560599985,B
1003176,447,0.2704190198261094,A
1003177,161,0.11726835536957858,D
1003178,961,0.7425436314075022,A
1003179,412,0.4534370320981196,A
1003180,4,0.003358688325866832,A
1003181,642,0.15226811781823613,B
1003182,851,0.5819722687695482,D
1003183,733,0.6177759173864827,D
1003184,862,0.9509548774525559,D
1003185,835,0.8411575181219043,C
1003186,224,0.2490411731195601,A
1003187,568,0.6457617757423223,C
1003188,144,0.7592295823494427,C
1003189,266,0.8049198601235779,A
1003190,621,0.5972304437338029,C
1003191,911,0.7040536349515485,D
1003192,738,0.016031979099760285,B
1003193,788,0.5390748672951,A
1003194,519,0.15220754534490788,B
1003195,227,0.5133389267827447,C
1003196,908,0.07002779466569908,C
1003197,332,0.904834502458149,D
1003198,994,0.19265339085151123,C
1003199,973,0.13948923015341508,C
1003200,997,0.32736397792362837,A
1003201,887,0.8922542586742546,A
1003202,248,0.5223715912053306,D
1003203,929,0.1757810354270326,B
1003204,752,0.9902051905187238,D
1003205,732,0.37426126011854666,D
1003206,439,0.4352262001591183,C
1003207,935,0.9735537004017785,C
1003208,47,0.9706450467953031,C
1003209,181,0.8938336532140266,D
1003210,761,0.7985495822572821,B
1003211,316,0.4918180916111491,B
1003212,173,0.163181900532553,C
1003213,975,0.18327287878275722,D
1003214,828,0.387426852695252,C
1003215,801,0.4001893621139492,B
1003216,900,0.44192979398276,D
1003217,452,0.5106367234606984,C
1003218,300,0.47330498298318324,A
1003219,163,0.578181095869016,B
1003220,579,0.48337262863980024,C
1003221,429,0.8787051345327548,D
1003222,156,0.9474742793326292,B
1003223,755,0.7512099620422745,B
1003224,804,0.17206753803187536,D
1003225,707,0.2764122769313294,C
1003226,838,0.0879414138675848,A
1003227,150,0.4635993111809912,A
1003228,439,0.23350172718407958,B
1003229,600,0.7889550200663522,B
1003230,66,0.5282350891591399,C
1003231,820,0.41977544528872024,A
1003232,411,0.05095770441707481,D
1003233,893,0.5052363975722384,A
1003234,206,0.10503457184638454,D
1003235,847,0.5922266738332632,A
1003236,508,0.7475385375239061,D
1003237,568,0.4149408790885446,A
1003238,775,0.38795375737626914,B
1003239,732,0.6168390138281084,A
1003240,519,0.258370511967854,C
1003241,477,0.8214756065896414,C
1003242,122,0.022633816842349108,B
1003243,541,0.6759957139732564,D
1003244,762,0.0034631153320807684,B
1003245,778,0.05623809780969369,B
1003246,610,0.8791152667862778,D
1003247,884,0.10604238435380375,A
1003248,375,0.7843781288854628,D
1003249,32,0.014730477107438689,C
1003250,888,0.2931602239173252,B
1003251,684,0.7634183569433293,C
1003252,483,0.019923101283114697,D
1003253,699,0.3565073092750699,D
1003254,706,0.11839416806331138,C
1003255,766,0.9396030446698656,B
1003256,535,0.7668437529953394,B
1003257,875,0.29283493387244053,A
1003258,563,0.9891617550561931,C
1003259,813,0.24506803029096413,C
1003260,806,0.42448628586175086,A
1003261,783,0.9143940870778812,A
1003262,509,0.5066896535341618,C
1003263,46,0.7624272307116284,D
1003264,862,0.9907752601043263,C
1003265,492,0.5315586402632886,B
1003266,740,0.061201432470329276,A
1003267,470,0.6717189414878777,D
1003268,540,0.4028266443406431,B
1003269,211,0.14381683974142956,A
1003270,211,0.9430791313816406,B
1003271,561,0.9668951326671753,D
1003272,141,0.35813453498290515,B
1003273,516,0.8358955940245351,A
1003274,710,0.030209547261380365,C
1003275,940,0.936126519168284,D
1003276,695,0.23375594747338369,A
1003277,342,0.7801720974632822,B
1003278,537,0.9435902449059775,B
1003279,874,0.4493720339913986,C
1003280,755,0.32166903027515026,D
1003281,902,0.4633733965442437,C
1003282,721,0.8626550140054616,B
1003283,265,0.14716257784573894,B
1003284,908,0.4900957526708123,A
1003285,413,0.5771244805563909,B
1003286,8,0.20733034301187192,B
1003287,423,0.9949018058261356,A
1003288,407,0.26863762360405663,A
1003289,203,0.208678574746472,D
1003290,229,0.8528115385259125,D
1003291,227,0.9579027188034478,A
1003292,407,0.7562320823194686,C
1003293,746,0.612748167050061,C
1003294,619,0.22486633157149372,D
1003295,161,0.9913064819433587,D
1003296,836,0.4292379622124112,B
1003297,429,0.4525624990100625,C
1003298,659,0.30372239914460264,B
1003299,500,0.2647749902563443,C
1003300,879,0.5461315768573363,C
