id,old_col1,old_col2,old_col3,new_col1,new_col2,new_col3
622647,800,0.8408804069274449,D,759,0.27502931836911926,D
342636,964,0.7479439841326737,B,142,0.7364712141640124,B
919345,932,0.49670532939703294,C,238,0.5053552881033624,C
248686,920,0.9085949113288071,C,574,0.1988376506866485,C
220653,118,0.3417462054004914,B,714,0.42261439815350255,B
829702,760,0.158244918368462,D,220,0.9572130722067812,D
381154,792,0.8231442812547717,C,94,0.3799273006373374,C
422355,855,0.47923352158772714,C,565,0.2931782814070929,C
424556,712,0.1820584613380718,B,887,0.10100142940972912,B
885239,282,0.7562464085519033,A,686,0.26697782204911336,A
291369,132,0.22928560403579323,B,234,0.8218025940068083,B
589933,414,0.9147013220608821,A,216,0.913136124185545,A
740696,64,0.4134825956323317,A,271,0.1396303195255063,A
131947,351,0.887527169853464,D,156,0.62744604170309,D
170568,435,0.34087363229838763,A,464,0.0032453161017292897,A
58434,966,0.022749880125939037,D,552,0.9534997476535028,D
352453,186,0.1234920012868187,C,114,0.9290986162646171,C
444193,539,0.5627393764652707,D,59,0.2408715924472331,D
573246,300,0.5376806860123545,D,778,0.5327061695295157,D
305505,450,0.4206555491233277,D,131,0.6597508227473674,D
403129,711,0.10606136061082283,A,951,0.5392960887794583,A
238387,892,0.048445676842791885,A,253,0.22469733703155736,A
201299,771,0.128500362744701,D,602,0.5539215224244798,D
687230,767,0.7740046767808259,A,69,0.905420013006128,A
899551,438,0.020576478472813076,D,526,0.23800463436899522,D
956712,244,0.24193448651170057,B,803,0.4729729429445937,B
87677,910,0.8887231757635042,B,96,0.09693081422882333,B
656700,846,0.6063721924758395,B,412,0.7282135884411827,B
269343,895,0.7444072413729681,B,254,0.19159007214165402,B
11050,884,0.5202409355609566,D,895,0.9232655992760128,D
14627,919,0.08268697876758735,B,948,0.7535655040196756,B
375754,348,0.8922252677811184,D,170,0.406414057952472,D
403407,467,0.15875816427604517,B,885,0.4010402925494526,B
840135,51,0.6100840675728271,D,168,0.3789731189769161,D
286503,537,0.09746261843254045,C,194,0.2967078254945642,C
611707,608,0.5091277539727175,D,593,0.7357371787890434,D
214899,491,0.3083413635825222,A,765,0.31360480976972926,A
644539,182,0.7995488453766025,A,598,0.4767885171089349,A
915950,339,0.8374847263892987,D,70,0.5950351064500277,D
293865,984,0.7978415086179249,A,685,0.7161918007894148,A
150939,900,0.7111427093796663,C,271,0.3957858467912545,C
119041,900,0.40186462017385494,D,9,0.4582855226185861,D
547050,611,0.3643961449117711,B,900,0.24428441650813137,B
75021,879,0.3203359368877141,A,448,0.833744954639807,A
977106,558,0.8003065891655132,B,270,0.11542867041910221,B
540869,260,0.9385311740117749,C,760,0.5532236408848159,C
911136,890,0.21085867361006294,B,94,0.6342844473091942,B
895044,146,0.8115788018367828,D,3,0.33355653860508816,D
72779,411,0.8564448301498513,D,652,0.9797979538288359,D
393332,360,0.2494064591564068,C,759,0.44183551186085057,C
286374,878,0.8473292535784384,D,967,0.883106393300143,D
99474,383,0.35126083783373563,B,558,0.036028138060830606,B
615707,881,0.6691561892785461,D,315,0.36465151532725604,D
720933,903,0.0795061514906652,D,920,0.35780923225042616,D
782830,89,0.8065897339539446,C,885,0.16250176710043862,C
756715,231,0.3570142146978853,D,902,0.4122944103537973,D
418215,558,0.324557548926078,C,754,0.9244872952415456,C
51986,840,0.8879331699632469,C,806,0.7012781881399126,C
919635,76,0.8101219255442067,A,879,0.47069002108599034,A
517410,802,0.7440124216388088,C,836,0.918451901229495,C
340839,354,0.3389693069267441,D,228,0.02366443470145152,D
963107,459,0.2616290537677638,B,408,0.3282619511977065,B
463954,10,0.3187444911163382,D,990,0.773326637440361,D
291942,468,0.6543490420894252,C,118,0.8770384115755603,C
308780,187,0.24038521762196408,B,594,0.9625343157615555,B
673695,946,0.47941680745665405,B,111,0.5965712549877447,B
267457,789,0.028836306066240658,A,532,0.9255751654990827,A
141175,188,0.11211994823370597,C,971,0.6642376849112723,C
534361,979,0.5946722198897765,C,440,0.7857588274775801,C
240513,124,0.736324276417391,A,838,0.9519996624524752,A
221990,397,0.02197298797993097,A,688,0.3104194642949153,A
57163,945,0.9074475999696573,D,150,0.024425387726826342,D
500189,229,0.6306095717867884,B,486,0.6112739730606801,B
223364,257,0.7288595029030803,D,466,0.41444101099771935,D
908200,135,0.3217084339122379,B,151,0.6560580111117841,B
676024,31,0.9835976429105157,A,914,0.7509644766184729,A
769313,687,0.6426262547783005,B,797,0.4251461939427341,B
208542,267,0.17441827022008916,B,823,0.9579660422795397,B
570023,52,0.7400473383286478,D,467,0.13333910555702888,D
590789,997,0.9259076007733535,A,860,0.6376614367761563,A
797918,198,0.30554599084639733,B,730,0.2857281508631525,B
412914,614,0.3725734417399199,A,965,0.3517588026718247,A
20724,569,0.6636344731093917,D,279,0.4358359760466366,D
133445,278,0.8192090529484898,C,398,0.33612954369838244,C
594320,315,0.41304266744285656,B,637,0.5341236295325044,B
289271,423,0.635066215457067,C,51,0.2601563139193047,C
759072,564,0.1683032577054735,A,465,0.32684580488130854,A
459312,982,0.6139051418690923,C,481,0.01938328705001069,C
362492,133,0.22768152866377933,C,665,0.06861837045276942,C
184541,413,0.44877206102782774,B,859,0.020380017320332344,B
751875,703,0.35894386144682433,A,244,0.12622097487420625,A
799742,851,0.9564881717029007,C,987,0.31103891959859986,C
324731,6,0.972869022503243,C,713,0.772480884951224,C
549177,582,0.8238963663441211,D,443,0.9607875672145786,D
308538,212,0.0685800573507146,D,751,0.5217467469384799,D
48879,701,0.20336970739570415,C,285,0.881631184002772,C
512418,898,0.39626182441966695,C,768,0.46470846660323173,C
892833,482,0.887203414719888,C,499,0.212119850179739,C
874099,535,0.06992341549503212,B,95,0.2942355813204973,B
773849,850,0.588937855761281,A,123,0.7212843313260696,A
238282,695,0.9050073347148074,B,760,0.5358639653837498,B
791797,46,0.6204442061638828,D,852,0.19411757809107344,D
756680,390,0.1551523714880152,A,369,0.17944154368540333,A
255075,706,0.17741125459435614,B,725,0.5341350892676633,B
361882,378,0.1821683243443878,C,997,0.05452602023898778,C
461394,537,0.08224276988336243,C,893,0.012265403375507966,C
793919,760,0.8324601813737343,C,988,0.051376717183577836,C
302233,723,0.11277439059801031,D,841,0.06534343511393248,D
669564,678,0.6251898782567381,D,590,0.6294457069519983,D
944071,752,0.5341116554853841,B,155,0.14919758447365516,B
899740,498,0.9360481844774701,B,571,0.7644434453261942,B
521907,707,0.5247840777369418,D,245,0.17381354832643447,D
5798,368,0.7620822732937557,A,160,0.002675722602885733,A
84621,791,0.609583006857006,D,295,0.7069558298790333,D
646493,411,0.4198648171294078,C,557,0.22480945026602384,C
318132,443,0.9283306870207906,D,930,0.2656324716406402,D
447288,677,0.17163256003526284,C,73,0.05963803951384705,C
861293,929,0.37462483576698435,C,479,0.6886779912120937,C
819383,425,0.191688846465219,C,612,0.03986078418361305,C
960498,0,0.9084203173582199,B,234,0.9619111021928367,B
70385,105,0.6169861177519737,C,599,0.43588498707700307,C
849113,424,0.7131751479429638,B,481,0.34796105629465046,B
605869,792,0.8618767956878375,B,993,0.7725479260398078,B
103090,552,0.43218271969509736,D,192,0.5184393924607288,D
303051,727,0.6135823543785481,A,208,0.26705623827293246,A
286250,335,0.4447501046826501,D,949,0.2880291449883289,D
298131,879,0.17332447038668797,D,663,0.8321431737689012,D
73416,925,0.9257878936650157,B,467,0.5512650768804697,B
38429,325,0.38529445789530636,A,943,0.5993775986748999,A
941268,455,0.8286906481230595,A,457,0.5385805777038737,A
530481,535,0.017584443519628068,B,714,0.23880554416624933,B
957615,777,0.04624949640828768,D,876,0.7755444750992588,D
763618,935,0.8486987597996793,B,325,0.7447051515651959,B
650709,491,0.6192057046850387,B,129,0.5022911501329659,B
650725,558,0.19373580027958326,A,538,0.910441677696467,A
722837,304,0.22266092611292654,B,739,0.14415541596694748,B
163498,317,0.8676628372974282,C,710,0.29946608024406474,C
230690,816,0.24791885627718813,A,47,0.3243746667813022,A
297854,629,0.5693158298709068,C,300,0.3584633423003635,C
434251,186,0.12697252647553958,D,250,0.53116631814876,D
473904,387,0.06617342355067712,D,80,0.6094917868885368,D
242127,238,0.6786246762544496,D,472,0.6379046310035685,D
624407,769,0.0073374853509439175,B,393,0.8533354586601858,B
136898,708,0.193436269576593,D,242,0.381364297657629,D
95529,209,0.22602174934831576,C,849,0.6582298159286807,C
111393,456,0.7910645417103647,A,579,0.865067397697266,A
674784,939,0.9148037032348393,B,621,0.8019319575452876,B
208354,596,0.796675085902932,B,651,0.1901319892770883,B
890648,941,0.39070582823887823,D,593,0.36486123302846973,D
528474,524,0.2374287491595437,C,92,0.9096278123193268,C
774556,753,0.6873077485171754,C,263,0.9140489535383121,C
98560,386,0.03379684410327466,B,144,0.7541514930613354,B
647808,465,0.002235707194558012,D,880,0.6763237247185163,D
327855,512,0.0418742945401247,C,809,0.39457456032871197,C
377451,437,0.8025768479211116,B,691,0.23382190221158317,B
85894,881,0.7012127201507046,B,634,0.8842348452148522,B
744803,21,0.4338458376308697,B,46,0.9462615328819463,B
856272,885,0.9946654610482744,C,99,0.23480003243132908,C
779154,516,0.27525257490381183,A,706,0.3705299587344354,A
413842,935,0.6021456210998415,C,875,0.3626860387575225,C
97465,569,0.5946586978417374,A,407,0.27588144086158684,A
387231,442,0.9296086824093599,B,971,0.848033188463681,B
184711,387,0.7976054431356289,A,678,0.2121058154233132,A
52083,958,0.7330872721378483,C,128,0.7869780999763158,C
38697,68,0.8896727234337519,A,70,0.8298178372171325,A
561240,360,0.14198290937708713,D,807,0.9005310356317582,D
426417,437,0.22191682924763267,D,283,0.8584061263801763,D
510076,666,0.019772748952112673,C,133,0.5402154568631514,C
202316,632,0.6804504211561713,C,112,0.6610576425973168,C
559915,183,0.751853740846683,A,134,0.014860327230708847,A
88908,581,0.6120641119099066,B,602,0.32377146196202244,B
990003,339,0.5220273516658418,D,271,0.05239901786117651,D
300551,778,0.33692168431259895,A,920,0.08079047741079193,A
620098,857,0.46077023810444095,B,812,0.7017794185460662,B
132174,728,0.24083548370511265,C,423,0.3389316188351752,C
805971,628,0.2966526775363295,C,95,0.43187651855174025,C
665392,928,0.8525131360004883,B,591,0.5074125469680041,B
330959,488,0.3987444901948918,A,672,0.4821893962043886,A
686949,938,0.8126630929439235,D,358,0.8453734186013451,D
938362,458,0.026294091190503632,B,780,0.2785682124949992,B
959358,155,0.31996408295685863,A,826,0.4291124108817812,A
281077,235,0.5792414442465394,C,184,0.2732703887127248,C
858798,578,0.8669415771702899,B,185,0.8698627065364382,B
428212,640,0.6326377497536921,A,378,0.3116373697042164,A
694806,957,0.6586333351195887,A,161,0.7544358791249854,A
720693,304,0.5562672283055354,B,690,0.08158152753191317,B
878302,706,0.10395425790470025,A,773,0.5123463058011047,A
864506,192,0.8509872199525869,C,290,0.6782178929335344,C
478063,163,0.3109078951308112,A,225,0.39526339608762895,A
264463,273,0.0014037885387587767,D,785,0.137234805257327,D
197191,474,0.29773271396643064,A,7,0.49738532861332685,A
449716,591,0.4526423709348515,B,132,0.38020744571523624,B
973055,319,0.17420234324374628,A,406,0.8617643620225885,A
158791,688,0.24110480120647537,D,446,0.0187415365856457,D
56164,190,0.5952920616561953,D,882,0.31306063067733614,D
228647,380,0.03656821214081629,C,414,0.02085655902474881,C
109392,165,0.33882482845795214,B,820,0.9476143093267475,B
859582,324,0.932505861672523,D,249,0.43567652694040004,D
907780,550,0.3291857306555691,B,522,0.6332246669681865,B
889607,351,0.5823021780814928,B,105,0.14644421827769438,B
932912,416,0.42297768135692115,A,177,0.6023989852731658,A
672540,679,0.020662230736711806,B,58,0.3687375994898128,B
491577,95,0.7550176917663836,C,660,0.8642500339252391,C
372277,924,0.22196390191603288,C,629,0.5940798186292336,C
358238,37,0.06880113554293299,A,830,0.8991268339557735,A
332462,765,0.801132804032178,B,253,0.7076217043232789,B
639072,706,0.19665088550747423,D,337,0.09450594751509434,D
120510,166,0.5351068809571368,B,596,0.6636121060060588,B
715284,931,0.5781729951725322,D,686,0.7028308721554202,D
685341,179,0.32175632340102533,C,371,0.3088660700638809,C
664753,877,0.2525247804396188,A,349,0.9476682675343469,A
864858,908,0.4738961669753671,D,231,0.9999766211030285,D
137170,150,0.5318608420892758,C,79,0.2957921016546218,C
844402,75,0.07839984417862056,A,519,0.770874720363101,A
132135,134,0.7447929986167894,C,185,0.8313450566891255,C
820124,949,0.2807592182891626,D,420,0.36429941413076905,D
236134,129,0.9444298461999512,A,376,0.6783068250650924,A
38738,136,0.8597879800717092,A,820,0.6046634475767503,A
393128,387,0.6314737800848256,C,656,0.480590655461825,C
225010,8,0.6356322968648522,C,781,0.1603123342453785,C
55314,549,0.1332192669179233,C,836,0.45112799022070893,C
127249,585,0.03890244560753586,C,424,0.05325688717107446,C
959331,675,0.17487113345422278,B,28,0.31868487544973123,B
472611,248,0.6971870637670564,A,859,0.7147042725232294,A
348103,984,0.8045670081646282,B,140,0.03830319111704372,B
166375,358,0.657669330951363,C,855,0.14951961896422683,C
352551,462,0.5209526191369438,A,308,0.12184834515861753,A
758248,350,0.18910764738053543,C,429,0.6389517321728103,C
373813,453,0.8629180371752871,A,680,0.6682149029196348,A
618621,871,0.2425394600629528,A,650,0.38688132152735755,A
673394,493,0.41640778250081956,C,750,0.6571044000108314,C
193568,2,0.16433409621960582,B,790,0.5819033215581401,B
172241,196,0.7300008179369529,A,45,0.3522990461141895,A
819547,476,0.2475720885882795,A,733,0.7761903997034217,A
33677,928,0.645278119256549,C,300,0.2015909928367009,C
550837,623,0.7453442727223334,A,907,0.041905941930381996,A
494538,686,0.8444816768019896,A,771,0.6469004988007503,A
857358,555,0.057741862002548716,D,886,0.6557313675576797,D
628626,617,0.7573319528742335,B,818,0.368019174314673,B
307352,522,0.5080145978695382,C,508,0.692068491112615,C
603348,271,0.7211576680200676,D,440,0.6024532988302272,D
261402,361,0.35495647635632166,A,558,0.2937664190024989,A
737488,601,0.24923033740811618,D,81,0.3279199053415598,D
514669,485,0.38599374650934437,D,744,0.8700371750563921,D
501906,972,0.9909597402214952,A,687,0.6375125378832983,A
777717,941,0.03206166945783018,B,146,0.8486693099705346,B
433315,964,0.7102580956264678,B,241,0.7785153735068654,B
939304,801,0.3848973084118361,C,587,0.13769510782852679,C
986364,608,0.3056475256607192,D,753,0.1860480494725999,D
57919,165,0.9017036039322704,B,138,0.8528262903843227,B
364018,864,0.820963313206592,A,920,0.7133698943638145,A
812561,786,0.14068900525607497,D,829,0.6819292602506372,D
446155,743,0.5974495859496606,A,728,0.7095637912103865,A
269792,107,0.4375778094143986,C,242,0.7903730608077492,C
309452,795,0.9221845927042188,D,369,0.5540214372595951,D
980351,251,0.5101289593659658,B,316,0.39815998077090853,B
475171,159,0.2104752914553102,B,899,0.8290537281353989,B
703794,671,0.7522177633260689,A,256,0.19630191948307363,A
904597,328,0.5542101344373589,C,46,0.9485468539703915,C
629835,705,0.00229219642455869,C,348,0.6066602628206363,C
703589,378,0.39826331030672635,B,778,0.37054019805029126,B
634558,265,0.624824924245894,C,273,0.4495960119956648,C
22654,68,0.8151682701499764,A,99,0.050605291800290275,A
305956,307,0.2779993483717492,D,92,0.9452328040692373,D
774478,578,0.3085702593228681,D,903,0.26447289979091326,D
817697,817,0.6231383428544666,C,410,0.0511576873830083,C
91947,791,0.12805218864168,B,395,0.5042555291232047,B
251017,376,0.06396106975240357,B,998,0.09668148602473514,B
655199,822,0.013462328431004145,A,616,0.5091225162251821,A
133705,593,0.17339320369136568,C,620,0.8931316920780072,C
1336,440,0.8212771837797743,B,335,0.9313687355299899,B
114459,897,0.7381280707337401,B,402,0.9906157375611401,B
841545,67,0.5903229418567445,A,841,0.6807268950506788,A
227314,783,0.6837646586624935,B,586,0.9482051707843013,B
943515,108,0.381212176665482,C,195,0.018937367506612568,C
895266,694,0.14319969715405045,B,422,0.6905002609185255,B
667935,548,0.09087290874404363,A,587,0.6766222457825457,A
207284,37,0.629362925301473,C,297,0.042066486832725514,C
549265,35,0.5364694177008011,D,847,0.5385779237086528,D
260205,7,0.11891839344176958,A,685,0.9051841909515969,A
803425,764,0.5355234530248676,D,653,0.23283655980595275,D
407396,753,0.368577220114106,A,423,0.3302936234873388,A
555897,312,0.34170214975682833,A,697,0.7707660580982791,A
863035,223,0.9993337242529964,B,987,0.5503525657796167,B
425545,502,0.6916334052980101,A,416,0.6528927977012998,A
374023,819,0.14176162054426666,B,427,0.8822449731648332,B
546201,553,0.9617097408910548,B,956,0.919634811850934,B
19330,883,0.3823771903424309,D,959,0.7490032014409554,D
927421,484,0.41908158448476407,B,9,0.29839221066208077,B
70367,797,0.6397484661278721,D,748,0.45891447103236116,D
295666,81,0.8014974770781346,B,143,0.47745409848989295,B
358198,748,0.4337833828685712,D,6,0.26078527706544385,D
808995,49,0.3111915567457001,B,457,0.753756651781457,B
790471,20,0.32956267434367326,B,465,0.7477348371508565,B
566041,441,0.1324997855633978,A,696,0.7547395497248653,A
56776,907,0.2998557577291193,D,538,0.4467479774964833,D
572151,67,0.11666433099651985,D,848,0.5476492487109315,D
817348,381,0.6619943299743619,D,335,0.8544860073949511,D
935512,735,0.6045099210136403,C,696,0.20540148553936155,C
9745,321,0.8590331470937239,B,464,0.131944339821099,B
999107,217,0.7951792855257338,B,956,0.47207120084565035,B
985267,702,0.18361285779201397,A,787,0.13542886648943775,A
878287,9,0.6848838198252764,B,699,0.964144376380686,B
868774,708,0.43547123461344306,C,182,0.992846776077587,C
467204,489,0.7736429771748266,B,774,0.022735327321966592,B
692672,17,0.12372948892764568,D,253,0.46062527854859625,D
851084,719,0.11006836108357354,D,282,0.1884804512367424,D
491799,847,0.6645995560673971,C,211,0.06729090288949535,C
153795,789,0.22759146463979796,C,758,0.04423673005599782,C
841511,369,0.12723158224859632,D,552,0.2172692101775534,D
485428,166,0.8504956344453577,D,143,0.5038958489409345,D
424614,156,0.576667478900939,D,835,0.9163970331215671,D
294191,165,0.45257769913545465,C,309,0.8762583221738072,C
101194,89,0.27603001312989106,C,570,0.9485202550267213,C
136048,854,0.14899771933965333,D,772,0.5379282643908174,D
388138,862,0.9578867897672023,A,869,0.22534454837990114,A
64286,118,0.8773336144613673,B,261,0.2033367330600544,B
465554,647,0.9932363591557652,B,548,0.7245847123072019,B
567366,246,0.4761264418216554,D,52,0.2684615878549812,D
602124,339,0.9180089802048387,C,823,0.76169641753721,C
79345,61,0.0640287206803769,A,890,0.9070328275335156,A
691693,390,0.7435694104813411,C,216,0.9371597632022477,C
888493,354,0.8569029054165765,B,712,0.6044015340787812,B
423896,375,0.9694904883563591,B,406,0.9151264595935564,B
14487,299,0.4043673798453139,A,379,0.312922018870191,A
34763,262,0.14281672971075443,D,576,0.8640848414694823,D
118785,280,0.7688290019107007,D,200,0.3298652859778599,D
534918,10,0.9106907667443274,B,750,0.7949755143536341,B
668716,68,0.352570771526619,B,143,0.7203135307620937,B
429641,235,0.4908297698107329,C,938,0.8893645297150079,C
459168,901,0.2039032931578958,B,967,0.8179959108547534,B
515753,53,0.16192534474383258,D,782,0.006383824440778896,D
739161,657,0.7151759328672856,B,862,0.6307016479330763,B
157497,18,0.9931378857702489,B,724,0.15102964646474615,B
646130,4,0.8722173517024534,C,517,0.456009658971434,C
624065,590,0.3804170854690655,D,632,0.6377285917606557,D
667107,290,0.3015636769896517,C,6,0.5322124850127365,C
170218,200,0.6092693445996226,A,17,0.5294176468416506,A
792140,147,0.413000915912787,C,109,0.9180488444590112,C
57352,862,0.46147421552485346,C,382,0.9592977941485301,C
417418,427,0.9696753195212995,C,415,0.3792640222398159,C
217203,888,0.3228787799813603,D,946,0.07434805992565108,D
869367,703,0.20097581950126242,C,984,0.20715811540958362,C
666411,414,0.05055762073162018,B,770,0.8206907414846971,B
837056,414,0.28260614501910897,D,306,0.16245025071470587,D
204765,589,0.08185290618989727,D,580,0.834650560091752,D
153990,261,0.5244699259745075,D,447,0.2321440043946702,D
272804,217,0.6098289563947058,D,348,0.6051687432006422,D
990462,748,0.5598437890859125,C,649,0.2733270286287973,C
830941,533,0.8073097358098091,D,364,0.5530377249504838,D
858685,64,0.36098070019576656,A,696,0.5858751212110512,A
537935,293,0.972688116522296,D,790,0.6186158902598878,D
145054,85,0.5425815102591522,D,730,0.07350668372242153,D
655740,996,0.06527182189952496,B,389,0.7116771547786167,B
750366,533,0.03852403544886451,D,93,0.005195222370030117,D
334076,754,0.9749271748940981,C,135,0.0872972323551161,C
17245,202,0.8180381360290802,B,91,0.35391428734525887,B
216521,962,0.19008662959866263,B,611,0.5980437977942729,B
938412,49,0.8363248401254629,C,298,0.4138100697681274,C
726305,507,0.057783189497707,A,742,0.9011360448564331,A
194045,214,0.9484364964224363,D,585,0.5211045307634988,D
234494,372,0.8015268466877531,C,64,0.16720740075913265,C
747831,252,0.8009953252235197,A,369,0.25169973778890287,A
380244,125,0.16311106989415303,C,738,0.6250336877688947,C
653922,298,0.3574550758935714,C,311,0.006767369425471514,C
166398,302,0.013418613601290708,D,987,0.39823958254400804,D
731511,286,0.17740164940915537,B,954,0.5638505086287859,B
977874,420,0.3330681628751214,B,258,0.6586629685323181,B
761494,872,0.9282839978315792,B,787,0.2482309688449028,B
25990,205,0.8933887604560771,B,10,0.09860655858172751,B
694092,89,0.6211264114601873,D,522,0.7468530276328158,D
49688,806,0.965728214184345,D,494,0.10454935800606169,D
767279,478,0.4776235105350627,C,118,0.8313177447071385,C
953406,615,0.636312168042164,C,533,0.48292599877938847,C
389927,450,0.8102792675634172,D,448,0.7219939432797079,D
169169,179,0.7083037373469987,C,307,0.04468305267532113,C
236596,673,0.9286897008172692,D,755,0.6141069373719198,D
598591,624,0.3630129341421293,A,460,0.5922031583603683,A
907533,753,0.9196608230595944,C,721,0.21479610507029645,C
951600,830,0.9124892358129175,D,268,0.6707014282244186,D
910690,5,0.7055707551971007,A,244,0.3053800025354989,A
553172,608,0.3351749922459861,D,382,0.6934365417164455,D
276971,130,0.8434488908504347,A,322,0.841985214136548,A
473843,916,0.3144057375108864,A,199,0.8152159406538618,A
414348,278,0.78031209039769,A,84,0.5653977992449752,A
709525,401,0.4239055049085937,D,299,0.032695086858070765,D
888479,951,0.9599428953251217,C,550,0.288670310141213,C
793935,313,0.5444657150143881,C,753,0.8300707165425397,C
850311,654,0.045966229910700984,B,304,0.8748098462768843,B
837550,782,0.06849034630261841,C,460,0.26281522474122765,C
489198,194,0.25824127090730453,A,449,0.8652904703762955,A
448476,100,0.6551469743744378,C,794,0.8118889125954065,C
244731,718,0.510289890715716,A,830,0.7376129820043138,A
393250,451,0.3265962107642889,D,630,0.1392349659267761,D
313388,282,0.9250171027794211,D,833,0.206942720751766,D
147137,793,0.9246863872531534,A,583,0.35081547895283094,A
293226,460,0.6287968292838867,C,985,0.7500941364891159,C
162739,691,0.3635997276333637,A,283,0.8670475904337784,A
906260,443,0.2169092678697262,B,718,0.8660787949911568,B
96243,844,0.9811442760745015,D,149,0.711394848839169,D
509025,331,0.236852738872383,D,779,0.8435556566434692,D
285855,120,0.0860286830854472,B,591,0.6324019824617888,B
432800,778,0.021533279036253572,A,814,0.5344244643875649,A
516984,390,0.6241504198039612,C,991,0.42964310068523615,C
745640,524,0.5715912900898723,D,506,0.26853683831442254,D
142901,680,0.3679100683731702,A,951,0.8576515999286138,A
413792,97,0.09452532063181007,D,981,0.4277993008667096,D
610383,329,0.4290222939256064,B,895,0.9327255627259242,B
202200,887,0.11118533689164212,C,670,0.3604353833972609,C
713239,465,0.8079663765319589,B,380,0.6645088114127536,B
556143,329,0.7165902889211379,A,488,0.07793872157260617,A
285551,754,0.4117927160412578,A,8,0.6955971072880487,A
418538,381,0.17747242233641103,B,880,0.4223139337750599,B
381898,295,0.07309147501731916,D,489,0.0708283054005121,D
893072,46,0.9021205954570376,B,748,0.805956833827698,B
956037,385,0.19219638576828846,B,320,0.36756168962261815,B
197187,937,0.005192471200506699,C,391,0.7734604836506241,C
569481,231,0.0866542169553135,A,656,0.992940155246385,A
924054,833,0.23270444562785508,B,70,0.530508276546681,B
36028,344,0.7079758720162814,A,624,0.6500202131578069,A
258908,668,0.9273481960561404,A,918,0.10046511247763878,A
168367,361,0.9023154121999287,B,603,0.7300091488959782,B
299572,500,0.1752381258425214,C,253,0.2769676569448454,C
484491,125,0.5694981513736068,D,254,0.5533966317847301,D
773179,186,0.6889858744581154,A,506,0.38588557476359353,A
390431,775,0.46009118739995214,C,511,0.6380823298836482,C
106160,719,0.5368441195299393,B,540,0.8887245280869077,B
156227,220,0.8014387057565842,A,369,0.9339244016742159,A
734045,629,0.1387025994458978,D,396,0.8608140039367475,D
855612,370,0.6027045059629411,C,17,0.5873634969259245,C
686493,309,0.058028055087927743,B,268,0.21574293851723414,B
605821,955,0.3688567821715192,B,971,0.7892899989930914,B
321733,314,0.9678319121921274,A,317,0.07902156197506705,A
587565,43,0.26132209180227495,C,997,0.8080600809706533,C
919019,727,0.46611008783830443,B,250,0.08621279839148932,B
760720,987,0.8628626329393342,B,464,0.6122967944207222,B
763893,727,0.2722400124789047,D,316,0.6660795788593106,D
95036,764,0.15669311717715695,B,380,0.12693060748112484,B
342816,463,0.6801477945472859,A,261,0.7733289532579847,A
543029,277,0.9095483330024561,A,47,0.47176458957773815,A
493428,965,0.3630904299313651,D,183,0.9311600771571855,D
56033,472,0.7759135736003697,C,566,0.8031154864575539,C
552893,746,0.17619179390040185,A,426,0.915854764880895,A
225483,115,0.5838489575676412,B,585,0.3728081667378613,B
918965,401,0.03857398563211112,D,823,0.5157741306827505,D
991656,675,0.9961126092724124,B,976,0.4009248470435025,B
320274,103,0.3821373438699289,A,566,0.45674617594457545,A
202865,237,0.6593484781276454,D,298,0.5638067408241869,D
550114,737,0.4947526646624316,B,6,0.9323975325378485,B
186028,514,0.4565571659907106,B,238,0.5415451999487257,B
75417,420,0.7125242265535329,B,777,0.6573038501759978,B
952208,613,0.5637001995834313,B,728,0.2798252708690363,B
859936,571,0.4894676072720401,B,943,0.23147257340913607,B
594989,18,0.11599205512412791,B,76,0.9435546860300945,B
298532,479,0.9902865792708937,B,798,0.7701466201596561,B
225310,316,0.85553742912941,A,159,0.10565775010269118,A
919470,674,0.1880847386874881,A,548,0.35828744593735573,A
597896,512,0.18482729429482014,A,462,0.3083077182125046,A
232145,319,0.704220024123912,C,92,0.1576153770655162,C
667306,303,0.08376297851572678,D,855,0.8565732712134246,D
412231,585,0.3391610835070137,C,93,0.7111573982851116,C
21920,309,0.6122475530427207,D,31,0.952096606823744,D
556767,907,0.37256894840598,D,823,0.7938097427769977,D
941749,273,0.22822481635328018,B,12,0.06166918449381231,B
847172,291,0.3644531741335578,A,133,0.1981330351805196,A
245708,576,0.7192426003877691,D,66,0.19775033669543318,D
54928,777,0.344377855576933,B,43,0.9422806610241153,B
864325,102,0.3872454597480245,B,172,0.9241317255339339,B
49303,124,0.4693945966896099,D,281,0.2798545542807238,D
9786,386,0.718955832220719,B,35,0.6141065777776877,B
584862,25,0.4242579013163097,B,429,0.19945780666658663,B
775465,276,0.43119746114415913,B,26,0.31887756732937955,B
202227,803,0.7897622270849057,B,30,0.8957647816143137,B
317338,81,0.6656362927052837,D,828,0.9915313234305708,D
982144,77,0.8471410725405705,D,102,0.24785705400157287,D
148944,917,0.19552137846207518,C,272,0.5336895645878103,C
59533,220,0.8855872081814927,C,180,0.23655113274246087,C
626263,25,0.15792101511962664,C,57,0.23262335808323908,C
723217,812,0.032446566256195575,D,20,0.5264485141485109,D
343043,674,0.6816055704743198,D,339,0.9178961859206465,D
907075,528,0.2644005616485011,D,825,0.13048954561918258,D
994040,748,0.5510861367138815,D,22,0.14771201898611463,D
713743,297,0.7864362562630743,D,999,0.15750388601684584,D
573540,900,0.8870618154251371,D,724,0.9687428963331677,D
834281,717,0.05556888373543167,A,681,0.5889501557831036,A
534712,975,0.884850727720318,B,387,0.306823229297958,B
118821,39,0.4676189337377237,D,616,0.31821691186009504,D
854377,981,0.13936792144650723,D,339,0.7453433281019824,D
536895,186,0.07534389378208073,D,355,0.9823796549403568,D
333807,972,0.011722506696907442,C,651,0.8853202533951373,C
504405,983,0.060972175485820235,A,841,0.7089658131452244,A
847338,463,0.7970702499974084,B,271,0.20968428440049924,B
296066,393,0.3636085476165155,C,462,0.07370938956137418,C
775301,660,0.2774801767690439,B,301,0.02007799833057,B
219134,232,0.7157276987050925,D,75,0.34180820114988975,D
829722,45,0.7463681385970605,A,749,0.07500242104415777,A
686492,791,0.6078230788697654,A,346,0.5940305440520949,A
46343,744,0.24645231795906908,A,54,0.10125781097333564,A
700021,167,0.09049975560180679,A,997,0.18998425758838544,A
29574,417,0.5497521833436728,B,402,0.5717698078577416,B
836000,837,0.68540452670828,C,55,0.36082892122727306,C
795881,89,0.42983839662288814,C,301,0.8238973070831613,C
359589,889,0.7876581145427205,D,211,0.17083219169222308,D
696912,337,0.09732655900442022,D,484,0.8437690743469366,D
694762,161,0.006208616361319419,A,379,0.8854926927495389,A
924073,47,0.3295773031217989,A,456,0.044616924697875704,A
460163,899,0.9111913256964224,C,857,0.2685619932729496,C
345687,258,0.39083036043037167,B,154,0.7522351421152871,B
731396,302,0.9912261000326366,D,404,0.9027772013391541,D
398387,13,0.5689013305942701,C,972,0.7571887556391934,C
146184,380,0.3926740881010128,B,971,0.9843679902491329,B
977211,209,0.9048724947526057,A,827,0.19272608404000102,A
658479,844,0.3092333957657234,D,433,0.07836852213948908,D
911535,540,0.781615387559332,B,397,0.5563642039697989,B
149854,884,0.5676311878939226,D,805,0.7004121215869331,D
30324,600,0.5590889326349207,B,151,0.5665939270551065,B
499416,390,0.4875167210244046,B,576,0.7795446969642522,B
216393,819,0.4911584474439944,A,176,0.2754141420347538,A
862201,981,0.39855202322552286,D,633,0.608655264085627,D
214910,56,0.06176421501528606,B,345,0.8173859253052775,B
421046,551,0.3291848140250119,A,307,0.9742194246033105,A
411111,951,0.7389519314023816,A,452,0.2113905021058976,A
364302,50,0.17687639878187866,D,527,0.7914903920812342,D
632390,118,0.9748610022962158,C,318,0.7095693983643895,C
20893,879,0.8302939370305703,B,799,0.8512953409871922,B
255382,67,0.2511191373475913,A,255,0.03307104450798526,A
925361,202,0.5163662201975582,B,940,0.3603750817822958,B
624926,779,0.930862266064895,B,280,0.36835192757477075,B
788633,611,0.2668293236546654,C,395,0.04965104284068489,C
792415,643,0.41914889368415686,D,662,0.17320065648214478,D
136886,433,0.5402569487090474,A,229,0.2523904413606515,A
825212,555,0.5025827528955336,C,477,0.30214509127435196,C
324707,722,0.41299037198300126,A,523,0.9994293798681754,A
145907,895,0.802160381898467,C,153,0.5172935855796514,C
444650,427,0.05074431411449021,B,921,0.05677467439643902,B
896978,485,0.8274149907585265,D,482,0.12794413969605334,D
234003,676,0.5134651563494972,A,363,0.22332792538560864,A
750489,42,0.46352823009912203,B,887,0.6343967436520354,B
842012,274,0.1806339059750156,D,512,0.11981593718750583,D
700577,92,0.036916178579337156,B,891,0.8542397704033438,B
375545,110,0.8357737960081617,C,205,0.3426698849290001,C
748759,391,0.9722575521196719,B,323,0.862393943337116,B
893562,504,0.029621284359438227,B,797,0.08081146692917374,B
675751,374,0.5459249659356054,A,462,0.2735278622014996,A
584908,277,0.49686391664275176,A,590,0.7644837361457579,A
562020,575,0.21941197849743466,C,132,0.6144797387250618,C
176836,469,0.5934910147471006,D,38,0.5337826028422582,D
167382,397,0.7836054104005731,C,105,0.3835504763076937,C
968350,489,0.8758764346790079,B,168,0.9480843537069427,B
251599,647,0.8389560888019348,D,233,0.22432136332369457,D
421924,672,0.49239991743230593,B,216,0.7340766193115209,B
606067,300,0.2526325696908711,C,706,0.11578982633930113,C
500492,458,0.19209687632244055,D,560,0.25273829306957374,D
323079,978,0.6135888999675608,B,523,0.7187662245161679,B
909294,493,0.5330031743088333,D,289,0.11401255268424793,D
57709,812,0.5412756211404999,D,509,0.1986466617062822,D
931962,175,0.9796162592920596,B,796,0.26299391561373187,B
216082,527,0.8203472770898294,C,40,0.5481387637284003,C
412142,205,0.23122740288563481,C,704,0.9331243446518774,C
863975,273,0.07918879118324484,D,2,0.012749401268609795,D
98781,405,0.37168406861645364,B,928,0.11043091740632172,B
265716,869,0.7673968795261265,C,102,0.8131784139178827,C
689792,918,0.21537295247590194,D,872,0.29056717723767944,D
704832,197,0.07397107877424436,C,871,0.7582040048412383,C
11688,955,0.30866748711673553,B,9,0.8519987250744882,B
609632,787,0.8535646572467175,A,116,0.4007775142807529,A
594507,772,0.9775026033135245,A,712,0.7264111120898007,A
553445,934,0.6802593666348001,B,106,0.41602771663089655,B
578076,323,0.23481492389605862,C,625,0.3797507791158876,C
289944,957,0.3457183189609898,D,908,0.41128426373517424,D
559021,566,0.606021892875776,D,64,0.26161286722848986,D
674815,877,0.6955032929854482,A,721,0.8683322718585201,A
275618,841,0.24118921909537439,D,658,0.9343714204201651,D
407141,855,0.003178252822921168,D,76,0.7514300010476109,D
813372,383,0.34718276617704913,A,338,0.9701450487834001,A
232564,183,0.5536790445643298,A,519,0.22270652316879902,A
225266,299,0.2884755025568637,B,470,0.44418887645945904,B
648529,815,0.722892141672694,B,509,0.7452389646572843,B
769368,66,0.0554783712636141,D,105,0.40343965897216305,D
295603,141,0.08773139712997091,D,570,0.5490987896931895,D
55022,456,0.3969684496811786,C,810,0.6042032760617975,C
517490,740,0.7436447607943576,B,836,0.2229181143963146,B
67334,726,0.18028709483335537,D,99,0.7593199510791171,D
310288,259,0.5847961391646619,C,2,0.3413571145768387,C
736341,752,0.30680475207938196,A,841,0.7168561126478827,A
2225,865,0.3555361883747502,D,123,0.9302162591531453,D
117940,444,0.4880462684761919,D,468,0.8245541437076062,D
289654,923,0.06651456517648446,C,733,0.33793354859773617,C
507723,921,0.25425881290454067,D,948,0.6332404675890969,D
535598,165,0.930788503135726,A,543,0.7362139303130776,A
644019,310,0.9345420491761663,D,396,0.6575218111317308,D
28759,618,0.8297706847664569,C,141,0.4127454728076193,C
996953,767,0.3228324520916026,C,214,0.6241675892053882,C
822497,478,0.3367038816773056,D,535,0.10647046584838726,D
916354,456,0.44607430764016387,C,54,0.6702541787669418,C
317357,523,0.8078638043333511,B,273,0.7501850186700537,B
879097,351,0.5655683335239151,B,293,0.6833903286647871,B
59899,460,0.7186170714439722,B,859,0.06203282393958298,B
834719,998,0.285928287096366,A,771,0.5411720874332366,A
69588,80,0.5519987555867928,D,630,0.8680353736544103,D
682378,772,0.1305948551069499,D,523,0.7843071728708866,D
391411,835,0.8788288099637553,B,761,0.2513411283723057,B
17254,434,0.8084140895930642,B,933,0.6337884940551897,B
829287,571,0.38891000144320487,A,699,0.07446899404359286,A
130595,65,0.6427610166256243,C,752,0.5138468527745739,C
589014,407,0.9692516634525392,D,438,0.2791122463092105,D
793398,431,0.010727942134653667,B,164,0.5839860576839312,B
987688,143,0.744269034094552,B,338,0.46633133820957906,B
944053,36,0.5088770067241324,C,40,0.15370338356962976,C
525235,988,0.087797981952209,D,357,0.22119808110145278,D
171448,848,0.4987503519527019,B,679,0.3318835149039815,B
3752,272,0.5767513816884408,A,973,0.7526556895545169,A
118494,621,0.0895507443356448,D,684,0.3460072908227685,D
820288,109,0.6638147195561066,A,926,0.6422643558211706,A
811631,202,0.5561722995680016,B,395,0.2565905566531219,B
531936,741,0.7647999524050095,D,303,0.8982816089058533,D
79239,608,0.6929080464247559,C,328,0.5138947001274335,C
736191,146,0.9506245774914807,C,171,0.9716287699064329,C
578804,474,0.1991777486707218,D,686,0.6295144839106669,D
116270,39,0.6696465814398296,C,885,0.6854051830188144,C
922191,56,0.3155229279949927,D,210,0.5377542140241612,D
339405,10,0.47834243453195324,C,470,0.7168682838359131,C
335681,256,0.7533550732982,D,89,0.07324802915951656,D
146110,919,0.7431596374364802,C,813,0.2519080009913758,C
69212,7,0.9385991425328907,A,588,0.8216193186316313,A
543002,809,0.5454008334698395,A,764,0.3909925654289903,A
369091,266,0.9096547160898137,B,566,0.8747669276227783,B
301143,358,0.46217820660017395,D,126,0.041773140467925574,D
32308,13,0.5269707737484118,B,766,0.741430483039814,B
412586,404,0.5043796986957492,A,188,0.22078796935740796,A
608728,960,0.4124665777069355,B,117,0.18135798477365006,B
556706,552,0.04363864518937799,D,202,0.7255892573341403,D
374633,92,0.8391388047186428,D,687,0.6554729806969527,D
688515,824,0.6598505769029497,A,291,0.6195157771543329,A
543229,972,0.12496726566958571,B,325,0.4858612302738873,B
542964,622,0.023160555670135974,B,4,0.3132147807342941,B
641757,711,0.14398045428785367,C,729,0.7398162159386168,C
162507,627,0.357817084512007,A,695,0.7329727957514147,A
399054,778,0.14248336086269597,D,912,0.5386180370780224,D
962217,817,0.17976339670818986,B,869,0.5071783112855739,B
740493,46,0.6676988687826018,B,832,0.5818904904939293,B
382760,371,0.18511784813711396,B,912,0.7721448435604628,B
31009,297,0.008725609412314261,A,224,0.761472377834038,A
860106,332,0.7477321749530397,A,64,0.26435711510058624,A
170803,590,0.2470139829143977,A,43,0.6685856000093674,A
728183,614,0.22345936120115428,C,40,0.9805897820631023,C
216369,77,0.6048156366387745,D,720,0.9684414008362062,D
837055,689,0.4995783686106019,A,235,0.07708822574124685,A
168869,209,0.7420365023299856,C,370,0.6020202764667771,C
423209,879,0.4542254456505036,D,676,0.23034633259932458,D
326685,25,0.5038037002994757,D,604,0.16124625986262575,D
740048,991,0.42712204297621315,A,249,0.043144331335165376,A
328391,643,0.304537218561161,A,529,0.9582383364845537,A
240281,82,0.6354267995912027,C,221,0.44920336161945673,C
322605,749,0.9456451134141087,D,224,0.8303635747042808,D
816839,742,0.7466926604518687,B,111,0.01656262727341462,B
278754,730,0.6793691391808626,B,620,0.09629857672320441,B
183677,18,0.08774661395388339,B,493,0.6593926111633244,B
270795,564,0.36167140754078586,D,260,0.47714123700454003,D
927798,497,0.7812760195688747,D,931,0.8590532473014114,D
309105,138,0.7824962490472153,B,5,0.7091488372061079,B
387100,111,0.8608839389511225,B,591,0.5225406297879561,B
619032,587,0.6606120932543218,C,158,0.42607158907931986,C
913675,695,0.49268405946754146,D,423,0.55210494834027,D
850429,312,0.3551415573889667,D,219,0.508343543116457,D
682559,828,0.20219869422626924,C,398,0.9645702513745175,C
266101,459,0.23431663869887787,B,823,0.09108858423870403,B
290914,420,0.9445582705172252,D,482,0.9258617877978491,D
991569,683,0.5320486029276901,A,65,0.2630919979644585,A
488646,590,0.11208372395684241,B,623,0.03775533828507893,B
5804,77,0.1843896760366296,D,655,0.49436837761828334,D
107003,705,0.8191257415118356,A,206,0.8505676363176421,A
375317,150,0.6403105229756842,C,670,0.00028727185462340543,C
208506,922,0.1937756003855693,A,88,0.9968171438272063,A
367734,879,0.48579073221836255,C,562,0.2844937870363794,C
260762,719,0.04239665598461739,A,620,0.9630571394750862,A
509481,193,0.19942695545632116,B,822,0.5132866871111791,B
511450,177,0.14636826863695318,B,775,0.33966076345174545,B
50303,735,0.19823237593044174,A,264,0.06755426066125358,A
852182,711,0.2382009038022499,D,294,0.09300943016209173,D
824760,95,0.9743831257812824,D,915,0.5737126191636606,D
192752,588,0.550160747678515,B,969,0.7461562580101736,B
822181,889,0.8258319216776844,C,510,0.7371122479413936,C
862982,229,0.6376994139684838,B,753,0.24205651784496374,B
576649,697,0.24241413714601456,A,234,0.20276655878827332,A
342361,29,0.08900975917961762,D,856,0.6185968991818083,D
425105,394,0.8799900415090323,D,797,0.10668929010539119,D
439218,625,0.3415389174169714,C,692,0.9557796840624815,C
654071,800,0.6400118471811939,C,782,0.9160068296725573,C
554042,970,0.953292283890763,A,768,0.5766651863474097,A
724771,871,0.8524136254352613,A,538,0.799269917779981,A
362971,781,0.8853805007888051,D,690,0.21075238570144772,D
766661,450,0.2720956171929544,B,561,0.2628490346457001,B
105767,408,0.07850103723188695,C,429,0.7007126268163008,C
32322,242,0.8240242873152354,D,585,0.13113916649872392,D
545921,704,0.7964518625242157,C,149,0.8000374582346373,C
200434,595,0.41807803251580644,B,431,0.49959782611185066,B
447327,99,0.10401022131174287,B,707,0.1633418802919714,B
24370,241,0.8610346435374719,B,833,0.25428968277975483,B
599088,69,0.8380180953551153,D,421,0.12123748921670374,D
825790,90,0.9437636743790884,B,390,0.6136637723931936,B
960173,985,0.9310350633388444,B,165,0.3436254875974203,B
417167,975,0.2054131154672144,B,188,0.8542118446759961,B
677775,531,0.43757858882147016,A,745,0.234627192184497,A
542829,927,0.737154530769277,D,406,0.10300931405688607,D
387979,265,0.6156353803214412,D,959,0.8786909764497414,D
783482,602,0.7316890424516332,D,253,0.7375932282520479,D
908503,230,0.47805310091288633,A,35,0.6635491353038045,A
28770,336,0.9220214989055833,A,992,0.9484861321570193,A
833157,64,0.14047522810507695,B,310,0.010555818677636553,B
20536,821,0.5969867000649242,B,784,0.43043531326923345,B
153300,90,0.0022762204837215583,B,421,0.882162068490344,B
189205,169,0.6685803903772255,D,167,0.7149379829847652,D
195294,710,0.4811350189771074,A,432,0.6253230142560736,A
608634,540,0.10987012979644306,C,873,0.06846395270829775,C
270195,322,0.5810540884950395,D,296,0.11035635051796366,D
191844,222,0.958911657144898,A,328,0.01939539724699635,A
328839,616,0.45524294828331,A,992,0.5349707530597663,A
89951,147,0.052227233930518424,A,995,0.10227348865653973,A
886634,744,0.3174855303008045,A,732,0.4384166354470481,A
331936,822,0.41961346838028146,B,238,0.0901969831487811,B
591088,144,0.11417168846064651,C,505,0.21718808518285193,C
542781,812,0.03496679459111285,B,57,0.2665035782430537,B
95728,337,0.09336455590107218,A,556,0.47014677659871973,A
390238,199,0.6210325114298143,D,917,0.8415392879402597,D
157197,126,0.8654374351759602,B,124,0.9745985028754597,B
884168,313,0.01274958619574762,C,755,0.9945354091637603,C
776802,768,0.501015383880601,C,471,0.735322779200941,C
952023,28,0.7083325690493378,D,533,0.6660078837135125,D
961603,507,0.32553824993606084,B,484,0.3891229605782204,B
721528,507,0.625834574734435,A,644,0.7282370779081129,A
689501,218,0.17289566507675047,A,992,0.041993369021095406,A
476627,616,0.7321097393473771,B,254,0.1576984561973751,B
913098,784,0.42607000664346517,C,702,0.6186448584379411,C
832341,876,0.1889927084371359,A,324,0.9816757109638335,A
512195,336,0.0488427735457474,A,580,0.18662672894910382,A
212777,788,0.7404488372258051,D,543,0.15502547807532696,D
50900,352,0.6427582544177465,B,536,0.6832241825576808,B
256390,754,0.5167309634621979,B,855,0.9377995366586317,B
395131,301,0.20129308959636594,B,894,0.03127375395654908,B
408172,370,0.13535608214678363,A,497,0.1916166402306675,A
312198,162,0.1719205563113264,A,584,0.6417516681276226,A
430522,584,0.3593762352801779,C,375,0.22072278414632096,C
326181,474,0.16112973979570433,C,967,0.21590006322105781,C
602676,919,0.7808412965580769,A,170,0.7924615977734069,A
63212,293,0.9781064490988448,D,743,0.03466290222820989,D
735567,85,0.6359758747062862,B,307,0.9843944253168009,B
840311,857,0.0875833825920177,C,876,0.31490467504934494,C
174993,667,0.050084928715233845,B,38,0.4603698056612592,B
571349,453,0.05795773803182713,B,141,0.2649881792596197,B
692653,48,0.8302083293340129,D,584,0.3997982484777639,D
406421,457,0.15525087454868935,C,751,0.07720156553075108,C
685400,790,0.5503265998344629,A,499,0.8257052443848855,A
84367,952,0.190011159703124,D,798,0.0559227088233194,D
428483,90,0.44925991971350754,D,890,0.7703900577628439,D
415859,83,0.10099398542054427,C,135,0.3361681780408703,C
934119,553,0.49466319681295023,B,408,0.5018231156057946,B
273124,748,0.9237243088031182,B,73,0.2662570906935028,B
459019,21,0.48717728868306,A,328,0.34452490951029313,A
243278,884,0.7912621173834943,A,701,0.37382079032056936,A
384354,680,0.8301985066357679,C,971,0.6210024425888784,C
814585,512,0.6223967983025475,A,889,0.8324447558830228,A
917894,524,0.2822635291273444,A,351,0.6937952250561176,A
571281,115,0.9361864162767084,A,312,0.45006157063834595,A
761887,515,0.980187611773397,A,339,0.20900954112420211,A
333413,852,0.2789975745319827,B,61,0.2840135410479907,B
794507,492,0.684762863284124,C,19,0.29249557753958133,C
626264,510,0.3622728810283514,C,253,0.9222701156840872,C
376792,441,0.7827812752668535,D,640,0.25767936467138874,D
159917,146,0.3869163571982974,A,966,0.5549393515968055,A
454051,335,0.8985050888910431,A,155,0.3417861528484174,A
719440,584,0.5511353003685555,A,586,0.1527491541688516,A
577807,720,0.18615041868251814,C,668,0.1385765267985366,C
290833,553,0.6266385047979026,D,671,0.9330299464229068,D
869223,534,0.48581202364779574,C,325,0.06781404135629754,C
624713,214,0.5695857106455446,A,744,0.029483346383534448,A
201197,650,0.16258986489299854,D,797,0.18793360223450828,D
192781,269,0.518832281592526,D,189,0.026198221463318738,D
392425,947,0.48291100541282894,C,704,0.7798262497529552,C
367062,248,0.24936293499637108,A,514,0.8461382359617334,A
352561,714,0.08826704089285375,A,167,0.19325982947851017,A
732801,610,0.4248669665990692,D,418,0.7645388541282346,D
772179,88,0.3735294795417827,A,947,0.2698587026461813,A
162084,989,0.6358160203540845,C,760,0.6713390871006505,C
633098,796,0.41330002737633,C,775,0.2045621057311916,C
689744,48,0.16348842624198412,A,949,0.9546990691544684,A
536342,196,0.014923071961477796,D,437,0.40486676824252843,D
860694,312,0.9067578676524614,D,622,0.7353317798996606,D
946369,424,0.10923906668101258,B,531,0.5378691434533237,B
903586,295,0.5589187111524202,A,298,0.4395538747164598,A
28972,347,0.23770392849611388,A,432,0.2944197253371348,A
81246,181,0.0017627056704622168,B,706,0.5169696502661381,B
709224,601,0.009298454487189023,C,474,0.8298935044266396,C
863705,830,0.6423440729979052,D,739,0.5006577902523546,D
49479,567,0.13129343066891452,D,797,0.5854477207201901,D
726334,21,0.9893611955307694,A,183,0.4536807357543369,A
908961,890,0.784691204811198,A,256,0.3240747801342414,A
975437,263,0.48907959145212165,D,889,0.14460737391461997,D
715255,461,0.6467330957643534,A,3,0.6225603279873416,A
315030,579,0.7193111153065608,C,469,0.4976276074007977,C
852826,443,0.6661471921956429,C,222,0.5888623271843092,C
300594,296,0.8594959300037371,D,615,0.6001021042955892,D
839477,8,0.6704558040634963,D,903,0.5473416095831464,D
75463,554,0.6376057743826185,D,189,0.14825616817969034,D
673850,29,0.5037522420171247,A,50,0.10888764572856513,A
875238,30,0.9756081236310955,B,165,0.672090495261405,B
127798,363,0.43001174090417393,C,786,0.2992944815965134,C
303861,181,0.2895479542457955,C,776,0.42732383939109464,C
520653,858,0.6317256680126789,C,711,0.8594079410613964,C
198713,201,0.5134276212213136,C,629,0.5626343376666078,C
864717,589,0.6097268267666422,B,904,0.6094057577306153,B
388204,771,0.8896027878907228,D,24,0.4648856343735809,D
474121,181,0.4709854153237475,D,755,0.8480697885701867,D
51229,837,0.6205738001856084,A,315,0.3002839945755126,A
538477,415,0.9888586906588803,B,198,0.33051483209301,B
898310,828,0.9948001951383071,A,591,0.6854933003464287,A
449413,611,0.8530263177457706,A,992,0.14930490613326441,A
252964,635,0.5552882951498144,A,347,0.9836187688651739,A
36185,117,0.23721851034529262,B,609,0.1168446381732351,B
481675,560,0.3747069089361792,C,508,0.8770487326207924,C
935997,25,0.9214709159884596,B,537,0.3023182986305113,B
271425,597,0.6204044787590226,A,383,0.7849439832374083,A
742681,394,0.9818901091792748,B,935,0.09260411891172893,B
882840,310,0.3460591377804252,B,348,0.9236367678900952,B
225391,685,0.3966103025712041,B,787,0.8717989854384329,B
687107,176,0.8363551094082935,C,318,0.9323373440208282,C
29496,175,0.5945661281139827,D,105,0.5205777121050669,D
620041,952,0.5934920594668693,C,293,0.27664953866806474,C
989077,387,0.31259282814477185,B,15,0.9582980545084547,B
160758,583,0.9789797396487596,C,133,0.02899268620264206,C
945871,48,0.6325873704083171,B,436,0.39191676064568004,B
722907,565,0.4348522354324863,C,466,0.31039168450592436,C
880200,511,0.20094408728540292,D,970,0.22379445391686015,D
756416,494,0.9797688579093508,A,716,0.9172644217698321,A
347989,284,0.8246122361516485,C,66,0.47533436203663837,C
172129,290,0.36235555004085906,D,289,0.7679415147648412,D
654529,20,0.21500756361782503,C,635,0.24369106104931992,C
469174,542,0.7590109310931384,D,997,0.4823746560798321,D
243170,920,0.14030464878651439,A,348,0.20823814581271782,A
947152,465,0.742474206140889,B,678,0.6696051961026668,B
860635,919,0.11703523830082374,D,606,0.5960754935660096,D
716395,420,0.23819983576943426,A,612,0.10874463383487365,A
56208,542,0.5952251633045834,D,908,0.5807678915802836,D
954065,507,0.18887335462235477,C,872,0.294184662866671,C
682813,463,0.14950201121835072,B,881,0.28220924634992806,B
359899,558,0.18908611596511127,A,240,0.43171550111637913,A
588825,579,0.6710490145652689,D,192,0.555421578769349,D
177492,620,0.35845514042526816,C,295,0.9974560430104709,C
894111,672,0.060407975548974924,B,140,0.6422428995813549,B
806169,655,0.005967309807817012,B,190,0.4247718572957311,B
732166,346,0.07430975065283218,A,591,0.49815696363750006,A
165295,371,0.5115309594197219,A,747,0.731293183016837,A
805991,655,0.027015999811617397,D,483,0.6306628491110065,D
130379,552,0.4262785517652148,A,36,0.6950511628602781,A
470655,10,0.10819422120778677,C,644,0.4731605319540283,C
274912,90,0.5664248234290592,A,586,0.05161988479137325,A
549094,224,0.6015244734343116,B,129,0.505596109307276,B
202155,7,0.6409553599160784,D,630,0.2809719314814888,D
847617,574,0.43906390030328857,D,759,0.11154940429196902,D
341453,938,0.10193436777357034,B,931,0.5917701254708113,B
560618,228,0.04681103463096414,D,674,0.44665316767816854,D
260741,94,0.549475854167599,B,267,0.7825277052877461,B
935457,683,0.41368713858421857,C,496,0.1808091908646524,C
990991,334,0.48547549319509065,D,609,0.933941854698388,D
888428,900,0.8701770181376732,B,857,0.4959482755717731,B
977134,73,0.2581445124327518,D,676,0.44018500839173114,D
973804,343,0.5693350958573755,A,657,0.2643954959175283,A
513374,736,0.13737894940090534,C,53,0.16760039675246863,C
164999,676,0.5426567373206632,D,543,0.8702777358497257,D
303125,714,0.8923126647498008,A,295,0.9272225260534066,A
617408,789,0.21376029974788913,D,939,0.5312933522270928,D
221440,219,0.6167555879357868,B,261,0.6543432815684141,B
521507,364,0.45631392760573486,A,421,0.09769875947582918,A
437438,311,0.18987059510450222,C,701,0.44594220333931156,C
576952,810,0.6208770671030129,A,742,0.2832970190934546,A
363589,821,0.49422950686654143,A,34,0.023700472857037358,A
918447,79,0.11867612634348479,A,58,0.9385054677288128,A
893805,809,0.8930551280677781,A,712,0.18426299283903635,A
566199,36,0.5889406295375823,D,799,0.07399706004029116,D
700544,18,0.19315998063971807,A,391,0.3885904277313853,A
772757,847,0.5079763788238323,B,264,0.9556056992173259,B
334601,172,0.5982823126689096,D,451,0.06939848133714333,D
102101,488,0.956223627000918,D,624,0.3926344452682299,D
394371,279,0.5497388952267991,D,628,0.6433381669688948,D
899639,299,0.3545339079916787,A,585,0.727545151491436,A
75669,578,0.11210946856628201,A,918,0.4977013777856102,A
414289,904,0.22562411028309182,D,580,0.53530407648565,D
74759,50,0.6362123373258659,D,645,0.6888425823991083,D
884786,60,0.479867653156245,D,906,0.6327912691085319,D
514506,522,0.9579365511445609,D,737,0.9963835596512662,D
45987,815,0.09677582535191298,D,500,0.3887675334736155,D
220815,639,0.8788790122752453,B,37,0.3392851058844808,B
350181,5,0.22968139635923357,C,753,0.14159047222804055,C
58724,953,0.8226032117602103,D,718,0.6487864191125164,D
567212,597,0.17700493449314236,B,176,0.6326614547517746,B
829411,816,0.2591079607583546,B,467,0.611225889404784,B
781812,467,0.7417133853735111,D,509,0.594977407151276,D
245993,707,0.387142569345734,D,782,0.04558654571388099,D
432089,362,0.6224326080027436,A,343,0.06322188765365988,A
57221,320,0.43888137592164533,C,775,0.41515432423391074,C
669622,924,0.9864826680587456,B,947,0.5819858017615891,B
911873,304,0.22939560634241363,D,102,0.7910522956204914,D
537061,51,0.8460157555150459,C,900,0.48696747482361347,C
603376,86,0.9822584997945353,B,7,0.17941285614771363,B
11887,65,0.07080783310855765,D,723,0.6517557918558308,D
606851,257,0.8018219707740137,A,571,0.23563900732921705,A
670588,42,0.13669602550641247,C,542,0.9767914794063854,C
446280,321,0.4837754841984431,D,115,0.7966129716427431,D
833142,451,0.8195956257538894,D,163,0.670142635126956,D
928439,632,0.11648016191539834,C,55,0.6448608365967353,C
518989,189,0.5140291643104502,C,445,0.2513817797176139,C
724961,115,0.6158804214755197,A,106,0.7404168848131342,A
509580,847,0.1281917209967124,B,765,0.6768525458751079,B
300558,740,0.3229813023907867,C,797,0.11013286803761291,C
821801,79,0.7227952951933991,B,100,0.23711836142650144,B
787136,709,0.11176049859755777,C,384,0.8913651497711447,C
634095,28,0.4197114721839438,D,482,0.5850922575921395,D
487185,284,0.0918861031323418,C,911,0.43586506057486885,C
792308,602,0.5940724082104676,C,950,0.6094335500522767,C
643176,29,0.18367442450664917,C,396,0.37348508191410157,C
734358,591,0.6462789687557255,D,343,0.1272117646939649,D
830720,753,0.6480183346275047,B,872,0.46553429557814385,B
572945,572,0.9767938437796336,A,778,0.34357600822935663,A
381741,784,0.9134423316345148,A,421,0.8569737637174784,A
676518,303,0.9774533383261906,A,605,0.4734889927282111,A
49095,570,0.5529308920593964,B,747,0.428110366584203,B
753387,628,0.28703241948750835,D,253,0.32729594733006295,D
754102,962,0.913939979532875,D,481,0.7334763017938016,D
803108,122,0.4760504341054531,A,85,0.5584869664391777,A
814004,205,0.07723416517551951,C,709,0.7317862838999784,C
529091,670,0.2869092575997828,D,135,0.35840568166815057,D
756451,618,0.9525909306671815,B,663,0.9989516592825167,B
825617,13,0.903995642759337,A,491,0.6690356083574638,A
541256,653,0.5733769826531339,D,720,0.4592828367495694,D
780203,570,0.36076038327529303,A,895,0.7031348899406222,A
288915,571,0.17489871550271807,B,808,0.8715517995537851,B
916639,46,0.4281211688841565,C,113,0.3829549950777803,C
866064,390,0.7341889977645994,D,342,0.2386327053579228,D
938544,815,0.7277334335490302,B,664,0.4784934650166337,B
298183,133,0.19459577166355513,A,381,0.3452265817851621,A
510915,683,0.8873336546795391,B,913,0.8839789812108436,B
332610,654,0.10477232708735074,B,82,0.3906825028206844,B
150030,94,0.36285782876454287,B,295,0.9582565051065901,B
213697,584,0.9690687814899509,C,111,0.1647662168438936,C
860052,998,0.17917049616210523,C,713,0.1479540429735834,C
5726,650,0.26260963401214343,A,895,0.2042561584762307,A
210552,460,0.265202429562566,C,22,0.8717937007694624,C
361049,890,0.7369730277462848,D,854,0.9474487119884825,D
111774,947,0.6513054932179552,D,808,0.26000745763467203,D
628063,495,0.43857136572590916,C,151,0.3531208953587862,C
75399,915,0.4537633305187362,A,633,0.9241316404997548,A
464533,202,0.8440968877065766,C,243,0.11691733480357713,C
655006,342,0.8957458734720665,B,210,0.5624872424239992,B
982672,63,0.9511922128975133,C,681,0.3169437645228398,C
233786,882,0.9306879885049896,C,381,0.4484290967871739,C
684540,412,0.04237373832702318,C,546,0.30155976952232433,C
135923,612,0.6559975073871511,B,414,0.9310689158694215,B
324192,493,0.37484721737260873,D,970,0.45804073607780993,D
725794,16,0.761724564281363,B,4,0.9701501633114739,B
995585,682,0.6247583841083858,B,694,0.550959990299315,B
302829,544,0.2934800687040766,B,411,0.6175219926303395,B
423127,485,0.9315427316206041,D,456,0.35739354858160854,D
456134,736,0.28586538318263854,A,622,0.6413126527901719,A
382116,936,0.25909655869290693,A,23,0.08358955039391136,A
395525,918,0.2101670488001819,B,502,0.3177578121660044,B
945956,614,0.648994824150143,A,733,0.8538040699633991,A
933273,142,0.18463209463768715,D,291,0.3449202131580936,D
362726,794,0.9825056782765033,D,825,0.7280006704506328,D
415753,209,0.7132676367314035,A,212,0.30323113854686257,A
787112,99,0.9011194927818197,B,6,0.4094606387526243,B
37809,462,0.4921603528912477,A,569,0.46211996458654847,A
198208,829,0.6678827487930762,A,852,0.38176953263180824,A
53854,777,0.5820414560028792,B,27,0.7912195474091669,B
190570,653,0.5710697829147169,C,268,0.30016940799375313,C
555668,195,0.6807738609495533,B,503,0.9067931971538303,B
966193,192,0.1266277279831095,B,613,0.7455655735862218,B
507731,796,0.6428430700639315,B,595,0.058510393993087995,B
695432,971,0.4968034560701189,A,140,0.518170746277405,A
376148,146,0.5312271581827819,B,104,0.21787621196027773,B
955116,518,0.6638906926214765,C,119,0.8188447440507423,C
493384,796,0.6160744174143158,B,491,0.3482099124161412,B
348761,747,0.8470390008048635,B,726,0.3046842592117155,B
725117,627,0.25763473260375325,C,214,0.13021825239888996,C
319148,734,0.6819455793466918,C,435,0.6908181366549706,C
101387,300,0.2567585347827679,D,79,0.018806411137374468,D
227256,367,0.6397103205033914,B,201,0.10781738186473178,B
87818,576,0.5037674504656404,D,930,0.2530124712234847,D
947712,829,0.1129253220207802,B,308,0.6675864235332041,B
216810,418,0.9195408667675108,B,801,0.12379355669094672,B
615201,967,0.05809506600831682,D,686,0.3515336664710873,D
10894,670,0.8843787489849367,B,149,0.8458615224525183,B
589045,384,0.6383909661584647,A,923,0.7540178711498267,A
839293,427,0.5609514182324182,B,996,0.7253493524989911,B
356027,271,0.07438137702382464,C,942,0.5041952718145907,C
672406,689,0.7070239733889131,B,526,0.227554212567046,B
472790,984,0.9659535406307858,C,779,0.9846127503684183,C
849247,539,0.7949275602948375,B,477,0.11031616121327559,B
795422,118,0.13356111819357974,C,507,0.762273679384965,C
595876,523,0.775597746465412,A,335,0.493712798623164,A
206658,525,0.34783279490805463,B,567,0.40728222050211815,B
887695,333,0.9807661050987905,A,877,0.0696091569569307,A
879634,599,0.9927853905442373,D,146,0.39481146187055316,D
978478,252,0.7511144121850201,C,372,0.975207494192469,C
120330,22,0.6290302027840089,D,609,0.8440295010109343,D
625886,930,0.8015282934556627,D,238,0.8381091313414588,D
145036,104,0.6486782651783567,C,125,0.25068986035392715,C
548879,4,0.7684524716651455,A,643,0.9424030045763282,A
444235,200,0.08202504406478628,A,101,0.7377983559135527,A
837423,417,0.5432585384868999,B,510,0.6781074406709439,B
335405,816,0.054311260905819725,D,391,0.6045839241087761,D
638262,449,0.3135768333324944,A,310,0.6219667615237282,A
918623,910,0.1095634854429961,C,778,0.07651725903958528,C
569862,337,0.6735213754680232,B,300,0.6620932333014834,B
622954,122,0.45429080296076896,D,440,0.8801256709913846,D
138389,42,0.49917170159684743,D,392,0.45011551912545555,D
708686,914,0.1053926964690588,B,33,0.17686917302509053,B
225886,241,0.07287067694742799,A,319,0.715723189630214,A
299257,563,0.15368119845219885,A,582,0.6750245801400669,A
780929,934,0.3632228298414918,C,28,0.5904634151244048,C
751622,375,0.37878407810886794,B,857,0.3664100941186903,B
639003,612,0.18328233424586604,D,438,0.3451430275436157,D
105672,504,0.7645131769689336,D,677,0.24422888642261864,D
878595,916,0.44282926158688807,D,663,0.3120995282570397,D
933490,857,0.13931162095446614,C,932,0.6879912619702535,C
400281,678,0.8166092578478551,B,345,0.16977924123191823,B
314124,306,0.4069383719461501,D,712,0.46969990125290473,D
347517,580,0.8573391180399599,B,324,0.3777375934299345,B
352471,544,0.05257917854006855,D,629,0.29952089759211464,D
72160,961,0.3197487911668645,D,508,0.6354442003915763,D
444037,608,0.8154464318369523,D,860,0.8503342981326134,D
657294,202,0.6037109885224026,A,294,0.2651550996864688,A
461465,654,0.6169962124228634,B,580,0.8011856714715335,B
442817,569,0.69825427572219,D,355,0.7956517493476092,D
290234,530,0.938870815557018,D,642,0.703331645699025,D
402929,324,0.7585898357149499,B,590,0.49920363137835855,B
655905,468,0.2589198741158809,D,246,0.15047265400315457,D
462569,969,0.39618273755039124,D,649,0.20355804149781898,D
966490,416,0.30925938680157394,B,116,0.14996224784788492,B
899468,618,0.6366711801466234,B,251,0.7970447601916553,B
210621,834,0.5547045310684454,D,163,0.2727119634779589,D
430888,391,0.6804024202807025,B,264,0.7896698400641842,B
958363,957,0.9092615861353885,C,321,0.6015997402219412,C
989387,603,0.9404516725776082,B,922,0.9550884768888864,B
249384,165,0.8028502631166438,D,243,0.5998213151266935,D
956847,117,0.16844014724393364,B,147,0.10681401323642026,B
920061,50,0.27596170582086055,B,993,0.2745473343094841,B
558082,245,0.37742391072389836,B,931,0.9607479676080909,B
245195,283,0.8554506781428981,B,958,0.822707725738495,B
455466,594,0.43848631561507334,B,304,0.21038649126452746,B
668089,919,0.2311055959972157,C,937,0.43884584778065006,C
750286,375,0.8963935098195774,D,842,0.7794566820598797,D
191973,864,0.508421319210337,C,715,0.2609700747306236,C
61415,218,0.2762144127051507,D,360,0.4208705321111972,D
179236,702,0.07465340671804066,D,410,0.20007531813007795,D
11148,160,0.3424018093195903,B,86,0.414496424552795,B
110530,243,0.260160513337902,B,402,0.8763900129297377,B
420694,454,0.1931822471634923,D,997,0.46242488323350395,D
45205,936,0.8360656918384309,A,981,0.3679201541105127,A
785929,319,0.6739794933354866,B,968,0.8619367242858739,B
579956,246,0.3527394274082978,A,614,0.21556659784322563,A
981594,129,0.9917125442157352,C,29,0.290192961514951,C
318149,858,0.3455161153274269,A,632,0.4509766914496439,A
579252,232,0.0749843246067915,D,378,0.5829030773361554,D
282643,261,0.15041809788935645,A,892,0.32324597965478274,A
5717,937,0.5390924481560126,C,97,0.5569999743905091,C
948623,562,0.4020937230772451,A,340,0.9310646074625957,A
810630,176,0.7901943918756646,C,259,0.5045419977579852,C
812664,625,0.7637505033791311,A,91,0.31731738679301413,A
369406,337,0.4348168663818188,D,130,0.4992106174802746,D
586682,643,0.6222952779913339,C,193,0.14862080704098313,C
485348,823,0.5047998427851693,B,187,0.035862248169239774,B
122032,625,0.7124280782838026,C,722,0.4671328398319323,C
557641,467,0.8690139252214004,C,916,0.9272063411393074,C
816918,973,0.7983047726512437,C,452,0.356520116245885,C
199648,187,0.26216591037886683,B,866,0.71976396342277,B
246243,223,0.7731218552566674,B,126,0.349604301851823,B
943176,308,0.19972550340107897,A,889,0.28411644831787763,A
399601,86,0.24425256550401508,A,767,0.5087377639306467,A
647411,263,0.4252862647684488,A,252,0.7682534269847778,A
836624,791,0.4607367068827246,C,29,0.08106323674494897,C
833132,403,0.2432722452016386,D,883,0.0486822486039844,D
756144,107,0.7263382721734811,A,408,0.2551639018804639,A
402188,371,0.9629820475165729,B,988,0.77087748695549,B
845847,1,0.2939357837897698,A,21,0.852345833243599,A
608994,492,0.7890954786051843,A,397,0.779492545145722,A
397720,529,0.42422268109767314,B,305,0.4908450976096125,B
853721,23,0.6739935320498615,A,41,0.5133414591978851,A
612773,514,0.8275797878173201,B,928,0.801544692200507,B
25839,691,0.7365544019833458,D,130,0.6843139372982354,D
798354,379,0.0619186436245307,A,535,0.4277318067512037,A
6092,829,0.5523679943704575,A,475,0.6608552539371698,A
733414,733,0.03710216354142826,A,758,0.6615783234155099,A
174255,596,0.8190146091600433,B,805,0.1822081345536546,B
427012,535,0.9690927050919206,D,85,0.41625156161751853,D
824755,873,0.3173623746429034,A,216,0.18508739082679537,A
391348,147,0.22764393703715602,B,175,0.6558009719634046,B
113105,442,0.26856041980290657,A,128,0.13511394719687042,A
508410,976,0.4050075716095183,D,114,0.8159682230344805,D
563957,167,0.9371942139687935,A,492,0.6486232217040224,A
332108,283,0.5609898498401853,A,308,0.7697211464004632,A
917539,310,0.17446251154064518,C,485,0.42187922464174643,C
569773,184,0.2723391599038779,B,170,0.9024153363140094,B
71088,210,0.22373943144607666,D,880,0.44951627839525243,D
223705,411,0.91705110464226,A,206,0.29483140684239906,A
446802,730,0.3307562086059793,D,341,0.0078742809792125,D
826767,84,0.2602342270920365,B,499,0.3996803722240102,B
299017,582,0.21656856284756365,D,731,0.06070468223325021,D
331528,475,0.7759266154389245,C,432,0.5764033519912521,C
148187,307,0.7962222686220376,A,506,0.6226966898066139,A
430599,311,0.960297410082573,B,165,0.2880107814536179,B
292111,631,0.9338263730862765,A,480,0.3438473898031613,A
513134,809,0.1409561638533997,A,519,0.21970234504087793,A
481047,814,0.9114492180898821,A,904,0.2933940419777855,A
50132,85,0.49076722542085893,C,636,0.20720859082383813,C
734588,299,0.0020001576372138397,B,177,0.19948422280187972,B
582807,517,0.7414273113308505,C,214,0.556830510847638,C
563564,738,0.7502872524243613,A,367,0.880906106984675,A
311935,200,0.2435247737206141,B,345,0.4306204625514841,B
815240,585,0.36967633160307267,C,788,0.8777136471645709,C
686640,997,0.8737029987870208,C,873,0.6901355823404765,C
558033,326,0.8355415091955104,B,998,0.10589185939470225,B
71342,823,0.8291597106311591,B,745,0.2921229877186071,B
410180,989,0.8831667899820855,C,662,0.3637369076505863,C
352125,763,0.04151768644949727,D,125,0.8485950917146379,D
338229,289,0.9773311237471746,C,251,0.8348133698787183,C
621837,326,0.1299976351406008,D,771,0.7535071710471084,D
844871,157,0.5624984305706584,B,141,0.8017686786414895,B
353802,328,0.7127462118435571,C,788,0.009948713463736492,C
810300,967,0.4308034853180801,C,444,0.061468328485386525,C
775212,939,0.6269379042982263,C,676,0.9225188616027367,C
495035,190,0.44581190859600195,A,924,0.5745572601095573,A
690807,211,0.09731727339440821,D,846,0.27978074476278214,D
82349,931,0.8305587476255945,D,902,0.3015314123353431,D
734266,703,0.04925649803514476,B,550,0.3344929247349019,B
210707,505,0.8514571128218877,D,852,0.7741577871437526,D
372654,514,0.10672611536718513,D,824,0.7457580714598303,D
25322,69,0.5233250926314237,A,335,0.5164518250701505,A
707346,65,0.8208723084353127,A,842,0.7785495099519754,A
699826,547,0.3609382173684691,A,150,0.7116404207474897,A
885545,155,0.3641780252872572,D,94,0.06219367254441022,D
831158,629,0.3672306730867193,C,487,0.2147844019991464,C
219784,417,0.8865978282022524,B,378,0.6768224427570074,B
57685,564,0.689351527935462,B,147,0.5057858908707199,B
10771,892,0.7323545543784741,A,616,0.8523177982018877,A
530701,764,0.3462617598194774,A,123,0.3695859653634187,A
732961,863,0.6616104881019707,B,535,0.15330451069580175,B
199929,997,0.10684329688030092,A,810,0.14286939160629952,A
669770,894,0.20853348900408486,D,187,0.8191250692282641,D
867152,923,0.7579315189167535,D,125,0.5475372996080587,D
683528,785,0.05410443872467552,A,891,0.04468247605543696,A
216034,754,0.2318408994796336,B,819,0.624770430210995,B
874680,461,0.10198965706274454,B,978,0.618704054816323,B
701359,924,0.3044661016940249,C,281,0.7867570460275187,C
858763,267,0.09491316793075821,A,849,0.7056177022972512,A
593268,746,0.8705742393693,A,424,0.024056940225127388,A
249536,335,0.1265905791070695,A,101,0.5417792735111414,A
10404,386,0.443415257576363,C,187,0.2555545253180317,C
379822,385,0.3361811299798555,B,157,0.306794218362605,B
942184,975,0.004999152684855623,D,27,0.7133006234355403,D
883401,316,0.8830993340619131,D,327,0.14246055046336947,D
553541,94,0.5860611987043194,B,53,0.20255945801454,B
454730,751,0.2534322393311128,B,275,0.06063197790336938,B
83149,563,0.9736225086825951,D,781,0.5547074500586905,D
784890,290,0.3693476032975582,C,311,0.5682456374671006,C
446692,595,0.6001685333996623,A,866,0.6357989944549827,A
119772,423,0.7756704411305319,B,801,0.9679115127203392,B
135819,363,0.7231566193729301,D,61,0.9335068160430394,D
233566,788,0.40031323759895854,C,165,0.7391829455948568,C
897661,961,0.8966726545523726,D,625,0.5048202496574608,D
671585,279,0.7176826715602762,C,470,0.9589926794135099,C
165078,369,0.5705946969911107,C,935,0.6918450603911708,C
524600,823,0.8618063873575769,A,923,0.009578612988489832,A
201966,369,0.4207375519811347,C,423,0.5557906545346094,C
587584,101,0.7105405848971242,C,473,0.37048064124768854,C
930466,348,0.616122176855857,A,455,0.009363302748804925,A
247339,985,0.6301351843556806,B,92,0.8162808240461551,B
351411,362,0.5850405139095198,A,505,0.9672965061888037,A
869645,312,0.6506960484446589,C,287,0.4928378753699927,C
371162,946,0.5416396991507955,B,840,0.6384361043280823,B
576929,4,0.8090929909557077,D,890,0.27734755403624645,D
890904,667,0.1300289984855234,D,602,0.12824639488736866,D
254222,476,0.06438608238468047,D,130,0.2596244807061806,D
494943,513,0.8953269425383862,A,868,0.6779787169629149,A
690664,525,0.8478405760629064,C,696,0.5182952692105377,C
101218,335,0.5577473948513236,A,284,0.9183914916221951,A
193503,585,0.772150437465156,A,342,0.08180890142990982,A
905304,839,0.8889841092760876,A,168,0.3292246335059841,A
981239,441,0.5963787190616145,A,641,0.6252947009855963,A
839963,363,0.6539662599977959,B,491,0.4319489434961905,B
951807,869,0.27686310289619154,D,606,0.7972209053210698,D
633561,260,0.8025602029097032,C,110,0.47357652513950466,C
111452,612,0.11330339060710637,A,841,0.3335884550189602,A
162017,299,0.7124749089532226,D,966,0.07291083615831628,D
863036,355,0.5362325564262097,D,938,0.033343675564193154,D
498954,609,0.3772152944481212,B,308,0.6107386397286148,B
143055,156,0.8557845063759788,B,104,0.6775644574745741,B
305163,642,0.4508426685047091,D,632,0.7519633577101529,D
988993,307,0.9467596696241908,B,885,0.5995758532544583,B
744740,164,0.12306172522658732,D,12,0.5951751076675906,D
643465,146,0.25949111249279044,C,607,0.7894164237438102,C
329590,95,0.9499104227993287,C,926,0.5732121327965082,C
333758,98,0.3947268160438948,A,816,0.044070788178527165,A
287537,4,0.0424607802181014,B,319,0.5845222952652582,B
533883,667,0.43261479381628876,A,480,0.3086744144806972,A
706197,686,0.15617814455114576,D,530,0.5864399124508858,D
877787,491,0.21283920392367017,C,999,0.20037190348323275,C
876010,502,0.21955245234209542,D,804,0.06840377555453714,D
438923,548,0.3398127313201734,C,683,0.47572505991743186,C
577284,999,0.24866803573849527,A,107,0.45430209395368004,A
356250,867,0.3295925121629215,A,507,0.21940588146413553,A
138732,442,0.3401600054990861,B,654,0.22302508870676574,B
126610,417,0.665846919414379,A,477,0.6239200175787397,A
5645,180,0.6630324806355062,D,492,0.7345861775305003,D
168891,633,0.017965037213294788,B,371,0.009892091704392092,B
414224,301,0.44527071608426827,D,568,0.11518929259778532,D
674545,864,0.3468123590726029,D,646,0.5856863924317715,D
347631,385,0.3837167031497737,B,998,0.02968557327332244,B
574405,581,0.40582059417902927,D,290,0.17414660914946367,D
711507,677,0.0395337273337798,D,200,0.02149202805815198,D
252395,813,0.28391692936709745,A,21,0.831445736270043,A
295772,697,0.7825695872274154,C,388,0.6548691972152447,C
244058,609,0.6582700288660761,D,346,0.9361141041683955,D
709575,871,0.7695681068978723,B,378,0.8094877702917922,B
44045,741,0.09931742299691149,C,196,0.5325547112390066,C
997517,158,0.12604080786001814,B,54,0.6294591411621266,B
483576,324,0.9857558272838456,A,871,0.508269481125357,A
478133,756,0.2643771826547118,C,224,0.894884625099603,C
808182,452,0.9142171998412083,C,405,0.21859372635184993,C
545291,614,0.38183142643348034,B,183,0.44168849463604687,B
178048,661,0.45386212438205964,C,100,0.11858788185826441,C
778927,232,0.05824619786832752,B,559,0.2003065968584853,B
988187,568,0.8524742319283757,C,691,0.32924129255133594,C
188549,784,0.019162394687859408,C,722,0.6040340438335814,C
607929,300,0.33261104482492176,D,875,0.7523833566619854,D
61303,828,0.9756457128175642,D,232,0.7233358900929769,D
76926,24,0.6215906339396005,D,485,0.23372318979967643,D
88959,48,0.42143605195337475,C,439,0.770131066008879,C
934671,321,0.6475867601884329,C,429,0.4257193482351511,C
930980,929,0.7808599869743121,D,1000,0.9526375457216603,D
838453,136,0.7825434712504107,C,971,0.39063614654324386,C
863200,545,0.3365648506251693,B,175,0.10431317742828672,B
934687,692,0.8877861332708473,A,191,0.19899873487272135,A
605916,430,0.7549028745434451,A,238,0.2911055286196611,A
287764,880,0.2969144243359172,B,113,0.12913766903022683,B
234132,565,0.7130659212034455,D,891,0.20567700497625152,D
958194,664,0.023181987441357133,D,7,0.9910851131580173,D
72439,137,0.34963000587691384,C,844,0.39923691455162014,C
688646,116,0.1838587692732494,A,538,0.32889146290944915,A
375155,357,0.9728866954822635,D,183,0.8999646203051247,D
925976,475,0.3346303227771976,A,906,0.8705395918930487,A
379670,316,0.9363816928358044,D,516,0.7665390802883404,D
22678,586,0.12653119560199655,B,258,0.2073720954810423,B
570948,108,0.34285404454728774,D,473,0.026717879423465485,D
435721,786,0.38948311850717876,B,10,0.25060573305698264,B
467860,521,0.16839302503394227,D,84,0.5484285403566256,D
410329,95,0.11326212632976673,A,730,0.9500184240767632,A
391495,486,0.972959727711709,D,482,0.8204266896779975,D
377084,922,0.5398687255284689,A,174,0.8384958506976524,A
703547,658,0.4324607588963092,B,451,0.35808698965564534,B
64767,537,0.9368268592153924,B,731,0.03444484541332493,B
832868,515,0.518990383938902,A,790,0.3773955312901306,A
325518,44,0.2719240561153591,D,951,0.24969978164616746,D
949413,334,0.40082512445015495,D,204,0.0913864300849917,D
438861,822,0.6758195922513212,D,14,0.3371166424492489,D
560817,463,0.17892999018132694,A,696,0.6689494554934761,A
627086,683,0.9466603088564751,A,981,0.8822860575959325,A
251294,91,0.7055214639771561,D,218,0.10588531461787465,D
467117,384,0.5105085732108914,A,15,0.4021394897549805,A
624469,221,0.7093706891686818,A,398,0.21276793970745744,A
736525,622,0.18359641263950444,D,67,0.6579617024591929,D
802257,623,0.40734403242891326,A,420,0.3015342486466849,A
238608,222,0.4607337647722173,A,614,0.3243542908237568,A
949254,331,0.5166243410651276,A,650,0.7617162829933094,A
837651,383,0.3511277822965688,B,343,0.01764879829088828,B
870450,346,0.34777190137514047,A,21,0.616348674587466,A
710088,970,0.8267504031105748,A,316,0.23639632566208602,A
681646,217,0.007387258506867278,C,634,0.07938963964524126,C
993690,567,0.2610729402380437,B,383,0.4987264819191003,B
265413,202,0.8075189298766643,B,155,0.37574794295717273,B
834589,459,0.22629061347915358,D,867,0.7328731293325891,D
122460,169,0.7480684528768416,D,210,0.539311752126172,D
970990,827,0.9308991588975469,A,452,0.6297825128290255,A
531176,282,0.6127263610682028,B,890,0.49164228938508714,B
196603,226,0.15137662003600005,D,53,0.6343669592739087,D
911589,964,0.7669395601691655,B,960,0.20422001276583224,B
742218,308,0.6350952373705171,A,177,0.5926306512120895,A
684877,3,0.744355984345023,A,241,0.5074245488506891,A
383450,791,0.8358261523343674,A,434,0.17643550489732052,A
728002,660,0.38430371155930443,B,310,0.2853528900177913,B
344775,548,0.32531586137108903,C,973,0.9725552004544581,C
692504,881,0.18856854067906004,A,482,0.44137607084734176,A
474017,38,0.6248571966201805,C,780,0.3814193116679585,C
621958,933,0.6549277429831737,A,777,0.9064570361489989,A
244165,784,0.7108199960050536,A,732,0.46925848123219416,A
7443,832,0.22291525154821556,D,938,0.18962581458822303,D
884763,53,0.8208368516306409,D,882,0.500699808674817,D
971823,225,0.6884648936339013,B,394,0.9321295586646243,B
20738,42,0.42126167774181333,D,198,0.7629508557639862,D
456511,993,0.6901628328980622,B,489,0.03450757206580446,B
39647,493,0.9711218362848426,A,616,0.5783417966349291,A
684397,218,0.5485388748924378,D,659,0.7116094672447655,D
81735,796,0.4259974138996452,C,849,0.42687147299104355,C
286528,853,0.8168856202723502,D,651,0.5726116953543656,D
230849,72,0.9477905707409946,A,275,0.748730072450083,A
331943,581,0.15078065559467957,B,835,0.49172326178534753,B
902719,646,0.6864792009371545,B,71,0.7737436346435301,B
710813,622,0.3261442955527526,B,180,0.37465138872265835,B
473346,107,0.5601871541989387,A,205,0.05898206494685809,A
75371,803,0.3711632159483854,C,828,0.7591646849504473,C
958251,808,0.4037052583473354,D,300,0.08570706380701465,D
703308,231,0.2827322485741741,B,283,0.06426243738943271,B
435521,587,0.9734134407001807,A,599,0.23478012888056865,A
566914,644,0.9692932625741338,D,681,0.5824454485565957,D
312597,850,0.7976340435678682,D,99,0.2110683584387193,D
377915,614,0.7751169660662249,B,384,0.602984871864871,B
534685,593,0.33410462340953584,D,963,0.36121062684862526,D
946566,124,0.7670267102084332,B,3,0.45691925935850664,B
375801,589,0.3991637253669431,C,616,0.12289453945312856,C
867399,609,0.5118740170564615,C,648,0.3602056121337003,C
887885,898,0.22682203125008238,C,992,0.8075578118548767,C
252432,566,0.4281414839512573,D,509,0.7968207604221246,D
826822,500,0.9639833040402356,A,917,0.4462867003310562,A
20462,167,0.22231417752216565,C,493,0.6626421104421311,C
93840,54,0.8799425296858054,C,249,0.21164082117701322,C
907426,178,0.05639217410364583,C,736,0.2576285426760664,C
325942,64,0.5335190373364238,C,814,0.6917845482587897,C
429731,194,0.5033520435204974,D,954,0.5759720859403713,D
552170,286,0.3996701251871835,B,228,0.2590939485705641,B
79159,863,0.4371259435954258,C,114,0.08913942679940046,C
681405,975,0.07639664040521865,D,404,0.00918852193871833,D
471094,49,0.3355251742583113,D,835,0.942889908677515,D
125957,300,0.873933001325994,B,511,0.6799809221609274,B
333589,380,0.3006825375519302,D,615,0.2833928253193996,D
104756,830,0.9761450920979133,D,847,0.7167663068370005,D
877028,858,0.7643923487857042,A,877,0.48750465160157874,A
345566,759,0.8762774436792536,A,540,0.7267546004283418,A
351515,556,0.8667981596269041,D,134,0.3234185856004541,D
964818,405,0.16674418711514793,D,223,0.8043584432332405,D
900825,168,0.8510035284995405,C,752,0.6512379945004918,C
817144,529,0.7644179315223172,B,364,0.9741587599655669,B
267401,836,0.7769954666903318,D,967,0.052472115437290356,D
282283,944,0.64529105984778,A,642,0.7225504175126105,A
429463,369,0.3973220674534108,A,34,0.11880254179876604,A
279292,565,0.225439841548693,D,122,0.11662763418731825,D
48522,819,0.9576310209062283,D,500,0.6414093276023284,D
197763,912,0.32079159334074236,B,333,0.06349830116158828,B
626960,390,0.679319196509427,C,531,0.8371439396196718,C
796863,429,0.47982880923270443,D,988,0.6585823811412028,D
969974,486,0.7493734356980689,A,185,0.8620034426383868,A
462755,46,0.35306592910071977,B,40,0.12881599050075576,B
94950,744,0.21663685555680068,A,668,0.16121026193962185,A
102467,3,0.9456647083774773,B,127,0.5061483107401276,B
951931,777,0.3175775633695832,A,307,0.046166263119985174,A
980630,812,0.0684000183828175,D,590,0.4904428250722698,D
103382,363,0.8214342582700507,B,145,0.29970922958914314,B
492268,843,0.934796887046684,D,980,0.13420800568270963,D
692016,46,0.08506566987935071,B,746,0.6223127426357196,B
962027,223,0.7363160819732395,B,563,0.25496737108137035,B
915948,671,0.5745722515549763,A,967,0.25417939332519224,A
993922,394,0.4841437303983096,D,323,0.9924489914460782,D
393585,282,0.23364882815545318,D,987,0.6036072466336018,D
920854,209,0.2885542306142207,B,276,0.12462122389279429,B
482304,321,0.30365799832152873,D,700,0.548368784835795,D
776304,454,0.6938327891792986,C,337,0.6401774889899354,C
465519,189,0.9039745694508771,A,889,0.7980973662865569,A
884634,883,0.2870101744686915,D,100,0.37715598180506527,D
128454,840,0.61179376225246,D,387,0.9517828606441819,D
483354,5,0.9756901046946521,C,179,0.5264756733799533,C
720594,695,0.7513301284714163,C,325,0.9465103056421348,C
411752,513,0.27351405395710393,B,353,0.8060849960244978,B
334331,528,0.3616384663789397,A,940,0.7254192727744093,A
145367,276,0.32780931584599315,A,649,0.07947486696163719,A
201261,597,0.8967164726423978,B,631,0.19018400394086832,B
510163,243,0.3820594884373202,C,756,0.6611741107021897,C
712672,463,0.839851761752959,A,690,0.9301853618169618,A
390559,92,0.9839419019852818,D,526,0.3532915335333615,D
749619,510,0.716772965678196,C,432,0.4955078615180758,C
292690,152,0.37754405235363686,C,382,0.9697284036370628,C
325636,487,0.7007936551263585,D,2,0.7380257221398983,D
540472,596,0.6360782671768562,C,630,0.4603538761180028,C
199898,321,0.2938188322675128,D,5,0.34972169913497764,D
344167,64,0.8158881993421743,C,441,0.49204611925441344,C
97449,893,0.5021705463064206,B,541,0.5143185995408144,B
204831,115,0.559748439056034,A,420,0.12384264851442806,A
631056,420,0.057177429841134386,D,159,0.7694476072239387,D
239352,142,0.5091445925264716,D,481,0.39535882602862615,D
998122,394,0.30876264629104944,C,549,0.8115438540986305,C
300702,607,0.5711538638357984,D,449,0.6562796446633149,D
228148,207,0.8692708244567374,B,143,0.3537377770773402,B
88132,354,0.2893621989744253,A,367,0.8835762655028259,A
463916,586,0.200754542856587,D,136,0.3945460052866918,D
158654,441,0.6516275108028011,B,431,0.4890678342440997,B
513541,920,0.010290663207792705,C,112,0.9576785944989292,C
734179,592,0.5762752857887607,C,129,0.1555419887909334,C
989173,723,0.5139023200935574,D,694,0.8298357601623311,D
951182,792,0.5853508933654352,C,779,0.42895193582584923,C
981363,290,0.50791119637189,B,287,0.7667276048289238,B
391184,897,0.2658353744226998,A,485,0.7064608989858397,A
473751,582,0.936645037903893,C,717,0.7304567136044349,C
829201,444,0.07299424435082613,C,123,0.13229581267597645,C
424117,172,0.7996636467874456,A,280,0.990398795844446,A
738176,285,0.2712335611962944,B,436,0.01766134512772677,B
613302,107,0.43380385591025317,B,93,0.8643501106720817,B
60242,930,0.7284743087916783,D,344,0.4260758569776657,D
842907,613,0.8136705102104419,A,522,0.4270728278448668,A
736207,726,0.0358426644908163,B,311,0.11005494944189553,B
154591,425,0.436299927768541,C,41,0.0005359281013207484,C
898657,299,0.6737680810882904,A,99,0.6689475403253852,A
246588,746,0.6493990019753128,C,665,0.2759469465168811,C
37600,534,0.45592639115649025,A,644,0.7425874367493027,A
325876,662,0.023617269599771173,A,42,0.5865614560867114,A
430947,406,0.6553472170421465,A,76,0.9418180029584394,A
534974,60,0.4162404921103593,D,546,0.7207694661145833,D
606967,195,0.08845496191965019,C,130,0.19170672758081964,C
178973,821,0.946991972196574,A,494,0.41900416108789107,A
690150,260,0.1791630590827622,B,448,0.7507277914082882,B
404602,132,0.27373191581159684,A,188,0.003600546419643247,A
389333,874,0.9353510244540598,C,303,0.7082547043898303,C
606288,257,0.5491847342540018,A,276,0.8733828424708643,A
767420,763,0.0662976408874264,C,657,0.980023661620975,C
529200,822,0.043630802391350976,D,547,0.11618483812659941,D
501972,673,0.12252472878243481,B,969,0.7054617172776638,B
216273,370,0.5131256985704541,D,748,0.9652274644351736,D
321222,440,0.14960602365583686,D,262,0.9716047049733884,D
574274,407,0.7833797898706922,C,332,0.2687935024791853,C
566712,964,0.5734341466846982,B,456,0.23172314263740101,B
371137,883,0.7689522747666923,C,507,0.18151354386948126,C
518686,175,0.9411983115658961,A,835,0.86235217136227,A
40160,252,0.2870959484452378,B,583,0.4905183832597364,B
662930,255,0.9498578589989198,B,906,0.17773426933213465,B
336768,756,0.5120026026095167,D,436,0.2452538345383417,D
526064,471,0.2779333096877701,D,112,0.8265622482713465,D
937828,61,0.3033315571415607,B,274,0.14263560577182754,B
908428,237,0.8851622596792115,B,555,0.7361315102745246,B
967021,185,0.7607207166528966,B,249,0.055875506576347544,B
274872,138,0.6656327648543918,A,844,0.04452584760498479,A
751809,385,0.010003714523931784,A,1,0.9121669622086938,A
742254,728,0.977021830699597,B,232,0.4271354331477214,B
398534,83,0.5602986797884661,B,361,0.6553645974907741,B
915985,156,0.6194271853997954,B,943,0.8789901039333453,B
293547,324,0.9224313726315864,D,112,0.2245224572847504,D
86684,484,0.5735443186182536,A,630,0.333724790203206,A
357315,503,0.3180238396714423,B,917,0.043346834216314356,B
108473,330,0.03746998223497622,A,182,0.428628403920536,A
901792,389,0.375877794886473,B,277,0.916234355414292,B
87957,332,0.039033828868691334,D,882,0.9330949483666525,D
183618,635,0.48888382792905516,B,796,0.6558541219427368,B
819607,850,0.8181438022118115,A,399,0.4466953927378614,A
988033,371,0.6335193815648745,B,115,0.577842879499891,B
592458,67,0.6983742446476745,D,186,0.767535413690041,D
494886,666,0.07248597324223327,A,821,0.9440302674021885,A
574847,420,0.2859383078064337,C,392,0.4186596315304879,C
314387,520,0.37637685032468715,D,594,0.7149210529166516,D
665877,57,0.1227988060350641,B,871,0.01715465160011076,B
3485,854,0.2587483152251341,A,933,0.34934753448410727,A
936161,563,0.3743231999771949,D,301,0.4603883858333545,D
989236,684,0.2684427524955404,D,215,0.8278218077464937,D
24219,494,0.0020075922805770086,C,764,0.13780131278362717,C
256278,15,0.07071783195220671,D,80,0.24504580406148202,D
518410,380,0.749033173433775,A,582,0.8310679928489868,A
61244,790,0.8337907433314276,B,783,0.1824245115352029,B
356992,851,0.4969118884052348,B,159,0.06000079871086128,B
560813,147,0.7484064734556637,C,278,0.9731223292048016,C
676909,237,0.47770414304506026,D,401,0.18369377272207255,D
44535,15,0.1325907077220999,D,55,0.8033392606040696,D
240062,436,0.27204943422535555,D,79,0.36270162912599857,D
204400,499,0.8001619230812184,A,245,0.2822069314327865,A
427914,711,0.006367119337024385,B,564,0.20172591983071675,B
787440,632,0.17900365597916235,D,246,0.2691680124777507,D
882929,969,0.03880640656693435,C,49,0.3145802922041038,C
232562,508,0.3251998743856851,A,365,0.7516794300258322,A
852228,468,0.9358200012935255,B,601,0.7960692970612029,B
882613,95,0.9085824218946831,D,155,0.6823739816479848,D
748221,726,0.6947922225757308,A,906,0.6259527213371608,A
163918,799,0.3024293118263438,D,347,0.29084158957240247,D
469485,723,0.9739927948131605,B,625,0.60687704440205,B
587697,396,0.8851564447492992,A,580,0.6277896463454107,A
734335,487,0.24582642082484785,D,824,0.014941753019560244,D
713845,215,0.3255231273202408,A,465,0.31371870018331427,A
228465,680,0.7435949498356987,D,69,0.28011732232951836,D
52107,841,0.9575966298405292,A,72,0.17918625258397325,A
838252,761,0.43831737712763386,B,698,0.41319423545854106,B
275316,119,0.5350761998315515,D,873,0.10529800721005045,D
80216,210,0.7015953620747296,B,583,0.3992804203467756,B
230502,210,0.5522068151114398,A,228,0.3882229989331877,A
248879,563,0.737989362585389,B,87,0.18027335950566914,B
478294,694,0.002171327431657266,B,939,0.9595481449551191,B
831831,127,0.41867942980418404,C,411,0.3287206371461714,C
130021,677,0.7300857210023043,A,285,0.45457864581258844,A
922322,458,0.36779313233962874,C,55,0.2114928876461133,C
63815,703,0.6144144801462464,A,975,0.7586163929378348,A
730181,469,0.7426179048057137,D,305,0.87377588981544,D
444861,516,0.679948007413073,B,850,0.05374228278131221,B
99034,814,0.12143826213697329,B,203,0.349276259108943,B
308726,297,0.05781281698521301,C,740,0.6679624883717995,C
804333,501,0.03713603044422886,C,154,0.8965011124212969,C
14045,145,0.22946160338812227,A,511,0.8643013485998499,A
533143,204,0.858944859294335,B,811,0.9699761247183778,B
765588,384,0.036482598912793374,A,649,0.44932865082410267,A
991678,148,0.8969238884495602,C,356,0.20976307952684814,C
75212,814,0.44861939203419254,B,995,0.6796282423796983,B
300371,982,0.025586376491346652,D,379,0.8137793493553582,D
303700,563,0.2826709725027735,B,309,0.8966549136263535,B
220690,134,0.16829489358492944,A,948,0.1758138050051299,A
469295,637,0.49117659866294583,D,566,0.5948918101389492,D
482008,880,0.9118045728088382,B,825,0.8372345127449337,B
796575,247,0.6568633624180572,D,665,0.016426493348631,D
33663,317,0.19767209444245026,D,508,0.749943679211488,D
615680,82,0.8880979243772313,D,228,0.7768802527683218,D
622868,908,0.873200830908924,B,359,0.9676161020528615,B
343301,102,0.13407575513474812,D,962,0.37464380102005634,D
71628,956,0.060168216023684495,C,519,0.28360442271537434,C
555148,380,0.15409408650817025,C,15,0.02624681706261145,C
783696,35,0.8236322007111374,C,982,0.5721874460043692,C
922025,126,0.328955599440795,B,569,0.9734903230619608,B
935863,891,0.5018561638542035,A,631,0.6444343581297824,A
877993,514,0.6495364758756396,A,820,0.9319403661627591,A
210228,777,0.8310614503314697,A,961,0.6362734913111604,A
393069,626,0.986432576829143,A,95,0.02564023015961825,A
186990,422,0.04082111207648309,A,643,0.7700322314596786,A
180254,193,0.7461422449139367,A,28,0.6180996426014297,A
900786,610,0.4450852360269726,A,760,0.7341691637825072,A
139545,453,0.8037004965402282,C,668,0.8979092405867221,C
473957,474,0.09719794929934178,D,548,0.8404567930493833,D
81520,408,0.24254958511511493,A,470,0.9271990254215482,A
843105,449,0.6665074369417564,D,109,0.14183538617538682,D
993274,103,0.597207741851053,A,95,0.07738142828825889,A
602322,519,0.4855191537328315,C,400,0.10067171969292277,C
414769,35,0.049373830586393996,A,423,0.0735759696849978,A
423242,619,0.10896137312936127,B,305,0.010140291628525921,B
77012,869,0.8930829200635809,B,675,0.5672938498199984,B
975546,149,0.3364443509771442,C,620,0.029555242776529322,C
140737,426,0.10331527363704085,B,530,0.5117447209429813,B
175243,448,0.5650998419753662,A,221,0.8668742579586106,A
53555,147,0.09735950707165686,A,920,0.21695778540892607,A
169305,222,0.7385172651595349,C,225,0.08344276046562116,C
352838,778,0.09407255278528626,D,976,0.0919698428254826,D
515738,848,0.14097341000285968,B,256,0.17295951543656318,B
817411,517,0.46876148717520927,D,597,0.7931532320860688,D
534377,240,0.6548760925422682,A,580,0.3529155058708823,A
828660,963,0.36128942385143903,D,981,0.5113568101306531,D
141177,141,0.8284750716194853,B,117,0.17990423596680505,B
892606,939,0.2053264324025854,C,366,0.24531814510107286,C
820444,441,0.4001878891594579,C,672,0.3716602949199399,C
127248,855,0.8445884618697846,D,798,0.31445289494323436,D
172568,67,0.3342345120231718,A,326,0.6882924140311854,A
706534,286,0.32190819142261473,D,575,0.06623514283888698,D
738878,91,0.9320900024561918,B,201,0.049659742435255505,B
96151,140,0.12106258795913383,D,281,0.4212372460906134,D
653793,813,0.1830316800064764,A,463,0.17113972903363905,A
212545,841,0.8286035188207304,A,659,0.7833056364663173,A
245900,720,0.2692173702757883,C,861,0.966853554567775,C
463651,958,0.7486100739252071,B,917,0.5334670090528911,B
252397,148,0.8492759398597586,A,481,0.09511981777735212,A
361588,243,0.10251534244346616,C,569,0.7746134349195261,C
318377,332,0.0037257578978979744,C,142,0.10513569409802825,C
936881,204,0.6836723165424567,C,195,0.724107912944827,C
586324,470,0.9407362249644381,D,113,0.04800339003760257,D
3898,162,0.6462727382588495,C,270,0.3293289742463945,C
804347,179,0.8014176788276665,B,129,0.3193326805673159,B
984273,207,0.629493426961791,B,771,0.5841303012356043,B
792521,493,0.17668126713093624,C,217,0.013128106821320595,C
331230,358,0.03428640804608263,A,479,0.8185114442189054,A
476023,773,0.12294672936743212,D,499,0.10453471795059843,D
496136,261,0.07164222750814297,B,833,0.5905230996132085,B
721041,838,0.264077654228283,A,224,0.9166972440752669,A
528586,546,0.9140117327909845,D,70,0.2778384344510285,D
448719,827,0.06235653105098915,A,702,0.30714677983145855,A
611715,938,0.4600623196150925,A,762,0.11019917756738107,A
288826,556,0.574274219561944,B,915,0.46084682037703517,B
50316,989,0.6325426802119558,D,487,0.6618855039096281,D
393036,987,0.12976979885312845,B,949,0.5503042644565311,B
879565,504,0.9159484226584148,D,154,0.39692800121151195,D
905365,29,0.026865550300073204,C,50,0.6486217482575962,C
14999,982,0.3388354697848964,A,412,0.17664510454274085,A
537985,762,0.7339619484085054,A,697,0.049871449517792876,A
504208,330,0.165044669540652,A,981,0.11108279391810116,A
98809,416,0.5644624906260198,D,54,0.8950584607995149,D
864900,606,0.005570848153389485,C,903,0.6202207408809086,C
38450,992,0.49183308238862133,A,751,0.8240686571562861,A
759295,793,0.5351925162759122,A,355,0.6368992126583497,A
747311,380,0.6854748465563669,D,189,0.5032401525063994,D
20977,192,0.8923929282938201,A,191,0.3321553163220675,A
331788,647,0.6407291067858094,C,985,0.01273482789122593,C
743421,967,0.7366646160384926,B,181,0.974370854078473,B
627755,263,0.23372083308269465,D,174,0.6792029422541018,D
211352,739,0.011874814959949354,D,608,0.3521436450596267,D
250993,63,0.20717611753384224,A,46,0.8189264388188036,A
163412,526,0.44297619669569166,B,102,0.3046022713474379,B
848622,108,0.690464892272392,C,847,0.35262637809763864,C
142491,769,0.5943943802465823,A,276,0.685784157509423,A
697664,614,0.20867415019335755,A,675,0.9940870638313377,A
199441,54,0.31192313856771503,B,250,0.5775842051283451,B
521373,42,0.1923562867047257,A,42,0.5795168319350311,A
446308,247,0.3447059101125932,A,992,0.008334878824107439,A
139857,755,0.9828605902002929,A,818,0.2947267295091778,A
312303,906,0.6077080198965721,C,222,0.28301729876898674,C
206577,194,0.3845501424851594,D,440,0.3522555206734933,D
567059,977,0.8596826083575932,B,51,0.25143346293061064,B
866430,731,0.697919858036522,B,730,0.2706688951152879,B
115321,126,0.8951104772001374,D,32,0.4731777677903679,D
597008,794,0.23980780287346082,C,831,0.6785002770799744,C
589197,955,0.9721377686214209,D,914,0.2612609112277189,D
72825,509,0.7891790426195407,A,141,0.5265713963054219,A
298292,763,0.3398669524364857,D,934,0.5589091034712055,D
718446,972,0.5209245227354309,C,773,0.14058559101230306,C
190330,205,0.839168102500132,B,594,0.5122067956113155,B
116765,52,0.30820841938669163,D,635,0.5432695515447289,D
776678,130,0.5433096197521345,C,412,0.6700792313065591,C
191006,734,0.2956413393544931,B,276,0.8298942892713361,B
361201,472,0.48170426877843675,D,758,0.5846174856604114,D
625180,440,0.6135299942830527,C,228,0.8950523411905822,C
939885,809,0.3166926341157059,A,156,0.6037906622879137,A
985491,459,0.014734140507696725,D,532,0.09686363672618625,D
24742,307,0.35544896518973523,D,106,0.4737424032737044,D
328926,470,0.7535847366029452,B,839,0.23492785425276153,B
670756,216,0.27767732016406965,D,523,0.7416647203238953,D
916887,912,0.4974149604631587,A,28,0.28342222017856145,A
286122,542,0.6998109444797166,C,577,0.3894293979631337,C
304666,543,0.251934811862928,A,929,0.9070584353411709,A
341102,194,0.3644327295476609,A,479,0.8824241885771249,A
431018,515,0.57455391025769,B,162,0.3577476628172276,B
479148,288,0.7021669601814466,A,714,0.32407661221066186,A
348388,242,0.7701453080590172,D,46,0.02952184417867043,D
128364,363,0.8487360909344196,B,63,0.6119036246127176,B
594590,365,0.2875004431850936,D,38,0.8468018528069179,D
627239,191,0.6344672936008133,C,452,0.7633519498580851,C
52467,525,0.9817183345462519,B,715,0.44950963093063934,B
250801,580,0.07185896828713578,D,652,0.5737796616291122,D
706705,517,0.9542062308825859,D,200,0.25249494233059144,D
896703,381,0.84617108614065,D,34,0.8100088472706272,D
82193,27,0.5840287816807475,A,368,0.7743856713773859,A
155261,893,0.21022663132055053,D,698,0.7299771156738967,D
989289,895,0.23001781701575907,B,584,0.827575739277399,B
496608,896,0.3294911674186608,D,449,0.42751174886130316,D
592872,559,0.4102693810920305,B,582,0.0781438062130837,B
235588,489,0.10249612195984559,B,52,0.6014895851950199,B
213848,20,0.7399347728283189,D,229,0.82132780507667,D
994328,330,0.8353863262880193,D,547,0.5753558743104219,D
183346,603,0.24970530771470523,B,342,0.8880280313248627,B
76025,559,0.9891598034937067,C,142,0.20423330774223314,C
830264,753,0.8485093003953161,A,505,0.07291190181420792,A
764214,907,0.5513087020379724,C,972,0.4162401750545771,C
660384,972,0.4172964109799948,A,277,0.7233297753463758,A
781077,356,0.868137644652147,A,36,0.49659672012630296,A
653198,735,0.12843323261478135,D,665,0.3502576830351022,D
631933,60,0.05653451602517012,C,21,0.9312465344023447,C
138355,930,0.2778982979493274,D,792,0.7818225608122584,D
775595,835,0.9850213006451862,C,547,0.6081388954840188,C
83069,247,0.055084337467720235,C,396,0.7656815154643938,C
849224,823,0.255003614816832,A,243,0.23203342476480304,A
301232,663,0.4847875684847617,C,894,0.7198268491769015,C
40312,840,0.08198117087655588,C,78,0.05665458833214554,C
523723,275,0.24060243187514507,A,289,0.043719428137882654,A
163507,637,0.1644384697523048,B,620,0.3978186508916419,B
97115,34,0.0031389939876389494,B,454,0.7131338589095988,B
364237,438,0.9789767911298527,B,354,0.9004253775688548,B
786422,419,0.34977964225181213,C,208,0.912049212583389,C
251337,776,0.3381083817469277,A,381,0.7249107570676483,A
105290,291,0.5680494785676264,B,36,0.977909700834045,B
54335,345,0.8369175842145523,D,21,0.49890749034527837,D
37879,391,0.20201313957164957,C,276,0.27796733072579016,C
31600,142,0.020177569057049483,A,61,0.2790924821389782,A
361243,292,0.2181318232552174,A,229,0.20573012068366237,A
630558,337,0.26037621692376167,D,675,0.4310849646664555,D
294172,313,0.9977780960632996,A,676,0.30514807277400857,A
615322,496,0.33571291767534117,B,566,0.38811056280488954,B
235735,397,0.3379015829312354,D,983,0.3812910353193616,D
386908,785,0.8276177439920973,D,630,0.274269881559125,D
350190,508,0.8617369383920196,A,314,0.5684410755394136,A
346913,644,0.6676416553134014,B,454,0.46272426856507864,B
717132,410,0.5157286939748609,B,477,0.0370037627658657,B
560333,648,0.5906943951578536,B,593,0.9388342580165482,B
882226,758,0.1940578286153153,A,264,0.7659768297280051,A
222527,202,0.3295053908849769,C,232,0.6303381783850142,C
361606,346,0.8764050848880627,A,892,0.6179493044017117,A
911827,148,0.9079227351333405,A,238,0.1144465629354181,A
484640,437,0.8936354821597398,D,188,0.6844413839781223,D
384427,718,0.6845081108865653,B,974,0.7145495637653108,B
866061,783,0.7703486539909391,D,694,0.8449309010616712,D
944027,500,0.38115531553147985,B,79,0.506937939255034,B
511420,188,0.3327267866502839,C,523,0.07745022503270738,C
860025,736,0.6123366532729984,B,333,0.5703658936274003,B
141822,558,0.21761459489224966,B,25,0.32654054170077096,B
142733,55,0.03289597921782561,C,933,0.5912274347658104,C
526886,228,0.2376040159259789,D,623,0.21147964751745918,D
458166,628,0.17318785117261437,A,387,0.8307267694375384,A
807694,430,0.3980658551139753,D,672,0.7262597616767487,D
290449,457,0.9815456197701187,D,856,0.575243736006806,D
476000,843,0.08474679162016974,A,336,0.24307334273312942,A
439435,12,0.8539218521050009,B,466,0.31481637618085945,B
508850,357,0.8219118653634994,D,709,0.24104647669946755,D
27698,80,0.3494287293849414,A,360,0.5604571290734667,A
216949,483,0.13469136842640916,B,936,0.36229699591793063,B
477225,348,0.20705765720444624,D,583,0.8278211044280522,D
546133,614,0.4642142469983026,C,947,0.5376158970962757,C
283364,729,0.3677299200839672,A,83,0.40850279048847093,A
720617,64,0.20925279174511013,C,897,0.454069145139398,C
318396,353,0.9238095789948696,C,123,0.4186256025983104,C
371636,936,0.45504093203355467,C,890,0.03407566870643608,C
610136,31,0.5088196510453393,D,706,0.1669356375182679,D
587200,513,0.3866459940087531,B,135,0.5148970921850203,B
925734,931,0.3586020929265594,C,411,0.6969286989937781,C
525718,315,0.022306376830497743,A,729,0.29339189171068103,A
875058,949,0.7575691722906741,A,756,0.9207237091284813,A
886685,522,0.8537240366927739,C,917,0.007783745181212387,C
658895,630,0.9960592163637011,A,520,0.7225331856912439,A
56649,6,0.03221870668711768,B,237,0.2973485327757408,B
26439,521,0.24872818451204826,B,577,0.5176776416398705,B
570190,234,0.6984802804097715,C,976,0.1431965607548834,C
820643,135,0.3609563906774489,A,355,0.28479095671767396,A
380879,106,0.17799113196348948,D,294,0.2738485000031867,D
507760,726,0.6130069136302301,D,906,0.16932077175735538,D
206899,207,0.3244328329102767,B,612,0.902541302440651,B
761362,395,0.3517658934628174,C,378,0.2031409388917499,C
412597,728,0.8681886473806832,A,733,0.7063221999942039,A
186733,868,0.12904725490551183,D,455,0.888879756869867,D
507612,272,0.11074823660482924,C,885,0.1368180363854561,C
38282,744,0.9581402580433068,D,762,0.793320255148722,D
458701,889,0.13204615540419584,B,954,0.7051036864086792,B
213136,864,0.28121077024180563,B,751,0.49672640325575823,B
300601,858,0.5348569068400236,B,203,0.6347727244784231,B
28940,923,0.2075238238762671,B,973,0.5163062278714536,B
188458,908,0.9359408649483397,D,502,0.5577371613026946,D
50315,126,0.7531301658228455,C,727,0.1781150254518742,C
173089,373,0.5701421972032261,B,896,0.29211591681820004,B
768805,997,0.5686154423986798,D,224,0.11236742111235065,D
121233,865,0.8767278903700628,C,678,0.42486528393491485,C
297556,67,0.34194062983768814,D,475,0.9563155272521522,D
326524,846,0.8152527429551458,B,575,0.7717986577987076,B
185994,828,0.9552229851832279,B,274,0.4855053926124189,B
595457,651,0.7345204403374845,D,347,0.636266192931865,D
958968,838,0.07673868428583985,B,315,0.44763634659209506,B
540161,461,0.40046508325108576,A,586,0.8756219757090147,A
887444,669,0.30858586707360725,B,566,0.7333343494586925,B
687348,321,0.6514631923758567,A,36,0.8454819621147839,A
623187,398,0.07002332797004951,B,160,0.2830897219588342,B
401959,318,0.2504682754329518,D,235,0.6315555034012469,D
421598,947,0.08663824992178604,A,78,0.0738902427592103,A
681210,167,0.2878107591079827,B,15,0.7426519828308487,B
13874,841,0.5963322759556419,B,102,0.2642699552272437,B
583583,517,0.2669880945205788,D,227,0.9668863296980463,D
273597,601,0.055596804444037806,D,508,0.7275574534657983,D
365605,317,0.5939963709243384,C,829,0.6299138290868508,C
663656,587,0.8281757574098543,B,97,0.5608854231927969,B
580209,241,0.3158808279634757,D,885,0.9420932791368026,D
826648,680,0.5249082258636047,C,785,0.49341774174588804,C
364494,687,0.6844140215383697,C,435,0.6992555638961825,C
938891,920,0.7827493359740502,A,775,0.01362452031741368,A
240257,17,0.2012163527286035,C,39,0.885502833308147,C
588649,841,0.36091756205288084,B,641,0.8031536305292628,B
230809,776,0.2275369384633653,D,766,0.8742150481573123,D
398000,982,0.08610239663640407,C,303,0.11758327808588287,C
763096,216,0.5495069238125847,D,958,0.3301771724751561,D
663287,189,0.14427519252514376,A,536,0.7150814297006131,A
938351,184,0.8259790436084037,B,325,0.41630294307489524,B
636117,874,0.05915827128100182,A,481,0.0670480131604545,A
269492,700,0.9598773721878974,C,319,0.7014646320616783,C
812790,98,0.08711936445923418,A,710,0.09384784503081056,A
985278,577,0.14069862074350659,A,62,0.6249727641693807,A
749820,452,0.5326955815093893,D,606,0.15242180304956643,D
655589,308,0.7438781223562548,B,172,0.0026707856607802727,B
247351,73,0.0585329888518733,C,221,0.09133826888760255,C
178515,574,0.37950471147921516,C,331,0.07778742831910646,C
836529,575,0.6351474993137864,D,140,0.5117052630129038,D
401859,312,0.7110541840511064,D,573,0.39324666095755656,D
65237,310,0.10051765165765791,A,968,0.6337698834658037,A
158060,883,0.2637434427119093,B,25,0.866138438624793,B
388608,670,0.9739688842518418,D,955,0.7476284950631739,D
735372,774,0.512995595907975,A,200,0.4420805674865199,A
829788,548,0.0850521573021541,B,932,0.368867426483386,B
118843,348,0.29417626200595726,A,662,0.2749514180546556,A
401030,710,0.21226324278141007,C,712,0.7042644862311925,C
98725,165,0.9170163242551607,B,484,0.7499359985808791,B
290948,187,0.827449965560039,B,378,0.028836970127526507,B
739025,503,0.14026983523853664,B,84,0.41957258309471923,B
122564,625,0.1857227761750142,C,57,0.4433780062010746,C
857716,761,0.44426889055085195,C,670,0.6140037904490055,C
648236,481,0.9083343921223669,B,340,0.8372735282182017,B
979661,670,0.3783623960578182,A,454,0.04450842943434008,A
473175,635,0.8081029893414343,C,650,0.7468284282246531,C
823079,710,0.5285530500597135,D,318,0.27376313925206197,D
191398,212,0.3349047612500333,B,349,0.4662522790444885,B
147074,171,0.5007060754791067,B,119,0.9180110923242697,B
311976,96,0.5900603930469603,C,747,0.08641765404983526,C
202913,238,0.21501573698716936,A,222,0.6379456175456163,A
589293,95,0.13330901517754212,B,898,0.7242767657580772,B
205911,251,0.5843750840372149,B,315,0.837308322495897,B
268900,108,0.12154970968637424,C,388,0.7059139630725723,C
875466,178,0.17860518724822083,B,285,0.1404260737079378,B
339582,67,0.7237249455683062,D,855,0.18824529106020493,D
963751,149,0.020274652648715863,B,181,0.9792782090226735,B
711910,821,0.787346196512795,C,350,0.6996538264191929,C
907649,556,0.4909748764741315,A,525,0.7734089956486373,A
624016,93,0.6364127656011797,B,478,0.2608459147173765,B
176582,556,0.4691050072350995,D,529,0.6583321812086825,D
367966,679,0.8603817064394408,B,486,0.1398152818325673,B
844659,0,0.08836904316109451,C,431,0.47549592207903024,C
220226,848,0.6291044023806416,D,478,0.5467781065863424,D
39067,277,0.23707622131427397,C,449,0.8092213318989598,C
773964,727,0.6275398614038776,D,258,0.7233724547417072,D
439718,755,0.7781899874131422,A,994,0.9289895361470633,A
19844,119,0.4949674760708428,B,781,0.9347544454102629,B
416561,86,0.19060098961080119,A,993,0.09039864919538443,A
581610,933,0.98154995244398,C,820,0.34610244973535476,C
19707,942,0.24815127958689776,B,471,0.0008432094649121202,B
403769,974,0.1755385504202418,C,205,0.8829547403161856,C
73596,485,0.29281197324693053,B,189,0.2361835826766654,B
205583,748,0.039544871481014376,B,447,0.09016689452629079,B
966316,656,0.640088754432403,A,157,0.6847135764013843,A
159106,490,0.4624649309156428,C,488,0.15932980436617028,C
884174,293,0.18640228854179453,B,482,0.5498290709166708,B
218884,341,0.05387283201955395,A,325,0.7630442972128272,A
802830,247,0.023455920677983633,C,409,0.7732604393892871,C
986972,967,0.6616690303142633,B,906,0.6085223345321419,B
758650,545,0.4863189475289934,D,377,0.3622804383922439,D
675673,68,0.05793485229248041,C,661,0.2300734753763668,C
247788,883,0.5810383299937985,C,45,0.21123234407557478,C
16535,551,0.2885703457399865,A,347,0.3840665344450245,A
708043,354,0.919874914411345,A,435,0.15074756953838553,A
36239,398,0.06430438248612014,D,167,0.39821614088371227,D
85261,274,0.8230392301420437,B,164,0.3190257782395147,B
642203,623,0.9544032590105562,C,497,0.653817236124881,C
827626,683,0.8248692535013342,C,7,0.3371156897261829,C
575814,110,0.19565838892417453,C,475,0.28171395540121524,C
983467,221,0.4823766841223751,C,888,0.48962141171284546,C
249705,822,0.5944871365146187,A,910,0.5993282250045808,A
287294,700,0.8980096455076992,D,457,0.3246325500136863,D
536292,190,0.11123819874360819,C,179,0.08404685955483615,C
258089,715,0.9704000761274011,C,129,0.7267874043035828,C
195937,734,0.015046316477584587,C,78,0.32658847699161864,C
125902,758,0.037974313343788646,C,150,0.609353490001286,C
900857,179,0.6308369347080918,D,188,0.9503588806596922,D
675596,921,0.23988408582696275,D,812,0.1916436372018987,D
75842,459,0.6458403906597849,D,778,0.9354782658587816,D
555838,516,0.5545269904987397,C,694,0.2849125062873915,C
767987,76,0.6582681138994022,C,416,0.2071363405787866,C
193355,433,0.7153766429274899,B,226,0.2248247714197108,B
336763,18,0.6150722123878513,A,473,0.8543559889686938,A
58684,325,0.4637402709942674,C,545,0.6977253643424317,C
576967,42,0.11084171162482459,C,212,0.7480108960335597,C
362597,157,0.94811079136824,D,769,0.9733570686272358,D
405827,254,0.04881127532616647,A,405,0.21830538072664407,A
858101,258,0.44114957529354026,D,584,0.2893489761547925,D
210042,275,0.9358709079061815,A,785,0.7775246797828578,A
736829,452,0.46922853675587217,C,428,0.9004589065853397,C
738430,323,0.7763522247697358,D,946,0.8733418969633179,D
126789,461,0.6179627748401536,D,545,0.8298663000319514,D
357460,285,0.7676122100879507,A,651,0.02904099687096451,A
725299,611,0.8377930044264309,A,141,0.6097060637170097,A
817282,222,0.5888317112496065,D,332,0.6098125074054357,D
846243,790,0.22849964895631736,B,582,0.6254951243990178,B
415530,660,0.08349136218463737,B,915,0.030889758519882404,B
214116,452,0.8007994438082282,A,815,0.17687789330486414,A
285675,558,0.09428099762600162,C,250,0.4622122326645721,C
775983,842,0.7049722996273875,C,7,0.7486085745120239,C
678912,690,0.9696739805351462,C,801,0.4170896109757931,C
567168,990,0.872595070556728,B,106,0.14598373954795585,B
940305,294,0.6307916160532341,D,270,0.09712570406515653,D
506752,378,0.9780611264480714,B,775,0.25999955343040004,B
154582,363,0.8542932924469424,A,151,0.5217792934807421,A
342513,424,0.34216000204942965,D,226,0.8801705939386123,D
600612,899,0.24163157008255953,D,495,0.8971336065223244,D
336909,176,0.8226097845951104,D,684,0.9469482531007573,D
53603,84,0.1941725492769406,C,316,0.20642925966016934,C
691589,881,0.3928999166514112,D,284,0.6086412353665706,D
956613,51,0.49016062389104154,C,457,0.5667021611552595,C
231504,36,0.22483395328300748,D,250,0.25607207266442367,D
930459,329,0.6587700495811404,A,706,0.7173803259139213,A
408710,524,0.07578021027557524,A,41,0.9793774903501399,A
583097,758,0.9647948892201496,D,599,0.761680495599437,D
665366,385,0.8854865721427317,D,549,0.8816407083080157,D
951349,34,0.5457455776529293,C,326,0.7900161268853075,C
359776,231,0.5411721589918117,A,201,0.47829904493992315,A
950970,798,0.3825591276972852,A,487,0.1973962418725781,A
204042,274,0.4291361291361018,D,257,0.7545602500972812,D
128906,164,0.0322406122018275,B,326,0.8933672008987843,B
491539,486,0.20847067219575655,A,778,0.43201491738093034,A
591275,939,0.8765818076197298,A,947,0.8620298910379285,A
262071,748,0.6629048777585603,B,797,0.10871170284489273,B
664997,627,0.11593011890266436,C,218,0.3072003387047325,C
977184,912,0.7454979288870369,A,196,0.7663973822909592,A
159597,491,0.14162275220401666,C,872,0.15794316388758434,C
878345,142,0.48362958361245156,D,955,0.2628554140924041,D
12251,348,0.9647366189685915,C,313,0.33372216468088056,C
773293,31,0.19529284509148448,A,991,0.4087877746940549,A
435532,496,0.5885061279698625,C,838,0.7043389097021006,C
770014,619,0.38618826454952115,D,677,0.7166726980800131,D
736912,586,0.056885060611681526,A,329,0.42749834649950236,A
885719,130,0.27532065765533387,C,76,0.24313781529976386,C
347859,88,0.6531492724184904,A,799,0.6594182356451675,A
643306,191,0.10487244204843915,A,286,0.9869291976593795,A
208342,80,0.5900717589003757,C,483,0.1342847338382135,C
898200,169,0.47497749369980435,B,894,0.15041957490003344,B
113405,518,0.0868270589724125,A,335,0.5727331679059948,A
604813,938,0.2004856728022144,B,471,0.36220379421868987,B
80040,160,0.169155843457525,B,693,0.9714386664633475,B
708682,137,0.744413003121772,B,657,0.4107789503584126,B
72040,521,0.09437519980087916,C,851,0.5283973817548628,C
340990,982,0.8232297244026585,C,982,0.5042115589460796,C
240144,325,0.5483172021853293,C,663,0.5752237687990793,C
554052,867,0.12453593932819274,D,411,0.5747378415898515,D
88512,182,0.4903704580704953,B,638,0.8282226427640579,B
336590,803,0.8262269580804448,D,8,0.22522993625986798,D
87929,488,0.7129330816482289,C,265,0.8555746318615226,C
519067,300,0.9805431726120004,A,211,0.3084816648184263,A
134794,701,0.30715308689554244,B,26,0.5334220498943437,B
914675,964,0.9357252440420943,B,798,0.12732354208883823,B
290744,995,0.09337832465327767,B,335,0.8705560513983387,B
782953,642,0.5284468784178282,A,673,0.208807253850262,A
959834,154,0.14853657271816467,D,434,0.9910036271145786,D
748545,176,0.549077757785231,C,958,0.9198782609197185,C
847839,282,0.4587236734597373,C,140,0.8776375941848726,C
308525,974,0.1740629354716775,C,854,0.9480136958890701,C
624431,578,0.9009058133031116,D,454,0.8675327877994058,D
986276,290,0.9920811713715518,C,210,0.770983736071772,C
817059,316,0.20268641920654573,A,774,0.2096379706290239,A
691093,364,0.9513940240045863,A,215,0.9851521036832852,A
64071,31,0.8583475641205273,D,7,0.38002913298764573,D
176371,605,0.6879572410129073,C,363,0.36039244343140553,C
613786,312,0.06825452907625096,A,444,0.9459405977115642,A
227851,580,0.38013873393306297,C,974,0.96423446591732,C
64547,994,0.2890625310046465,C,867,0.2489981217485545,C
798871,469,0.32523939239936706,B,711,0.46981270434176803,B
13350,113,0.21642751639016777,D,62,0.5962044879971464,D
765780,122,0.08792382030980272,C,887,0.7398492147099389,C
33022,30,0.7715555564886203,A,178,0.936291586746273,A
945158,69,0.2866060771932334,C,759,0.8094175890856956,C
433501,266,0.5219167096251526,A,30,0.4975553915208346,A
528561,567,0.49121478083076975,A,910,0.4705023246573118,A
119995,528,0.6599247775589455,B,552,0.3770367708988658,B
235496,546,0.7895012132419577,D,15,0.3486664064019076,D
569584,442,0.13025322395029038,A,94,0.4198828785731755,A
168727,374,0.6491135422901655,B,115,0.9687304010666115,B
890377,724,0.6265300802492897,C,330,0.656374272256986,C
670727,253,0.26038171901496987,B,224,0.5147340307370395,B
120027,964,0.2087539252271582,D,230,0.6592099300189985,D
74923,96,0.7786582964961655,A,747,0.6593693591736863,A
799238,839,0.6396795779424392,C,335,0.42202095221557234,C
299171,3,0.907951057417608,D,186,0.01432173060591857,D
554735,144,0.062453834085632876,D,406,0.32253237822437664,D
858107,7,0.24728225675138238,A,643,0.8695258410050681,A
928456,904,0.6609632167049997,A,261,0.34098299448928604,A
547438,479,0.06190306766105458,D,232,0.9750878844964015,D
261764,523,0.06829035356250679,A,123,0.550464769547398,A
985995,62,0.2903175671971113,B,894,0.3476242445933103,B
682470,103,0.36514514143794563,B,203,0.7334123234793231,B
978835,521,0.6897987299654961,D,102,0.6803969008150362,D
203944,599,0.7759054452023708,C,285,0.04891218214524351,C
83395,590,0.0669673833402541,A,738,0.9381433300673455,A
805162,683,0.14581623558139667,C,76,0.25132924101010745,C
625192,63,0.671134190776141,D,773,0.4103755290828889,D
526592,350,0.006596366437735424,D,492,0.8224412512798082,D
733497,393,0.05339438307964639,D,400,0.786312849517487,D
600027,353,0.5289943502608548,D,854,0.3504073327074322,D
47268,926,0.9690818585032331,A,986,0.9490500858144303,A
601522,494,0.15212399896724305,C,914,0.4014405319353298,C
388993,609,0.4741642114747251,D,454,0.14240843558488836,D
367951,551,0.10125319410144829,A,652,0.11729201317295634,A
507736,906,0.23147570524700356,C,676,0.4382719866843686,C
448493,882,0.8751454476739411,B,554,0.7429117307814634,B
180487,264,0.5064367163501077,A,72,0.8802268801554513,A
16900,43,0.9790009883806178,A,641,0.46652568449013354,A
989158,632,0.7694824504683758,A,535,0.10305016553828827,A
471292,827,0.6936296463632229,C,890,0.8499654133983746,C
214802,577,0.036508631792126156,C,13,0.10113098258596365,C
642642,561,0.4716976404743862,A,599,0.494976082603545,A
474369,279,0.7048353977418975,D,616,0.10779767923312655,D
389279,536,0.27824278522487855,C,989,0.7640306743876212,C
209687,885,0.6258663830238088,A,580,0.18073768931734868,A
569734,433,0.8157713118779049,D,746,0.4566231731282925,D
632116,655,0.7081729694653515,C,332,0.45820457264113734,C
246484,924,0.36719255068196544,A,571,0.7708089043459512,A
698519,741,0.836340605692273,C,864,0.4998364065337655,C
636148,244,0.4336700895404061,D,341,0.3518047006160223,D
199805,224,0.62558152304474,A,936,0.7219406671109235,A
409343,266,0.8479353542525508,B,982,0.16854319216877056,B
877112,804,0.9882755578670378,B,114,0.18978975401704634,B
487148,246,0.7936502124810496,A,95,0.0905422174309608,A
663620,930,0.5162570880763301,D,733,0.3401639501216095,D
84916,863,0.40686928731231964,B,943,0.38524016070087264,B
407797,84,0.3524445478494769,B,453,0.8261340338049296,B
229867,508,0.35530519017247664,D,561,0.15501181533576036,D
14003,855,0.7200167183853433,B,506,0.2244686024878022,B
726572,113,0.9031991525727697,D,987,0.020773953628028474,D
724892,487,0.15293444456759486,C,868,0.5185713885791272,C
776640,220,0.6318674058095486,A,327,0.5403691109796924,A
282493,746,0.41597647455404285,B,981,0.6931990618593454,B
603948,886,0.6064911669562053,B,939,0.7842186092250363,B
487169,581,0.6369608968612086,D,826,0.8262937560982375,D
576691,73,0.23290786083589998,D,737,0.34834278909537586,D
142572,640,0.4010271454100187,A,573,0.4484682720824781,A
2323,704,0.8455302234035562,B,977,0.7188687941140709,B
94915,529,0.7684155358648634,A,677,0.4521117233471965,A
602453,168,0.9765057501175001,C,583,0.798416345387464,C
103,957,0.3803686145731322,B,994,0.6095944348944047,B
548523,469,0.7599292092096693,D,628,0.06362873710522032,D
446470,625,0.6998262771780518,C,30,0.6494070137204689,C
229679,731,0.5501823663590111,D,98,0.3111953836318623,D
612324,234,0.7619473982866104,D,724,0.4303608900238911,D
422186,468,0.7180115058415418,C,188,0.26050556750169207,C
802020,610,0.26415055053690273,A,232,0.3512006847980321,A
237291,785,0.11075800193543273,A,536,0.25776782647073826,A
647673,302,0.8430463025888838,B,819,0.905145045877089,B
600745,768,0.12205346169369446,A,651,0.6208723969623547,A
103830,688,0.030537592667287394,B,548,0.21837385725806924,B
489271,803,0.31608839686408885,C,893,0.6831810840414064,C
986566,655,0.8985278850683895,D,614,0.37416830341506757,D
736519,53,0.767505341189975,D,912,0.4406975858387914,D
172111,828,0.6432825344553538,C,519,0.14884975414247414,C
825092,73,0.580372640674105,A,637,0.03877428125808413,A
235301,472,0.9653003006363546,B,357,0.6830320520730074,B
995232,334,0.1750177167255501,C,617,0.15525262055800781,C
872051,716,0.6743138450217824,A,684,0.5544618447532026,A
215617,864,0.45590226385861665,B,374,0.14138137727567068,B
268368,166,0.6772467805623406,D,813,0.4042846936105965,D
805106,112,0.08254291960213023,D,938,0.9823456326210844,D
162775,589,0.3457849884892058,C,458,0.7635226115438455,C
656174,131,0.36020516966697946,B,502,0.023834150219257166,B
954067,908,0.28625905033078836,B,329,0.5612529924817717,B
580088,53,0.01061788053374313,C,969,0.0891874976986633,C
537446,536,0.059666741067489704,B,989,0.3029459222026273,B
863135,205,0.8393019367275321,D,360,0.9641871119869029,D
569887,239,0.1755425018310912,D,843,0.8253942555499476,D
316160,976,0.20127231795011025,A,101,0.4572337564078294,A
630882,426,0.3939341297429867,B,913,0.22156714433737523,B
673098,457,0.9755163077998693,B,731,0.20360823344644308,B
973045,412,0.10280226343327448,C,584,0.6404211417810398,C
445720,606,0.5704984341427227,D,46,0.9220863385609442,D
430382,559,0.18824733023919338,C,921,0.6893895202601776,C
185677,177,0.37660143462405193,A,926,0.240387385037498,A
211993,266,0.07361620608670094,A,399,0.8265722112981365,A
554986,975,0.35170412564174325,C,159,0.1416694193985435,C
915023,548,0.4521138017377896,B,636,0.668532805578301,B
436256,327,0.32247060292915775,B,962,0.8786810461680319,B
158465,313,0.021794463148279486,D,836,0.7792253456131852,D
87807,584,0.5408816206630127,C,712,0.767126608260931,C
166802,115,0.37156140037761987,A,678,0.6894993724150552,A
595766,720,0.07717029652789109,D,652,0.11438037540971036,D
40354,354,0.7727346808193336,B,923,0.7911900467316568,B
427372,516,0.2058214862778398,C,187,0.5369397053672266,C
796985,99,0.510244374339763,B,966,0.7400929425395962,B
84692,949,0.6208085553828048,C,779,0.11940070535917757,C
501848,588,0.9233460896057826,C,973,0.08650306280516074,C
967836,653,0.7442668859497029,D,130,0.5182255580690388,D
320765,152,0.7026078034191063,C,480,0.47881978831696426,C
268000,280,0.443058296299761,B,234,0.03803125644545802,B
307941,46,0.07882192007534816,A,85,0.762541411024457,A
892582,694,0.7952990289129277,B,247,0.43594862979144466,B
74740,692,0.515123540290215,B,742,0.3179213109892449,B
175596,917,0.7165644047765579,B,358,0.462035426502297,B
699977,592,0.2502601772914873,D,863,0.24577612133070859,D
555023,295,0.11154550949955955,B,146,0.901519612251167,B
915748,254,0.8453157068117481,B,780,0.6282865929245592,B
675016,294,0.05909942779845201,D,376,0.7400055752764427,D
167404,913,0.8801514582400449,B,43,0.4599320695576924,B
382241,20,0.5669925321910054,B,860,0.6264999088119072,B
272184,734,0.4800311408195521,B,964,0.40579235867515684,B
245011,864,0.27434201542538617,D,222,0.712589861385264,D
378826,931,0.28322051910560675,C,555,0.6522374410355076,C
233555,312,0.19282637549572035,C,710,0.2064532815364798,C
977173,676,0.8564298599910358,B,421,0.31649069092109616,B
825573,599,0.489276712972485,A,888,0.7384656826448074,A
358599,504,0.272200681197561,D,8,0.9201717887986396,D
912260,727,0.6529313313825328,C,339,0.8526009253408534,C
159008,329,0.6009946299162141,B,761,0.15060293643144207,B
51412,886,0.6004858880368207,C,314,0.8406785135419896,C
728857,866,0.2882795424180258,B,425,0.11844046810496722,B
944787,754,0.45006653468515523,B,679,0.9454018186527958,B
827463,799,0.7201362842332817,A,773,0.03937834602295409,A
419146,10,0.2889027800242977,C,785,0.019954119519705826,C
52696,680,0.20669165702213,D,907,0.36996816150017076,D
720536,624,0.7452859791148955,A,138,0.6240310989328066,A
424618,370,0.4766334510368667,D,373,0.8512528259509486,D
943637,212,0.9530270205216732,A,525,0.2802458404156296,A
68196,615,0.9749110250061932,A,53,0.649405116131931,A
621344,476,0.2884026832018385,A,279,0.749997623228257,A
322140,728,0.4039853811325912,B,926,0.4701209692658255,B
67363,777,0.30247131741659905,D,711,0.671903917717067,D
928451,509,0.3269581168914447,C,935,0.44987422167342983,C
338394,563,0.7493606180778278,D,248,0.0744146270834447,D
591929,678,0.33404469683955373,B,157,0.5719088077653725,B
207384,459,0.9686182002084912,C,797,0.08738707649477118,C
706169,187,0.10493486636368543,D,9,0.7231071145344318,D
449895,5,0.5285081972829796,B,596,0.6261263785186733,B
106546,378,0.8460310716204783,D,940,0.7460640812409067,D
110076,555,0.9622177506839247,B,190,0.0917038822044014,B
941824,609,0.645378715889287,C,3,0.43296936744148073,C
171863,308,0.5620063787230678,A,519,0.006313391622590259,A
833624,682,0.1738837763790716,D,997,0.19772049980805506,D
732529,38,0.18743996297663412,A,899,0.5419984353738582,A
254495,27,0.47889527111057995,B,716,0.12401030736318297,B
195664,364,0.1678807571669888,B,192,0.18704805410367475,B
352899,152,0.5195782691540485,D,166,0.3946679728872844,D
362860,289,0.5877411641736887,A,436,0.25094979870668477,A
724350,69,0.5334409855691503,D,66,0.06161957280921171,D
949292,501,0.7368859241426071,D,690,0.7644338078695512,D
17078,301,0.8090188724963021,B,707,0.352894964886698,B
503606,963,0.20523729636813848,A,145,0.7378591951023942,A
582033,504,0.02315245942342692,A,894,0.13943202635843532,A
959081,668,0.053028606737952844,A,97,0.016389365429368863,A
623758,649,0.12086848023465047,D,277,0.3373152181339002,D
480557,412,0.9792191007088674,D,509,0.3922318976992095,D
20329,585,0.3225740647991646,B,499,0.96909991402767,B
439389,216,0.5798727359463925,B,361,0.9614394166023396,B
140037,98,0.9167360083237882,B,975,0.3232825004013188,B
60852,283,0.561955466910509,D,426,0.49050687263136794,D
475989,916,0.3605441904266681,B,214,0.9445767501458571,B
429437,329,0.3420086807252881,A,460,0.38957647813434315,A
502156,101,0.0024074328369159126,A,810,0.7699456906036314,A
346046,272,0.07735624870103741,B,228,0.6330698207248242,B
816077,693,0.16886689278595712,A,809,0.37600890862190217,A
580072,402,0.6845118025371612,B,147,0.2961033733582772,B
383613,680,0.47039163625888913,B,667,0.6439882797179641,B
459594,916,0.032763579401772214,C,377,0.46493948083964654,C
906859,242,0.022647040908289173,A,457,0.6258898703904409,A
248345,430,0.2531244970558061,D,959,0.27355205607371946,D
507935,909,0.14590000667976044,C,723,0.6065424714485815,C
853251,470,0.5566787015633426,B,600,0.12853568287792583,B
340501,783,0.3550643082639757,C,126,0.0524234836380012,C
681707,605,0.4150891175860154,A,949,0.06789465352826884,A
660544,111,0.7503040722352985,A,104,0.5227805835260579,A
913142,807,0.23858831206671827,D,422,0.34357309900858024,D
298353,898,0.15831482290816457,B,504,0.40055987645023594,B
612190,325,0.5161481880538645,B,537,0.4163529175655447,B
307189,824,0.6901525651818495,C,459,0.15906045671738045,C
33723,202,0.8968688665896508,D,245,0.05651417854993468,D
345952,470,0.2215600698951905,B,43,0.21900090395307348,B
719293,468,0.04904883045922459,D,972,0.1526307460250036,D
583543,325,0.8432916093085745,D,512,0.3194590160470474,D
412005,609,0.8996346989155797,D,685,0.7147421739781256,D
550726,747,0.6493033504642652,A,235,0.5827391854782779,A
783625,27,0.6381807804775593,B,357,0.7018242111848848,B
927475,85,0.18696971588261968,C,155,0.5362299830269064,C
417041,485,0.3304148169786776,D,772,0.6076185126325355,D
441045,691,0.011026767372614765,A,334,0.897928128096028,A
293601,535,0.44452885644528406,A,666,0.2853817302856577,A
875883,713,0.42863381793190947,A,456,0.6033678573946265,A
326058,628,0.4049088364809007,A,189,0.1126934889082617,A
340598,27,0.3409499686780808,A,760,0.9330835407542759,A
24064,413,0.9979411014807174,D,204,0.7597592813537044,D
176709,944,0.9073421599623174,D,663,0.6261176335052404,D
57857,721,0.944686680137806,D,523,0.02381252728329275,D
286291,177,0.9579235601866101,D,221,0.8295871926912601,D
312567,296,0.4946039631008593,C,511,0.9467950740452267,C
682039,374,0.3058826959072416,D,631,0.10726158979842326,D
530833,919,0.33851694752270434,C,873,0.031199936712359877,C
273635,408,0.2668256865135319,B,877,0.011211908957266092,B
484103,560,0.846223597641346,C,310,0.44506061361298643,C
874028,243,0.1059265452000292,C,376,0.21530864123830284,C
95113,389,0.18248091256325727,D,994,0.42316566215341145,D
397544,435,0.830626347072619,A,286,0.4174870301308182,A
677015,340,0.2992355010816442,B,304,0.7704436856135185,B
484077,631,0.6198962844787829,C,309,0.141838083138508,C
557466,461,0.19944897472857437,A,123,0.9194063591711952,A
880500,452,0.7690491076592075,B,14,0.1125867671228592,B
982029,673,0.5744675686601045,C,719,0.5632306522110476,C
818966,746,0.03345439166623898,A,748,0.6918015193439636,A
743638,382,0.9044837295086758,A,66,0.3975389352293257,A
795632,338,0.6117953355460507,D,38,0.4974234359896743,D
673863,947,0.7530148814684229,B,996,0.01326906365722924,B
893352,736,0.5925929067136637,B,672,0.0630102452593213,B
300408,164,0.034702696971760316,A,687,0.2719624412297428,A
175240,342,0.14571781934920947,A,240,0.689675200343051,A
974496,669,0.7122345227722772,D,665,0.04412310476244152,D
233736,416,0.735199485013289,D,732,0.8484565670976487,D
292765,774,0.20513294641360125,A,293,0.3640347949297428,A
127662,527,0.43816748001593275,A,833,0.6726579424117447,A
650411,164,0.609322055150111,C,616,0.25320030662992854,C
497511,82,0.43379021943257334,C,340,0.9247190755506507,C
315951,726,0.029463094151437552,C,351,0.5063528784982761,C
759787,50,0.3363249635656509,B,513,0.5439967367200436,B
206514,200,0.6254776096089997,B,333,0.7318546983336566,B
339978,735,0.7983276332114282,B,590,0.35113435797263914,B
366787,332,0.28214128138674144,C,937,0.07220667373342349,C
791543,423,0.1315706473742908,C,773,0.40611987041575903,C
150100,716,0.6308026874788046,C,554,0.6382486156865002,C
874971,612,0.6063628855617017,C,24,0.016219996147583737,C
140369,154,0.48019588806313895,C,212,0.18571411689860073,C
435220,280,0.8669710003037295,A,432,0.9448746096902659,A
141000,188,0.5905014355437492,B,311,0.4285238803867829,B
63083,783,0.5426422590634653,A,261,0.7006315028190425,A
121388,986,0.5697195114442992,C,985,0.48744839995391265,C
801614,473,0.23954651607704458,D,486,0.25215638088982517,D
231655,377,0.5373140562538921,C,84,0.24538951906769446,C
201816,435,0.13787083243086018,C,330,0.30981357807387233,C
687150,832,0.16598082510874435,C,10,0.6838237801818858,C
287557,685,0.5456218276085992,C,923,0.45172593216143153,C
713679,922,0.05740326439912402,B,40,0.2902866572225119,B
27810,60,0.18063334994556268,D,703,0.15479619032565328,D
561445,359,0.9734354686239622,A,203,0.48214619223957844,A
588096,164,0.11584450047291839,A,5,0.38730367851063685,A
994757,337,0.9133482198292513,D,309,0.1826777996377844,D
533147,781,0.2567104828800092,B,168,0.13920530775188655,B
5224,101,0.6693120652514762,B,285,0.43629112509847845,B
190119,570,0.5019687011110825,D,123,0.02410927535590024,D
747542,425,0.6206722361663264,A,584,0.1867907171297144,A
225769,932,0.5255357790096779,A,456,0.6598619669416579,A
804060,745,0.057829757429066486,C,994,0.789998163702061,C
875144,454,0.346797704778141,B,596,0.4132557668972747,B
295066,55,0.7989909813428402,B,764,0.701473902096672,B
464245,354,0.7462453388296616,B,380,0.05999398611632001,B
775484,828,0.6641870511851851,D,115,0.524563123776847,D
354662,164,0.8746820778697915,D,881,0.48038916886765726,D
103084,110,0.24915116788218716,C,193,0.6640363519993391,C
541644,11,0.9042661336189559,A,101,0.17241797140134518,A
476113,975,0.594929966929932,B,683,0.12695558263246431,B
277644,586,0.5789372022818698,A,847,0.26246845279925657,A
980906,863,0.7078809175752641,C,770,0.43187103452465603,C
817276,981,0.4785945549757573,C,197,0.6716559806950035,C
418007,215,0.03789361031080407,B,613,0.5212584904404556,B
753820,834,0.6381091670709819,A,443,0.599821783832565,A
6107,442,0.4652286717177132,B,575,0.08484266478176683,B
166951,793,0.9667172277356731,A,791,0.6414001214500408,A
307987,797,0.21613075181362107,D,708,0.4896755365671712,D
713812,208,0.060581820328350244,A,579,0.19126657656217516,A
19850,294,0.9515503910661074,A,845,0.334998484832583,A
917445,943,0.505909543169047,B,908,0.6474773348091355,B
707899,30,0.2135372632441601,B,401,0.4843433180230964,B
786190,251,0.23598213954479508,A,272,0.05099304006679084,A
898464,173,0.09272248899224755,D,143,0.18110472800520505,D
835193,625,0.6721175060350975,D,42,0.8471747120490668,D
578843,18,0.893674885284724,A,561,0.5352226366729609,A
863291,460,0.35562972775412416,D,802,0.09589062575808016,D
968315,916,0.08475535193560058,C,236,0.22043760581546945,C
182354,375,0.24064337833686422,D,155,0.02295406575285075,D
82907,129,0.7429158536322749,D,554,0.6162966342079681,D
671490,276,0.28034825637401517,A,93,0.5712402741644986,A
684763,798,0.23136154265645859,D,97,0.2461929533286561,D
173168,910,0.6717425800939484,D,247,0.4595066130877078,D
863946,665,0.10118376711618682,D,913,0.17354310987610766,D
891149,797,0.84149384047464,A,286,0.10738690944886475,A
498998,196,0.08783412506524957,A,687,0.3084942358374094,A
729137,723,0.9137809598506174,D,237,0.10036661362113208,D
265064,500,0.0011719067580090448,C,418,0.712425011725225,C
491179,32,0.34907406261738794,D,756,0.8881184114849233,D
187601,204,0.8732499930814188,C,902,0.6733111626768099,C
518681,116,0.28075145098872556,C,806,0.4040063113505461,C
461045,821,0.19912702878086974,A,321,0.3532654896758667,A
30788,226,0.6517978209940964,A,732,0.29067881329694834,A
133887,87,0.42155104726327164,D,388,0.60043563602664,D
827081,110,0.8579473364062786,D,702,0.9352655303724788,D
203814,239,0.4272201832465208,D,660,0.697580911701135,D
163818,594,0.0844027202006532,A,502,0.43629184904827534,A
803780,879,0.5156052941804645,B,447,0.2549257304387543,B
537933,462,0.3920009044668673,D,275,0.36659475350080906,D
251,648,0.9064700191535369,D,172,0.2191367734495322,D
843283,252,0.7441652099571192,B,390,0.364571839928467,B
244101,259,0.7538792125749559,D,92,0.7071045481849455,D
824982,112,0.5854319064068085,A,94,0.6154499552794753,A
675740,992,0.9149147069640938,D,300,0.14163403852656664,D
231716,335,0.47912330921712454,A,234,0.40946437650619705,A
249506,580,0.18840798292457406,A,533,0.06677889996629671,A
551421,382,0.7125137486030647,C,635,0.05214653590775309,C
202158,755,0.729310802490672,B,17,0.8077287298540929,B
91789,162,0.24343342826596237,B,617,0.7125290637988408,B
550304,168,0.20651100367567488,D,791,0.10151030323687282,D
569966,255,0.2993922630428999,D,546,0.12413728072538455,D
965987,359,0.8292099708783722,D,546,0.9321501045436167,D
794406,407,0.4086223111710018,A,805,0.008746492307468157,A
17745,376,0.3224034734609805,A,784,0.2723374479505859,A
372246,326,0.36965955027223785,D,512,0.5045097462448342,D
356180,696,0.2701193160138723,C,403,0.1349491042420362,C
512335,311,0.5265623749554479,A,480,0.15590941046578521,A
265988,450,0.15888112044088354,D,247,0.8616882906032286,D
736180,971,0.7064089848004144,B,727,0.10987618352047868,B
728124,687,0.37728967948617353,A,165,0.6401361197681036,A
40512,488,0.9346351673479059,B,68,0.9828562988149009,B
975523,329,0.8853897330919068,B,0,0.28720249578932444,B
100750,141,0.32943009684329894,D,824,0.03641667371163526,D
264807,922,0.6309306095627024,C,614,0.9947145906649624,C
366306,844,0.19989399496002924,B,618,0.9041652039618269,B
739456,704,0.7477121135127486,D,322,0.48722159265505405,D
862441,622,0.5663161357074928,D,220,0.43553753774666826,D
699164,743,0.05553211669571079,B,16,0.9005035774936637,B
301071,723,0.9132633467856782,D,425,0.9596183601867128,D
693977,65,0.9026714110882672,B,970,0.1455374724942361,B
580801,30,0.6691187840421927,D,358,0.4650894173189404,D
528490,857,0.23132122951351386,A,360,0.3314523711314745,A
625833,689,0.8254909074315778,B,762,0.7111050230383136,B
214084,94,0.44138403253551384,B,25,0.5095067040524914,B
521104,889,0.6220963544240147,C,820,0.5169975205184606,C
163317,209,0.7952405759534085,A,904,0.4383978453166222,A
761597,680,0.9994390537084256,B,955,0.8247129721784963,B
639907,476,0.8594106155558513,A,145,0.7621087649091691,A
751266,961,0.4016161243192242,C,95,0.6168743549577111,C
235577,184,0.581580533089069,C,42,0.04401342051409396,C
405763,141,0.4258055459300373,B,976,0.132942022342186,B
78922,22,0.1940161670103292,A,67,0.1633914400550771,A
380,207,0.3664817356922354,D,271,0.7272379359801454,D
77053,645,0.7978301177113868,D,224,0.4683066153163762,D
608810,645,0.2916322203023549,B,947,0.6726117990425395,B
735911,867,0.3488944788766558,D,81,0.669417138841795,D
953279,90,0.34148657776752234,D,444,0.4833959659352044,D
643340,652,0.7493076105774601,A,974,0.591692844780851,A
560256,626,0.234214957437063,A,843,0.1479719695077395,A
363902,904,0.47953132302489154,C,864,0.7834764511805218,C
579857,195,0.12165158749361848,B,475,0.9051746588443089,B
61147,230,0.8193767909063514,D,714,0.5422092713851009,D
787714,269,0.8406318514453273,A,248,0.16244547533287212,A
155262,191,0.8794154615845726,A,424,0.47317413969605127,A
271692,221,0.3077767726841214,C,341,0.9375940216360993,C
946883,752,0.7049323592986234,B,315,0.23568231974929532,B
498318,508,0.19234990148824604,D,625,0.8045295116670014,D
981499,961,0.8699635806328683,B,612,0.3271428986895534,B
950949,718,0.7489569850712763,A,103,0.08209486367039565,A
488347,397,0.9926212246875765,C,956,0.9700602128624124,C
367219,561,0.4142975676796281,B,482,0.17757307017359603,B
667022,987,0.3173745948900222,C,298,0.9837010640172644,C
113215,39,0.9457224184871375,C,39,0.9963155357753001,C
442043,2,0.9625095471102901,D,40,0.6143633425251626,D
838542,296,0.38903545234283343,A,808,0.16993439120841125,A
830012,412,0.901340123574853,B,273,0.5933701566713186,B
958453,422,0.9012338112021385,B,66,0.4623365670902112,B
921339,393,0.7400446643714458,D,658,0.7760751672084832,D
227729,300,0.8851200180737558,C,813,0.9845986727410767,C
773856,478,0.9049163570662717,C,720,0.15521907833812865,C
983933,897,0.017760276881656156,C,60,0.5876830955977859,C
562312,758,0.4703790170333858,B,151,0.10767449437249987,B
200916,208,0.6049432143459338,A,152,0.7227697303402584,A
166149,28,0.6046034561981068,D,952,0.6443110232671301,D
564339,445,0.06419926560728051,D,400,0.19148860383842614,D
381052,471,0.7473000822506841,B,50,0.03137951225877811,B
647738,53,0.927368976797043,A,832,0.4976169277988668,A
233733,848,0.3420966221840318,B,835,0.326908184180269,B
771109,68,0.5410609445968249,C,890,0.7832066801501745,C
898638,185,0.17333166993181104,A,498,0.8755209594098392,A
79109,529,0.18395161125731951,A,43,0.8842191259588374,A
29382,799,0.2484248167020341,D,525,0.6039218343448463,D
233251,670,0.4797371310780002,C,738,0.18051292313538636,C
831317,536,0.0782292454098148,C,789,0.009225142237081818,C
163181,940,0.5495869901755035,C,107,0.48279836603677284,C
917900,189,0.8108830827107585,A,417,0.5893202619779313,A
639400,218,0.45470890187222424,B,485,0.8295527687537251,B
400980,747,0.69659384352621,D,543,0.229220845107318,D
825944,798,0.9610948432620339,B,974,0.8215071294400835,B
490504,938,0.9113385688587383,A,406,0.0022504138202276147,A
254031,848,0.12472625756769662,B,981,0.07610571237199881,B
896473,708,0.2954704096743237,B,513,0.8685459267541561,B
570707,964,0.05943951268026337,D,947,0.989277082599897,D
559336,508,0.46963420616643736,D,701,0.42950048357007564,D
227961,362,0.7180556332074705,B,132,0.9310819785998035,B
410494,5,0.37473333604824266,C,746,0.16390729964844597,C
821429,444,0.03984146826877499,A,783,0.9317414707599468,A
629137,328,0.12259846752569692,A,159,0.8732211598861283,A
390645,215,0.05763894416711168,B,976,0.23955141802118918,B
594070,554,0.2856996056466038,A,116,0.7649002928383022,A
133500,164,0.13199627586984308,D,512,0.7659997927784271,D
811478,546,0.2694909180699826,B,361,0.17639854094297192,B
605845,312,0.8585424153209196,A,558,0.9449407178929143,A
916265,765,0.6576111740528178,A,166,0.14581293867603828,A
703230,286,0.22219887383039516,B,534,0.8152179471368327,B
735245,398,0.16474736581401617,B,348,0.8535062252676353,B
298438,462,0.8801739417489972,C,826,0.5124197511066657,C
377803,834,0.08778355238585511,A,171,0.19014368668999582,A
955416,491,0.49180776772160384,C,463,0.18808052691609956,C
899908,149,0.28480178114002985,A,137,0.843022384464572,A
814750,673,0.028679907766011037,A,639,0.8108293044006831,A
380887,498,0.6871904386071013,D,879,0.1065742452063635,D
637767,560,0.17880619007342735,D,287,0.3399411950240805,D
454532,173,0.24938019458060845,C,998,0.5309623283429834,C
237032,354,0.18157988904911704,C,510,0.30838513179591587,C
904362,993,0.7433652690683789,D,26,0.9812538645055533,D
531266,481,0.9983993565509689,A,728,0.0930762504749364,A
101176,348,0.49242881945688843,C,953,0.5249543458439887,C
585397,625,0.7618248884944147,B,998,0.26419985121487655,B
61079,383,0.5893390897351534,A,187,0.5764113605939631,A
379420,471,0.08044546213208936,A,319,0.9188383138028104,A
561800,590,0.11460778678912986,B,673,0.33326655081695455,B
317266,753,0.8738891668210156,A,480,0.8095005777562275,A
275850,711,0.5031647404067289,B,342,0.16837980736143288,B
117151,724,0.45235596287134316,C,697,0.5229751234879548,C
352202,948,0.18630196471253158,B,414,0.973721493711845,B
589128,24,0.23922127827422057,A,117,0.40554496341003,A
751757,228,0.014170339323707037,B,764,0.2529362119086084,B
979139,640,0.5185140218843187,B,590,0.18435793231760134,B
44196,138,0.7316899486528589,A,728,0.040206195643958775,A
305040,394,0.8013031270754316,D,762,0.04656421192923543,D
693462,431,0.08830649452583506,C,700,0.39471876720310795,C
801740,239,0.3122724760301585,B,283,0.9593998127625402,B
820998,254,0.5837533763247679,C,457,0.14438369979700105,C
328056,451,0.11028089193311763,B,398,0.35317818960547953,B
751338,572,0.530807416743715,C,258,0.0030573936797185786,C
85654,900,0.9947028395895988,A,62,0.7813930875728777,A
453710,747,0.28099930040344656,C,766,0.4587476143559962,C
682374,283,0.6852979443667385,B,423,0.11041648597498677,B
948097,878,0.44093358312503195,D,290,0.2793280793507402,D
981736,919,0.20278314503807282,B,484,0.7856952232318619,B
877447,672,0.5692816315559728,C,491,0.22056565760172364,C
796568,955,0.41811320174338473,D,17,0.7810078131736886,D
764846,726,0.7760910926154906,B,274,0.7212426690074359,B
43148,521,0.035059010112478695,C,64,0.567155867495791,C
688486,695,0.6526464170729329,B,247,0.8987756690592567,B
408546,592,0.3559088084778008,C,775,0.9576789637539306,C
27598,165,0.5516671782601917,B,981,0.019570040161733804,B
115028,536,0.921220606119069,A,492,0.1934191375029971,A
412200,545,0.4291105427714692,C,750,0.30633805484235854,C
749314,460,0.7932583788532733,A,389,0.47185447532399905,A
325530,296,0.6384155454255226,D,911,0.2448840612524379,D
39179,946,0.19352343045517695,D,878,0.33614797411025055,D
921214,57,0.6338862638118108,D,545,0.3334291837599169,D
548161,458,0.7263333934731838,C,441,0.957501795608068,C
246732,669,0.19397245695134613,C,706,0.07626827138060632,C
207232,252,0.46584534079031625,A,209,0.4670828760591139,A
7593,196,0.7085210610553335,D,379,0.09685618457656997,D
967707,33,0.8821731190623521,B,940,0.5874996215785904,B
420907,565,0.890493835761866,B,287,0.6430192261086868,B
680808,639,0.9252552645088864,D,95,0.34081428441082806,D
27484,749,0.14664139182618163,B,626,0.11877910117440038,B
997998,166,0.513712099725284,A,487,0.6889966970464698,A
396109,522,0.07629467512793442,D,814,0.41180899655422765,D
940484,738,0.17385555017847099,D,90,0.5037004544055402,D
717179,197,0.916843642925454,B,947,0.5756747966831174,B
144728,589,0.9215162428915352,A,437,0.6963790830147177,A
393825,83,0.3460185698572634,D,176,0.8223140251409572,D
419970,484,0.4093211121359941,A,755,0.04520416805476113,A
159963,495,0.21868500634774923,A,200,0.8272774607618967,A
658906,317,0.7895229752439071,D,135,0.2949999679688745,D
117612,711,0.9519651731544412,C,677,0.44946701247710863,C
314228,612,0.5749519886510399,D,485,0.37808614229874904,D
660639,376,0.7824479547495938,D,383,0.03512950638703749,D
45558,128,0.9383132454641294,D,700,0.8429077110655634,D
319843,998,0.31112025480712613,D,86,0.7644175600821846,D
465782,287,0.25103163995676103,B,74,0.15373970132360482,B
708543,820,0.7893920150412782,B,445,0.22925712689524536,B
227730,234,0.34339703621073747,D,272,0.7136970126648385,D
572153,736,0.08307934994140054,C,848,0.9972176596095382,C
129491,795,0.5693503267908789,C,625,0.8366900294625501,C
61738,660,0.3238468844434792,B,415,0.29553421866540697,B
827643,851,0.09747437980826579,D,530,0.17979259445537155,D
216108,552,0.15555497697535037,B,818,0.1264270636475302,B
964529,593,0.7953065950847261,D,520,0.8583031565465137,D
705683,91,0.09969734156869114,D,143,0.8028700559588382,D
189565,318,0.7402060807787114,C,715,0.6362493864400914,C
177102,365,0.15802480992374024,D,697,0.2763112708386174,D
642697,763,0.9222748633513888,D,33,0.7654794455433608,D
543875,8,0.47915452754421983,A,793,0.6648821360683704,A
184223,80,0.23710038120691468,C,883,0.8095974827042969,C
19377,790,0.12944866673438293,B,85,0.3224966091284448,B
627213,823,0.9749585484425175,B,704,0.19042201698407435,B
352113,775,0.9508810581658614,C,449,0.7836496822110883,C
290839,175,0.6768152917230398,A,87,0.5457752333042463,A
617583,574,0.7280163139204813,D,614,0.6681435672669486,D
272282,565,0.7092364080591755,B,179,0.8243570235612143,B
977776,272,0.3830288806649268,C,519,0.43468992015207386,C
918972,848,0.005172086447594815,A,45,0.5992116484705593,A
828876,592,0.1878963561370468,C,677,0.26128529672170253,C
161028,37,0.02070743850536061,C,386,0.34535216269394686,C
220995,21,0.8382473346691175,C,370,0.7238992267540895,C
322802,725,0.9764526610637277,C,422,0.14927305875495167,C
618418,624,0.9086084504556755,C,420,0.6021025170089722,C
641286,368,0.27046313107968145,B,790,0.6243981404499247,B
337253,349,0.2066560150397423,D,66,0.06071176579453552,D
52547,67,0.9565133342607669,C,950,0.12241046030261604,C
939892,235,0.10766826952167974,C,158,0.6729997922892165,C
632995,100,0.4476425508936962,A,713,0.4000826449623307,A
396105,240,0.4449049891016472,C,21,0.24271622210328359,C
107531,80,0.43929170012175167,C,106,0.3095850345550004,C
614627,197,0.8152620431265608,C,473,0.8734441924153182,C
36767,711,0.41694038545106094,A,191,0.4032791837204919,A
567925,498,0.6813831825115323,C,738,0.6757509065348477,C
690616,427,0.6424156095373017,D,748,0.10896518355884988,D
638358,568,0.8412552844224613,C,569,0.6974061690343158,C
166901,839,0.9988672352402808,A,209,0.9164859072575976,A
478103,518,0.5318518885827059,C,993,0.7650464313025591,C
621197,287,0.9869906745031208,C,848,0.526212530268111,C
538619,288,0.22954907565498583,C,96,0.711305533348435,C
313769,412,0.8466999456315908,A,607,0.09141868822927468,A
621823,55,0.4475803473884945,D,740,0.07684061643638151,D
621152,45,0.8948505278943601,D,940,0.7500424356153247,D
727320,349,0.21587561753743445,A,472,0.9607399366846942,A
408204,328,0.9380235763737662,D,933,0.18482881194877288,D
543518,114,0.7979392517144624,A,830,0.029398222163992238,A
360822,283,0.9479248409145337,D,342,0.7786330164598129,D
33609,257,0.9429284980479719,C,562,0.12790701417324501,C
782746,284,0.7229230513961442,C,318,0.6036914070763638,C
978102,112,0.4327794921542021,A,891,0.5259614187426006,A
786023,157,0.24989320831777273,D,236,0.3970021346948185,D
355898,191,0.514121753637807,C,600,0.1392936539390771,C
194025,239,0.8937634783886413,D,174,0.8149464184265885,D
112279,540,0.8506649307759672,B,964,0.21558560137874128,B
797153,750,0.6707500767841705,B,94,0.25514732996953926,B
164740,288,0.2695920146095008,A,712,0.7460156743025577,A
479981,378,0.2311717098321202,D,504,0.9355923339389007,D
271200,857,0.4052397315999343,D,764,0.12878644784179316,D
380498,744,0.483466418676617,B,961,0.04215852129346098,B
449822,978,0.2986010364122329,B,895,0.9902582619740624,B
406910,959,0.45998282965671344,B,701,0.4556287532499388,B
495946,739,0.07996652254764636,A,260,0.8974936257342502,A
755945,480,0.29757805942933535,A,837,0.429793443598418,A
662142,555,0.328346809845075,A,350,0.29844025699366383,A
340312,679,0.9041303442911306,C,217,0.23374745730411683,C
157073,700,0.039246770061899916,B,910,0.5222124181356096,B
575144,701,0.9494865436514344,D,548,0.7835307595594263,D
669879,291,0.4225777908530908,B,338,0.5653398715178964,B
577814,942,0.8345848393061708,B,790,0.5004383838723481,B
811725,758,0.04125112988127644,A,911,0.19037573120262374,A
139194,19,0.5725591209998228,D,859,0.7803349704077647,D
319392,276,0.6872973674781833,D,301,0.7805281142986731,D
914965,331,0.08361309167619879,A,407,0.6402394705840696,A
610586,753,0.9064681478660773,D,657,0.4419893411838607,D
866906,835,0.8485569876287639,B,918,0.34468288689867055,B
917760,774,0.16725598579243395,D,562,0.8045852620078007,D
493883,757,0.8237596508507034,B,415,0.5905121323697661,B
199661,364,0.45381936369682907,C,802,0.5506139500620505,C
172237,59,0.818947788390487,A,15,0.5617940610790928,A
992536,850,0.16542120401768712,B,688,0.830614184481435,B
125846,912,0.6688424173938673,D,784,0.19028661256456714,D
134212,458,0.8340622444578578,D,795,0.2670470580359584,D
853501,890,0.8761991723647036,A,852,0.9592225414830853,A
579682,156,0.3024166145641083,C,1,0.0065133323350274885,C
828960,393,0.5085735535718566,B,56,0.11678394551359317,B
556283,316,0.5872619653447129,D,968,0.06622243207090672,D
161616,480,0.5804965530615954,C,300,0.629862022448582,C
828667,58,0.3099259157818106,D,878,0.7377303490146456,D
412485,401,0.9183122111373211,A,464,0.40779104660193854,A
303897,265,0.9908955227703675,C,883,0.6295372361079433,C
164078,602,0.38535734872947225,A,892,0.582462437074063,A
160541,76,0.4831577384663236,D,917,0.4952687951970811,D
740464,773,0.7163929609469316,B,568,0.7986669994299822,B
148051,877,0.6370664118448132,C,164,0.5654213704115175,C
672026,280,0.6944451089498418,D,406,0.9365744778810549,D
576395,402,0.4775914634912751,B,207,0.4538664388068996,B
579279,502,0.1313810925744857,B,959,0.13266567106688942,B
328632,738,0.4109116318771304,A,478,0.5446854153809458,A
469963,952,0.5123949019542294,A,475,0.010641382671274457,A
934295,918,0.7840443892801007,B,694,0.10165655671503082,B
516161,674,0.9620624104422498,B,768,0.4218995588866843,B
865669,461,0.41370790323018725,A,194,0.21825372016049438,A
54916,587,0.9071773725572451,C,912,0.6678761358945726,C
795203,122,0.4915139061001381,A,242,0.45173864219255977,A
90319,577,0.9538530353142831,A,76,0.014013520136161528,A
243782,456,0.07015920724540758,C,654,0.0922685405476501,C
685375,231,0.399540159855995,B,586,0.5461250717948194,B
773619,526,0.29690317195168925,C,776,0.4260205020500982,C
157933,174,0.26047997077322194,D,895,0.8225441242706768,D
156806,123,0.8336119681552739,D,897,0.11498546487149641,D
510787,493,0.5705165879966899,B,346,0.2289082897635203,B
357406,331,0.6365642883519147,D,921,0.4050846883526248,D
524723,762,0.29339628059006595,A,880,0.7924040110071139,A
102936,183,0.5362983143390417,B,385,0.5406206484409383,B
284500,319,0.39117466320380834,C,674,0.8406806600908955,C
890700,434,0.6338724559421455,C,229,0.6291749279894219,C
529780,468,0.8282061314121161,C,584,0.13874408846640984,C
225336,970,0.6202627401039054,C,440,0.6234369993877504,C
79950,993,0.09519787573809724,D,129,0.892176560450986,D
588680,64,0.01822353896366169,C,871,0.3308816388129078,C
711041,967,0.09635286228133144,D,974,0.6051665298029278,D
666912,592,0.39672856847837157,B,240,0.8951960544583865,B
525597,423,0.01887878854620295,C,552,0.7691073043056545,C
301440,498,0.7041353095066706,D,986,0.6140242149195155,D
216862,816,0.08228747752759147,A,712,0.26932721497878775,A
504051,401,0.6453442419683769,D,679,0.8947167312189006,D
290042,686,0.45103251028545943,C,286,0.8997667546702183,C
754602,108,0.5848978999293664,B,797,0.7464727933900913,B
657137,731,0.12761755138805486,C,956,0.5235848754135769,C
147671,779,0.7536815468115398,C,887,0.9406052246285066,C
84161,57,0.8736418684505408,B,266,0.07960694793216327,B
281730,579,0.3426370824880196,C,991,0.5754436788846342,C
890744,929,0.8893225833960032,D,228,0.8604502006726658,D
723968,204,0.12463102022563721,B,974,0.6458208299400814,B
442051,348,0.6962689018438524,A,624,0.32044141557803674,A
130741,512,0.8826315844283807,D,198,0.30661933592057034,D
946382,212,0.7143925731608908,A,935,0.4812173440978008,A
885980,30,0.10919953182985875,B,48,0.1991478169079317,B
373068,426,0.028674407299111748,A,88,0.8385628190951323,A
360740,741,0.3017915679435148,C,403,0.30758047914659414,C
19945,626,0.2580939032515537,D,334,0.8275993416291932,D
608853,321,0.6723215150958987,C,109,0.2165958712170457,C
664970,23,0.3413901493274967,D,374,0.6193795270182109,D
919260,172,0.5076104811910699,D,837,0.41948371735107615,D
591833,23,0.7080180259433005,C,817,0.4262500811169062,C
541002,847,0.31307717141773417,A,16,0.9598002107498854,A
787521,232,0.3811166899830676,B,713,0.8642588305720094,B
979059,618,0.5700183271637308,B,290,0.9503867907059146,B
729229,638,0.5169967950225973,A,36,0.7763337072272561,A
488085,84,0.8346111053111164,B,467,0.3829323918798473,B
976191,296,0.7141287050313347,A,278,0.3609865913523427,A
405959,329,0.527338055398676,D,864,0.5142557734756401,D
299417,130,0.2961827492240128,B,911,0.13684976797680537,B
95053,833,0.5081198872938018,B,978,0.32445517081047903,B
847276,189,0.8926936574977472,C,504,0.706101651026983,C
208885,406,0.7514876985596571,C,831,0.6931802364297752,C
440453,818,0.09819380861059368,A,139,0.9325745243654634,A
983333,206,0.19001478086546708,D,903,0.03940218719001809,D
569895,70,0.3341804499143407,C,820,0.3068412719108432,C
748907,274,0.04228632479542038,B,981,0.2364212507838599,B
876332,479,0.4737842944841565,D,213,0.005569706290785903,D
533392,702,0.7656813366349932,B,534,0.20409127051694576,B
972519,617,0.3943080562607967,C,511,0.9630952764327976,C
822126,560,0.7932973237996166,B,375,0.845963250959769,B
820352,345,0.682833444840266,D,972,0.9586915900527925,D
214118,181,0.07318269707398817,A,204,0.6065792377532467,A
448175,477,0.3997569700634904,D,386,0.738296449244878,D
965465,367,0.9012218827775863,D,532,0.24474848371273272,D
971863,218,0.8090190777352255,C,208,0.7175445821340828,C
917872,364,0.09717653894059142,B,545,0.16505914007823919,B
234299,168,0.7587418664247222,C,805,0.18066520169266786,C
896809,952,0.22435081104706744,B,388,0.15475493567241527,B
79788,912,0.47569616341262566,D,562,0.8690303577605821,D
938476,920,0.6585814973302225,A,64,0.4571667364797207,A
889552,690,0.19715962476367732,B,203,0.44289830913552375,B
903215,927,0.4601904032298886,C,333,0.18178925791787992,C
296170,946,0.9122738426289333,C,590,0.9551928011095122,C
379724,377,0.05015356235874624,C,750,0.4271000534251552,C
769466,857,0.2663983769228737,A,566,0.5506589274396967,A
11190,67,0.29811200904944324,C,918,0.1665638262413629,C
802360,572,0.6813815126035337,B,500,0.724786062870968,B
204935,27,0.9085920688179021,B,827,0.39308180130901027,B
954782,151,0.06025562742893953,C,964,0.019560311518935225,C
562282,314,0.2586478316324272,C,191,0.5710432095403266,C
59074,148,0.4063679144494631,B,165,0.05543752261332957,B
343395,164,0.47399915451909225,B,682,0.9010725959829672,B
869811,188,0.10348530976052861,A,502,0.7079186506225371,A
838926,677,0.16665407940144572,D,593,0.9512359690540451,D
631244,261,0.21830613132285692,D,206,0.017337018833534223,D
272851,458,0.37436940502644045,C,944,0.38785111639951797,C
762225,363,0.9860065084332187,D,834,0.5726659138141991,D
217209,23,0.4451375468071209,C,976,0.21005141639714398,C
324998,521,0.2256723921929218,A,797,0.14921537520670636,A
60646,248,0.7068712929574703,C,626,0.8232491701568112,C
891006,72,0.19287858185775597,C,590,0.41558440768851657,C
806395,329,0.7548499776199996,C,215,0.6867735281101238,C
697805,10,0.9205676534187369,A,623,0.9674146034953753,A
690140,723,0.12759276890588367,A,407,0.04841646278866141,A
146460,544,0.37370496893437477,B,749,0.15178738620549137,B
71508,817,0.6963640783201976,D,161,0.11807921429522994,D
34382,387,0.29472995649035794,A,115,0.38258205654245825,A
679429,826,0.5444665154223196,D,132,0.9132852791302426,D
253038,633,0.16274498186659603,B,123,0.6175079622989199,B
944789,306,0.4128192609703729,B,457,0.13598677309602014,B
232394,968,0.48762632812442186,B,202,0.9254829855484814,B
646834,98,0.6705853919583207,C,549,0.013409068139919711,C
238353,820,0.45738455067433803,A,466,0.6506265243654885,A
171493,764,0.5728029254192929,C,782,0.7850010118040813,C
455691,265,0.5270657051654126,C,102,0.09010046187378784,C
389513,192,0.17492168156786359,C,808,0.558386606596721,C
925932,471,0.032924214118978834,D,590,0.6649234840768521,D
933643,236,0.5074024590360331,D,153,0.5963232613110018,D
140616,883,0.7917985153197574,B,17,0.8399913819375499,B
679140,553,0.17208283139414027,C,797,0.6945605843026852,C
510896,834,0.46775867963603324,D,794,0.09716805986213106,D
499847,634,0.26634285575009276,C,145,0.2754619359281393,C
78096,396,0.8723632510993043,A,217,0.8463421093452137,A
398136,847,0.1264508006435089,C,909,0.7426454035827597,C
282021,192,0.07519877358527605,A,26,0.14084582768455145,A
848871,906,0.03011623458515411,A,432,0.12311285258697402,A
594145,456,0.14843937267694185,B,170,0.5990668059842644,B
52896,140,0.44399278094529704,C,453,0.7188409844156167,C
651362,447,0.4173981041137531,A,441,0.42619887636575315,A
889637,575,0.7731128528543776,A,880,0.2813987846005499,A
174687,10,0.3938496751154765,B,847,0.8785871839854769,B
710012,726,0.6395158128320804,D,255,0.058647789990117216,D
393742,448,0.05609531263711687,D,630,0.3631867759524323,D
76495,147,0.5651002918069394,B,968,0.2460975367671342,B
992637,521,0.1042144114633099,C,140,0.8367702052748784,C
595758,355,0.09890584960143234,B,113,0.044123601577739424,B
404322,392,0.3321064710243705,C,787,0.11850958911522513,C
403812,562,0.4317424551663257,A,460,0.3986383399081974,A
117564,984,0.7815817769871944,B,500,0.16187435704324593,B
321102,309,0.46124325337262184,B,606,0.03048205277646021,B
160718,314,0.4837516074862307,B,200,0.5083630758706527,B
674307,987,0.28152383921135926,A,252,0.05388307915587842,A
85247,547,0.11971974173354161,C,820,0.40061713140443433,C
119644,717,0.18476459588485872,B,720,0.1965535880982141,B
18325,41,0.7690008090913576,C,578,0.4350960938761075,C
921374,265,0.027334185887394002,A,209,0.12049637408001612,A
413430,365,0.2305276049149344,A,341,0.19896479695855618,A
761727,69,0.29870990864634295,A,80,0.35323373664280167,A
614343,331,0.7103866341910847,B,537,0.2405478345654386,B
888451,798,0.6738333483309876,B,716,0.853749621473278,B
673319,690,0.49308539178828126,C,32,0.05758088812100004,C
465039,750,0.5131998492456127,B,318,0.9650809491450469,B
779849,942,0.33669014699538047,D,51,0.4469313814380339,D
168622,200,0.738486339629535,C,20,0.749022667520517,C
145810,299,0.005855427911238387,B,43,0.2555216894340395,B
575433,216,0.7115207855123714,A,152,0.21628358576413553,A
821958,637,0.2611341934158553,B,496,0.4798918781505368,B
405918,543,0.7804682423668772,A,238,0.8309164581760422,A
644228,32,0.8975154815121003,D,215,0.736967963642509,D
388395,480,0.6858317447842427,B,68,0.7114868895899203,B
447655,879,0.8708732753765017,C,904,0.430787003398847,C
486041,521,0.10527027006656042,A,527,0.46074179425696815,A
947513,696,0.7137231704590564,B,861,0.1583584745284613,B
537924,566,0.5951353169903039,C,870,0.9308888383353976,C
466240,68,0.9214684936338108,C,378,0.684346159561105,C
609514,599,0.051849355132584596,C,918,0.11195670130476942,C
957758,575,0.36775909945093865,B,748,0.8362802828662232,B
773684,89,0.6684559011885054,B,552,0.1725750346609538,B
984035,313,0.045047093123782855,C,265,0.5400949794562334,C
589653,623,0.8118189690012461,A,389,0.5634290954852702,A
151275,139,0.743482318842133,A,523,0.8909899480617369,A
701329,755,0.315259788763706,C,809,0.5809747384751051,C
304307,338,0.9961302223020637,C,363,0.42714965376273684,C
80756,467,0.7009105211591352,C,299,0.6399986225751606,C
620090,375,0.75530939390215,A,272,0.45305976652876,A
143242,650,0.36343218130000277,D,66,0.44394642868351375,D
516285,308,0.8388609477513769,B,574,0.33801791148043925,B
448414,537,0.5706734809246943,B,163,0.9812262872861146,B
957162,569,0.6714252186208433,D,770,0.527209300139355,D
8547,899,0.3899804234837023,C,219,0.9987107949681301,C
352867,295,0.5609007304898601,A,600,0.8960597273460671,A
167271,373,0.807246953831951,D,731,0.4073794939217006,D
729281,945,0.09812457864062563,D,218,0.47511038720395005,D
834477,632,0.8230222842967042,C,349,0.18658036724487403,C
135231,778,0.6641337798235744,B,44,0.918350638855342,B
949611,652,0.7738419331503299,B,268,0.12456933123081637,B
177261,984,0.22355553857651456,D,439,0.317883675175054,D
822996,258,0.07874738773450585,C,893,0.19324861241142854,C
512763,409,0.7138747337478536,D,806,0.567219334962896,D
324213,614,0.5952576420535154,B,481,0.7556055019820895,B
973832,491,0.3423595685975561,D,127,0.6136971051601148,D
218224,181,0.6509935375788435,A,713,0.9287483273557566,A
822784,646,0.8884699030394452,A,432,0.6827660555258218,A
151409,596,0.5576812599711272,A,232,0.832524020940114,A
839685,127,0.6138412002363706,C,431,0.314388008777446,C
867378,336,0.6244390609838807,D,25,0.5941173930172919,D
454701,606,0.12426989587047199,A,300,0.9205084471131526,A
54257,156,0.30460677536446745,C,334,0.7891779201910196,C
547024,136,0.24947509289139402,C,14,0.8201913743503613,C
603419,713,0.2787545547981388,C,196,0.7812594958128173,C
66716,718,0.9447658126073952,B,874,0.6335333375955027,B
801086,734,0.5097790995385415,A,947,0.05369906879332731,A
192076,788,0.9635124421121204,B,121,0.17490790897723896,B
623867,548,0.30749985303355254,D,986,0.7620365679129354,D
56984,29,0.11381707438616584,B,782,0.31600524196977264,B
173681,569,0.26932273747864877,C,399,0.02774889844399908,C
288872,883,0.9260658075727954,A,181,0.2809306063439023,A
595190,798,0.28115633287289044,D,94,0.37250927024125247,D
414027,580,0.29406566991593874,C,6,0.7604929425152931,C
321686,861,0.2996320788655781,A,895,0.07913214097089427,A
737322,915,0.09823243430345618,C,953,0.801914008507111,C
592302,636,0.44312301944764076,B,735,0.4085486813823008,B
781841,722,0.2610097676801286,D,653,0.8119889901950074,D
273519,753,0.5320191743137149,B,150,0.7304468610205331,B
128347,33,0.24721591718745184,B,54,0.20389094597668855,B
21447,287,0.5605693918858127,D,753,0.7597221500016595,D
476533,418,0.8194014131215654,A,440,0.34571923089350975,A
959676,568,0.7974425073209281,A,32,0.6758206333560701,A
77268,225,0.09121248337996413,C,143,0.9444643347974798,C
132617,103,0.842678650849247,A,957,0.7129252328330686,A
97048,792,0.03570348947545121,A,248,0.6644980482270555,A
823115,578,0.39739959592671625,D,31,0.19162815710611514,D
742670,264,0.24195499731727077,B,919,0.47473281140349943,B
888158,636,0.23250206421968245,B,621,0.7840381666051214,B
774444,361,0.6421649066841401,C,846,0.041702548078670465,C
833420,858,0.3606921656175117,D,36,0.8578384736242334,D
647331,782,0.002909008014549186,D,285,0.2541026044964291,D
941333,372,0.6056926964299799,A,845,0.5317369715144188,A
600270,211,0.11231237042948594,D,657,0.6862404096939485,D
232096,938,0.17216208505258057,C,549,0.4564933252360298,C
534287,756,0.6760057646771831,B,280,0.8397456739054183,B
84084,437,0.6416912353247768,B,829,0.08954171733444838,B
670267,874,0.8276011408956471,B,851,0.5567470613769999,B
935207,479,0.8610030719203565,A,606,0.4495304611528965,A
660541,940,0.28300409345319744,B,999,0.11272961635388812,B
279284,156,0.5861913352607068,A,966,0.8815635261429938,A
104839,503,0.8188890200913572,D,176,0.5170811032275413,D
193774,324,0.07940022618159681,A,149,0.1211265850423432,A
842512,449,0.47317946245016285,C,15,0.18511427365257915,C
445494,616,0.6864176138222331,A,910,0.002112597348372991,A
752398,271,0.8961628810329001,D,708,0.5220215572859332,D
320708,939,0.4057672841932837,A,46,0.9100407513216173,A
500090,182,0.8834170821383263,A,381,0.3837158962850241,A
866684,712,0.8709681449035878,A,295,0.061711824814000504,A
51531,628,0.6612445008121843,A,3,0.19855574319761427,A
216721,293,0.049671609034782516,A,468,0.8353010770052435,A
680574,926,0.9669104163139371,B,3,0.37005828184909917,B
969524,406,0.3982654216423327,A,924,0.6890316087460309,A
766772,261,0.206488528937683,D,13,0.9049870941587153,D
850041,926,0.9832407158230123,B,725,0.09029627370893689,B
490230,350,0.10791372472942717,B,288,0.001585646031520116,B
47428,499,0.896359221346953,C,397,0.6069332469933728,C
916509,967,0.21684750408276388,A,540,0.234079841821906,A
508700,171,0.10316856045002065,D,583,0.45447068584555517,D
156889,75,0.7643040677603977,B,709,0.5947015973683264,B
693791,751,0.7992980530746338,C,22,0.9432680166287383,C
45705,141,0.1496042708428379,C,441,0.8811795242245658,C
185183,35,0.6747579985592802,A,309,0.9777778616447694,A
158608,2,0.45290981829521837,B,963,0.07283966082308502,B
687484,920,0.5561511663605282,D,623,0.712770101370071,D
865117,544,0.47513094424633184,A,446,0.26627113056947405,A
866440,524,0.6880886727660256,A,144,0.6031585405992353,A
309985,152,0.7855139732231099,D,843,0.5535521086052912,D
528308,607,0.3565874016911489,C,864,0.8696435046730105,C
57784,70,0.28767594808924957,C,727,0.5745226146136359,C
45104,755,0.0010920603786044314,D,947,0.7041267521565886,D
770563,731,0.03318669808096275,A,470,0.17167706944996197,A
520588,846,0.3259508691508938,B,285,0.847618318084752,B
894808,106,0.21333361680238994,B,515,0.16295500039713362,B
669996,866,0.28986180573142506,A,59,0.08895940695311733,A
402398,692,0.8883634655037601,B,705,0.2618175649425145,B
340371,314,0.8749379970337127,D,92,0.13624972100321797,D
300161,838,0.598280613670051,D,398,0.9415975133624701,D
599599,278,0.7460390059830511,D,493,0.06591108485249764,D
134833,403,0.01434728273009278,C,118,0.5743609471008293,C
433838,885,0.8794401416225999,D,625,0.17800025525570284,D
866757,807,0.1543926324308731,A,835,0.6569372570974651,A
239634,258,0.9531575143705135,B,437,0.08087082764157294,B
525824,599,0.9056677699799993,D,761,0.362727315928137,D
59672,347,0.152768649394319,C,840,0.5695118765247187,C
937324,182,0.7795948502475848,C,44,0.0328280438659746,C
531435,564,0.6041309571172248,D,829,0.43018796737230147,D
826985,550,0.7127374447412869,D,609,0.25709083884230655,D
564685,451,0.6644915789669381,C,423,0.8363323713295344,C
655440,543,0.14232144682195547,C,982,0.6244052260594929,C
687176,566,0.7276012255773917,D,824,0.31085462727350577,D
257206,454,0.47604878238793646,B,264,0.33229014311286753,B
741187,204,0.4039168671081105,D,360,0.7746831965556765,D
791191,67,0.2786039178803573,C,479,0.8924018613753462,C
238736,185,0.6865620951317014,A,994,0.8816486506437625,A
332248,555,0.6118309315306263,C,430,0.5299396817421577,C
825124,889,0.7544543676645235,A,602,0.5479536892401381,A
148484,864,0.5734582667035426,C,391,0.9211373402282391,C
753108,646,0.2372656342062468,C,553,0.047432842335464964,C
17451,907,0.5136776456104231,D,456,0.8163044038737826,D
774115,1,0.3324558801160261,A,210,0.5645710467008669,A
394397,148,0.8613586919154983,C,43,0.49338450751411955,C
888090,324,0.3567313906792364,D,102,0.9510419896493454,D
377009,429,0.6258275176847095,D,473,0.7789091803693055,D
564032,921,0.9684188630385887,D,615,0.9862802154323315,D
655117,408,0.06450660295793964,B,145,0.3285339609193899,B
131249,842,0.36756037717319723,A,703,0.7026971889819771,A
245145,407,0.3026076452821801,D,649,0.023793007479033568,D
380416,969,0.7846990855454727,A,914,0.08269300063596219,A
203625,345,0.6599367951314155,B,186,0.43773738221166214,B
664036,90,0.32738080968856065,A,161,0.8599315912848767,A
988787,375,0.09623388636587116,B,345,0.2145987813385103,B
530511,907,0.8650324136422074,A,978,0.8347535319053582,A
829715,512,0.4576886919304619,A,783,0.4429422445907032,A
307280,333,0.03630561916486019,C,864,0.12913513529073883,C
887021,855,0.5828454063924289,B,9,0.9825671716978431,B
327743,88,0.08162640479394001,A,284,0.3482098067258037,A
301975,776,0.5667509870198087,B,899,0.21451296231454786,B
219319,983,0.6805080459867755,A,518,0.6115746624673134,A
208043,758,0.7496730555599611,C,73,0.5427610673002294,C
848052,407,0.7772891490590988,D,34,0.059324878510512935,D
886402,126,0.9091951288996347,D,559,0.386857388296193,D
716538,708,0.18893285802288584,A,796,0.6954518474298612,A
362931,973,0.9007512961431502,C,490,0.5009538402189007,C
377994,30,0.8520828843476312,B,21,0.002779084389138986,B
307850,972,0.4890502666978438,C,342,0.3280917332176114,C
763230,982,0.6676139953463113,D,164,0.6328831042940828,D
586983,103,0.2181959913293099,C,74,0.49323026994255603,C
556920,83,0.9851397450649355,D,920,0.39116299289200374,D
671610,69,0.9166411003438177,C,470,0.5372389126924512,C
758812,527,0.2004836535981126,A,596,0.061148305443945006,A
726955,916,0.8587876443854374,D,677,0.9470249531617921,D
183368,692,0.8009360382458209,D,71,0.015233343371963248,D
955825,413,0.10090280732492751,B,585,0.03983381869756453,B
314161,972,0.26936392926953057,B,90,0.3840260907454943,B
919920,927,0.5719420559871761,D,813,0.13608108174999278,D
57475,796,0.36507266330780885,A,288,0.8963847136373689,A
230144,963,0.20610614726345666,C,404,0.04642620854783919,C
699315,756,0.12449289442422162,C,429,0.6710364654966209,C
751028,475,0.5685844518037515,D,816,0.008471391236366976,D
318742,459,0.4704441687772267,D,711,0.5958377355790312,D
267491,778,0.9560591485368425,B,929,0.4449176647851947,B
908199,431,0.6558806318709733,A,820,0.34425224991033765,A
95644,594,0.9098220304072907,C,231,0.7136942576761122,C
54396,249,0.16729522928075524,A,361,0.9069043614744079,A
548667,434,0.31580580258151536,C,791,0.11206456648657381,C
977953,882,0.1387335246265986,C,548,0.37142838040229487,C
237772,741,0.5292761495744922,C,720,0.6907319061025706,C
703438,304,0.4737384138038073,C,490,0.5349780005632927,C
25061,886,0.8006441094531058,C,673,0.09597448256186336,C
389058,62,0.6071739579302631,B,1,0.0539743391993065,B
19633,320,0.06962755988869918,D,678,0.9455143746397425,D
394705,915,0.32246701255295007,B,258,0.08868053017127742,B
863557,891,0.11640436186096359,D,431,0.9739380847922438,D
966864,428,0.3873617706006164,A,36,0.6340438664544943,A
363629,337,0.17435549373326353,C,283,0.9371046179115333,C
474821,810,0.02844112069588145,C,734,0.4389066882284508,C
493478,519,0.7392273666185528,D,712,0.8758105196299807,D
143389,102,0.7996470441556917,B,381,0.71785233314308,B
831598,343,0.38340407708027424,C,920,0.7768460941262845,C
972322,323,0.6519499107968657,B,515,0.09353705061919004,B
929791,367,0.03204745298972944,A,416,0.2534656554153031,A
373418,885,0.4082431586335159,C,2,0.68218193191559,C
315174,380,0.6800132403730018,C,352,0.715247324057275,C
618958,202,0.9928253204753767,C,786,0.07103766265352807,C
405414,529,0.47861726380125924,B,667,0.16189912699660913,B
534057,252,0.7861716461658346,C,966,0.7851581948188814,C
665402,225,0.13255096007353806,A,862,0.9653609003266248,A
198623,835,0.4979529142291671,A,154,0.5674890881863226,A
907054,770,0.5578054638012331,B,961,0.11851544245928192,B
188307,168,0.3640339521920509,A,513,0.05587708478340869,A
351258,461,0.11859247980804921,D,392,0.23386788145025228,D
802345,888,0.8002284293619885,C,86,0.5703279414187743,C
375380,563,0.6711020523935495,B,310,0.5812135211150327,B
617526,46,0.21905362546930474,D,701,0.30616956654682126,D
199077,466,0.37231844908249245,D,734,0.2247197297778195,D
189406,224,0.947900558449746,B,309,0.6472232312300682,B
937187,964,0.3328167798944246,D,464,0.1897727409711164,D
176594,757,0.2428047893707007,B,394,0.1346896323102703,B
720171,412,0.2357651896602564,C,90,0.2955177125979771,C
668737,208,0.5053293735600385,B,261,0.2164421438115124,B
109047,871,0.011448865577601275,A,205,0.5597056175681611,A
712611,519,0.46363429465879646,D,908,0.13397790283087951,D
198860,887,0.12050605144549087,C,910,0.36563329895370034,C
8810,892,0.1904623550257738,B,373,0.5316287520218657,B
332589,507,0.7247754896015376,B,251,0.2607420455607413,B
663637,521,0.8935150907452972,C,972,0.8152365240062361,C
875487,614,0.6933294025541,D,369,0.9670543390507188,D
216220,386,0.5338267164541101,D,441,0.2086217396404204,D
201198,551,0.07035194083231688,D,80,0.17708319681329687,D
7808,284,0.406789536954568,C,548,0.697741358788749,C
810790,748,0.6140951029219478,A,586,0.3320404211081045,A
189360,572,0.00789165431016503,B,778,0.3991009562905471,B
699920,142,0.23590649214726422,B,330,0.7865273798998548,B
14617,736,0.5734860925895414,D,115,0.8534485617476549,D
699711,372,0.0065837412570637355,A,13,0.45320033185270236,A
236561,816,0.4332172812051822,C,245,0.36794272644012893,C
482092,620,0.2550418678695886,B,394,0.12253981033805883,B
110466,792,0.7761160247382186,B,683,0.9536569436250024,B
46012,406,0.29097474776605503,B,963,0.41545611483289313,B
322540,34,0.9537888172351755,D,308,0.7767515504116929,D
556286,52,0.6697208117577614,D,735,0.8095932383525113,D
79571,253,0.27135982134849645,D,106,0.9610505544205037,D
56554,81,0.34051539815560905,B,954,0.12024725287706273,B
51324,754,0.3302060000355591,A,214,0.36274810743067765,A
576986,899,0.5438644203494287,B,115,0.49722008551653885,B
207807,843,0.29551374939444097,A,591,0.4299746930621936,A
524386,201,0.4513245424460033,D,114,0.27865734630097994,D
491178,293,0.6269587520775013,B,661,0.8274149302142958,B
629208,553,0.9928103128475781,C,25,0.9207748633025814,C
41557,993,0.8065153536768268,D,327,0.46311469869738864,D
426962,367,0.08747807181249356,C,122,0.4254226239507627,C
750859,188,0.2783219198767065,D,781,0.39799601233815096,D
918120,483,0.671643363372012,C,203,0.12162313012864889,C
584830,25,0.5737132068324333,D,352,0.12782051950049766,D
965229,851,0.42281410491578675,C,151,0.168975957861366,C
826377,786,0.9818313150053105,D,716,0.6159485965229876,D
570771,263,0.8210802455564707,D,132,0.226637172872028,D
943222,144,0.6151173609878402,B,519,0.3500080702602332,B
669715,487,0.7641464564048722,B,480,0.3970960161956998,B
866799,284,0.2769868655736065,D,564,0.9761231724851929,D
161942,606,0.4688493593447356,B,523,0.18743755213238267,B
189368,539,0.42862372309709507,D,101,0.014159467007161641,D
627261,1,0.6077255019229729,B,159,0.39642572477293514,B
259203,268,0.4233265641364852,C,332,0.44261622245424725,C
958071,196,0.06478435619624734,B,148,0.20982018843053307,B
33600,68,0.597937187584429,D,707,0.9824716162142624,D
827360,710,0.7196878816373488,B,975,0.16138581871720137,B
126634,248,0.10486800872879032,D,751,0.9583543118368011,D
116558,369,0.876053981074252,B,386,0.1830404760021931,B
997518,249,0.7076975663138627,B,853,0.897088837887583,B
360751,562,0.06932545931429024,C,875,0.647754290064725,C
310813,182,0.376066480149875,A,847,0.23631475870544394,A
527900,434,0.1869952518392648,B,668,0.5616846183237348,B
853775,50,0.7596525590617142,A,13,0.8884786342083763,A
43257,630,0.2563869278784129,C,225,0.7747683553797512,C
47934,791,0.33540238062534145,C,410,0.6610984508494431,C
765763,410,0.7837909041409014,B,584,0.8281719365723067,B
255990,160,0.1962901454638215,D,438,0.9773539805440595,D
320208,14,0.9831653191583364,A,79,0.5662264359476202,A
177711,893,0.5665811030264964,C,583,0.9333452185282504,C
375728,777,0.09765498407607287,D,590,0.7208965225217883,D
569032,538,0.5101714060105936,B,488,0.8034281209150548,B
234794,466,0.4287907688917162,C,18,0.2536209387237375,C
108969,412,0.7183347923022823,B,682,0.014908932679300269,B
288119,702,0.7948145495528544,B,746,0.6616323894992872,B
981371,66,0.2815678764135733,B,314,0.07329160676003066,B
794483,290,0.9162431582636097,B,585,0.2436509113900196,B
194287,96,0.36686550677622753,B,579,0.9548910671712446,B
673745,20,0.34062743621879643,A,75,0.16497368683190972,A
868676,72,0.2217116248752219,A,81,0.7978898778702476,A
971913,953,0.663958841179802,D,135,0.43784910926248366,D
320130,579,0.01805211128060935,C,118,0.6026179052270614,C
206917,746,0.9833136187725927,A,31,0.9538129233754737,A
146996,688,0.3330430759623644,B,238,0.12468921500989583,B
260184,808,0.2578683550982849,A,162,0.12105138291488216,A
940698,943,0.4439006508870358,B,360,0.8421649040543956,B
261990,258,0.4790664342947948,D,728,0.04994166643314513,D
296639,613,0.41244195435951414,A,430,0.968169574150908,A
702040,877,0.7907217621843052,A,429,0.8162157401539853,A
155834,654,0.08038415241314556,D,23,0.4067060444076651,D
250252,484,0.5960764157858489,C,112,0.8827319118007252,C
863976,404,0.6805317560629873,B,328,0.20588865168053927,B
169891,470,0.6546746954197654,C,376,0.3497645714143064,C
474540,932,0.6221512541862403,B,541,0.1611022760173122,B
899377,126,0.6930918317871883,A,873,0.3140135676717871,A
345706,419,0.1118264338597953,D,810,0.8966878526311555,D
563226,161,0.6294461969829593,A,538,0.7590704759658994,A
253411,229,0.22333331270959544,A,48,0.5933209756626785,A
411299,407,0.15507223369212764,C,255,0.1576933272452007,C
922349,780,0.9737285359390214,B,915,0.7602488143072049,B
402842,475,0.3218410792688243,C,62,0.6912719471256218,C
63118,237,0.1012141398427372,C,881,0.47873719604077725,C
260230,914,0.16381658667065502,C,490,0.32682348267256156,C
670882,598,0.35324031560814106,D,250,0.010160640201797522,D
455230,920,0.32563698590710644,A,151,0.7235344991902889,A
980452,831,0.8490625679449995,C,580,0.05460768061101817,C
806279,664,0.12526343958585517,A,144,0.8972388560868554,A
653755,260,0.3720658666024441,D,139,0.7787851401775981,D
784267,335,0.8571814224310467,D,751,0.8637744371702591,D
709046,942,0.4172238000046422,D,568,0.939920473324091,D
997642,868,0.576617312068543,D,944,0.5736640886178906,D
575171,243,0.2421894542926143,D,967,0.06878432826020908,D
151731,430,0.8760891356427392,D,74,0.22282228570095308,D
864052,842,0.5095674807348162,C,195,0.8288135707929408,C
258652,356,0.7659134545201928,B,955,0.6707485075359172,B
626157,871,0.9967420357888108,C,34,0.8579752612759249,C
375542,786,0.543336231416688,D,317,0.45751929501261623,D
689011,847,0.19927583980372676,A,271,0.4065774694674631,A
195009,737,0.9360302217891863,A,476,0.26349596074464643,A
440375,890,0.5618419468078031,B,309,0.2078393238892584,B
784230,219,0.7046377319663922,A,158,0.22838089269817996,A
471404,218,0.8129513573217004,D,167,0.16198703508873824,D
37538,367,0.4404761413435151,A,459,0.7516064519939876,A
335423,174,0.5840917714891376,C,205,0.13347656667466423,C
946602,242,0.7001987992561423,C,638,0.7932078557742619,C
383907,187,0.5099638469746646,A,139,0.016241715360001074,A
599351,796,0.6305766227832554,C,22,0.21945958731523574,C
965365,211,0.04947745212651389,D,751,0.6922580087397674,D
802810,573,0.035966467897822096,C,448,0.8559027793025088,C
411815,103,0.03141514384621358,B,794,0.47838812030607836,B
586402,770,0.13983061910561545,B,920,0.7483927984287256,B
81565,632,0.8192215927113135,D,284,0.6417549429103367,D
5085,939,0.6400132062415501,D,57,0.07824190662475017,D
33303,389,0.46783510133187056,D,932,0.23083034705159156,D
739494,927,0.4553129739446906,C,240,0.029043385511523634,C
490196,797,0.03419272239132631,B,130,0.5401837624311827,B
541049,333,0.69099063217409,A,969,0.9722054511275509,A
849786,424,0.7630062940674346,A,465,0.7176993277895768,A
504078,222,0.38181823539874615,A,677,0.797068686279675,A
628234,231,0.08459123304072758,C,902,0.3732998822516924,C
272258,453,0.9552156393890806,A,637,0.7866597386628735,A
202317,601,0.09503305451042854,D,395,0.35976075857742695,D
234666,222,0.6322737958767912,A,807,0.6776382585552404,A
242145,528,0.5437363878635084,D,159,0.3166578978210479,D
227113,595,0.6930021796125884,C,821,0.9557854129741584,C
14733,744,0.6630999292815953,D,497,0.249103774333008,D
979142,743,0.8160405273680985,B,462,0.5734034237967504,B
49495,710,0.08055607066992343,A,813,0.18630686476625258,A
863364,995,0.048563133952947646,A,86,0.0859526766786457,A
99459,5,0.986333737740839,A,122,0.5309158523223519,A
258036,566,0.7567007045809809,D,883,0.8243791646117811,D
367562,845,0.2201187416560496,D,176,0.17550288991708285,D
603995,351,0.9286390667378943,A,167,0.021464015250776347,A
653342,994,0.3322152803755798,D,147,0.11298687290907261,D
634154,939,0.8751129644049402,B,385,0.6791272038258814,B
826478,402,0.2817826549086163,B,930,0.19529872939018833,B
50814,366,0.6638046626743799,A,999,0.28989678095599736,A
962388,239,0.4678074795529472,C,312,0.5022033515618579,C
931905,836,0.015199636767497915,D,277,0.46462493405349214,D
162091,158,0.5697603895895518,D,10,0.8601814014776872,D
11086,627,0.22637791455565337,B,626,0.7660887157541213,B
575473,279,0.4423613979401423,C,806,0.6818710002913702,C
285176,750,0.4585475602247895,B,274,0.18498652765416002,B
581612,966,0.3138551753032379,B,163,0.912048528780734,B
555166,232,0.09363545436099285,C,669,0.36888543943095664,C
836213,422,0.7809426074297625,C,73,0.3225803220574598,C
886465,871,0.792603411573059,B,43,0.15163476460734293,B
372288,353,0.7009978191857957,A,474,0.6683750653281922,A
304506,484,0.6148924787452817,B,661,0.4086055470433866,B
943734,814,0.632460497481849,C,441,0.376983211010678,C
826361,347,0.11833502486016034,B,209,0.7238513611776318,B
377574,177,0.41382192898378733,A,670,0.5383097735068434,A
5027,543,0.11512926732012851,C,44,0.2726113540969537,C
114255,398,0.7245728368767524,C,838,0.6423662087597546,C
574407,756,0.11900380485536954,A,870,0.15184000949830712,A
777994,693,0.4539470464740817,B,800,0.07626944312537598,B
945397,399,0.6959571456396738,B,106,0.763575915864476,B
767482,803,0.6431712482829683,D,543,0.3267166187028875,D
905902,967,0.2079229120196262,A,857,0.8368201678523371,A
925366,907,0.47806379575432156,D,43,0.7946124627312059,D
157422,562,0.08750283989690344,C,583,0.9280686490422198,C
486584,958,0.34786631499389054,A,76,0.19330793755517695,A
187232,298,0.35330352768330153,C,312,0.6901770089862037,C
232266,164,0.2848228822113381,C,291,0.16309515097539296,C
682323,630,0.3813543460295922,A,482,0.8627008543535868,A
229904,233,0.77230851826633,B,845,0.7603514075744991,B
258003,399,0.2528930067729662,C,224,0.8751833843588157,C
466013,428,0.687222492719016,A,755,0.6881888936841938,A
502716,279,0.45305535672553776,B,723,0.0021309484719332916,B
524696,732,0.967545992154594,D,356,0.9362461954110002,D
916377,798,0.8992096885438454,A,329,0.6318083036423716,A
500117,635,0.8526494141759139,D,276,0.2442717916242474,D
410079,662,0.7021210497994557,C,461,0.3981075773684819,C
264883,925,0.3990557667215441,D,878,0.2271384163000464,D
883189,325,0.9752328184383358,A,834,0.4836521849595683,A
847615,339,0.5296992186575723,A,407,0.4548757978137944,A
932815,951,0.18375606122038657,A,444,0.5521499760799318,A
327228,133,0.6319839135558417,D,0,0.9731474971352934,D
17095,513,0.5022404919047099,D,158,0.6638240106839052,D
827592,989,0.9949798383814287,B,205,0.9000689329624834,B
159249,551,0.16849512433887026,D,472,0.7371731221682326,D
627783,4,0.23460679239261095,B,666,0.04344875680276694,B
391513,293,0.9896081101254319,B,650,0.8988539571637837,B
627623,831,0.867227034100824,C,788,0.0750603573111438,C
454,480,0.9311374375696833,B,478,0.6066987994655569,B
170294,30,0.910305352987569,C,471,0.918220888846874,C
43670,920,0.27602377469664174,A,752,0.6755569354939185,A
452522,359,0.2757418532141048,C,626,0.8698776092670997,C
550876,661,0.9948434518955304,B,315,0.6167426594140365,B
83450,319,0.37366237058891394,A,616,0.27282871805997544,A
268046,504,0.2207275197050098,A,976,0.5090589388723764,A
63332,461,0.21590259235461406,D,420,0.46204333188035984,D
440542,267,0.9665991120750909,B,811,0.6049280104537702,B
883050,727,0.5581498105482952,B,334,0.9648525802113216,B
967387,100,0.9926071262338233,C,855,0.8876297472907988,C
666286,791,0.13209862505270853,B,167,0.3984715874458923,B
814845,436,0.4633999462183648,D,406,0.40021476365534947,D
60654,528,0.5933074830164201,A,14,0.14937732313166807,A
186509,896,0.3875369384208929,A,48,0.0006318704251502272,A
694697,847,0.6003106960160991,C,695,0.34491342097672706,C
155363,504,0.93868450577647,A,571,0.2610592377726295,A
859098,793,0.5394573564777547,C,115,0.6310233902195113,C
808061,237,0.5548217482440009,D,437,0.3723612344902425,D
345624,6,0.1530765615677676,A,615,0.5953060085933095,A
777783,574,0.599579584632679,A,402,0.4839479645658935,A
925795,50,0.11234518439445862,D,308,0.939998515238012,D
392079,916,0.8976264613126907,C,806,0.778118760332808,C
432972,958,0.20566423058215255,A,331,0.9101611922993733,A
654826,980,0.9693015402425178,A,322,0.9324388982763157,A
755287,600,0.010096818844737454,C,188,0.9389407102399199,C
708919,247,0.8176994552627929,D,127,0.6089884117835342,D
966388,21,0.6704043667060576,D,220,0.9318701374173333,D
725315,34,0.8740593344618869,D,98,0.8481031643158903,D
967503,776,0.8826858940076454,A,547,0.22522416943713885,A
424266,668,0.5341333023443972,A,500,0.8304366997021113,A
509716,989,0.6286334694477074,A,294,0.3330169374395471,A
139127,213,0.5521917624440831,C,104,0.1662241421752928,C
458120,798,0.73720047617996,B,674,0.1848348747678462,B
989227,489,0.7116880149416606,A,952,0.8689215560852696,A
168478,845,0.9676404163901422,B,697,0.8416981499364624,B
797761,331,0.5827371911440978,C,729,0.8592173405932472,C
729233,594,0.4151695800558406,A,415,0.11565615965052212,A
825459,941,0.41119592828425977,A,56,0.3359882452803622,A
395688,133,0.06969939041406215,C,541,0.8516794788593953,C
709729,874,0.3497467107046196,A,371,0.3085138246363873,A
274350,520,0.5692028070518766,B,264,0.44823685626766097,B
962341,649,0.8542822480346767,B,783,0.3661214831369264,B
237447,641,0.9338493133252987,C,365,0.7723772610809361,C
220119,164,0.6230173720441262,B,853,0.7894707161493931,B
639381,297,0.920980685660661,C,364,0.580580959471168,C
507255,893,0.03593180722942868,D,266,0.2893849599913163,D
370430,512,0.11691744456374098,B,542,0.21777323947314386,B
865616,529,0.8844167773911117,D,894,0.7875153054941272,D
635960,548,0.02494458742082084,B,525,0.4744342677744299,B
531780,385,0.7616509388978803,C,491,0.5433050578476327,C
752834,391,0.4873477473150134,B,9,0.2852410139680648,B
506749,678,0.10830566789423257,D,125,0.44517034062377736,D
919742,714,0.19466026085408472,C,752,0.4791908148131748,C
932633,510,0.37313868062378197,C,214,0.8136326327625943,C
807100,934,0.572377418348451,B,601,0.6046012161343676,B
248936,668,0.1931022022172988,D,624,0.5875419346624282,D
264755,694,0.5564622462843796,A,49,0.532265980508755,A
273388,184,0.33323093638883194,D,97,0.7042717418445973,D
874305,325,0.6622075599258641,D,666,0.29480904631214166,D
996023,807,0.2862119059617536,B,146,0.07145710618128909,B
112411,566,0.5938671744858922,D,306,0.5288162793252461,D
467783,926,0.422363905076085,B,654,0.608435890878021,B
292058,605,0.6764486500915556,B,473,0.01438870971076378,B
864417,376,0.30856133568717026,C,808,0.2658758818716185,C
811672,28,0.931876057191276,D,435,0.49633974403552283,D
104143,687,0.8365039957451127,C,535,0.9949138342679933,C
565914,115,0.1888764213644345,D,455,0.46801032555917044,D
597511,386,0.23559850847402075,D,379,0.3156228970572871,D
645757,722,0.333853152611171,A,643,0.8290589128210615,A
757166,61,0.2772667775156791,A,764,0.7444132053966661,A
31536,905,0.8539934456506957,C,589,0.24113111784506436,C
564443,683,0.3006983263459547,C,249,0.7235069455697529,C
214302,121,0.6735280067341751,D,587,0.05907080836657019,D
859928,856,0.14278477078467777,A,900,0.13562900796038546,A
198768,505,0.08603520368280682,B,731,0.4610385388626461,B
70805,622,0.8245164452733303,D,927,0.34325102666516727,D
373781,131,0.5340759197104167,A,388,0.7575259983692838,A
186357,573,0.9880798360315737,C,936,0.4398707976852796,C
708089,703,0.7525751188512031,A,706,0.34867895774287727,A
136723,616,0.6770825565235347,B,361,0.24199449120818928,B
154142,357,0.547793475002417,D,375,0.6328691166313467,D
46729,990,0.7061091029962313,D,598,0.48734341240003565,D
68475,150,0.42855488355214777,C,365,0.3467173560697876,C
399650,119,0.6452573222187045,C,103,0.37983085431290653,C
314973,716,0.33372003421219687,D,402,0.956518796673735,D
315748,741,0.9919003847097402,C,467,0.0281730357949459,C
72106,204,0.3864131172942574,C,557,0.5945013420419708,C
97708,535,0.9873905458489591,D,302,0.1770891735050083,D
683221,879,0.6797152422745025,D,386,0.807237932494934,D
337950,799,0.7009178872000961,B,836,0.7047953805547778,B
46962,570,0.5523361900736693,B,35,0.8933013461891047,B
51165,360,0.9175494566846841,A,998,0.3733049777398598,A
55423,714,0.8749854274459639,C,38,0.18890937916397166,C
180542,340,0.9467137289853008,D,8,0.26405876236192816,D
922960,949,0.10363783927253256,D,432,0.13432090680023223,D
142280,511,0.3255195789805325,D,876,0.7069118636632672,D
614563,638,0.7273053947913358,D,464,0.26588205164869116,D
520671,412,0.01493037673719344,B,21,0.6418034953462721,B
10959,148,0.38544419159508947,B,775,0.383747457259474,B
803391,716,0.4644112997781845,C,604,0.5038767960668108,C
74209,814,0.42540856901552115,D,561,0.46989327999344066,D
681684,405,0.2964204789806809,A,849,0.25106889079729533,A
658667,495,0.13690154748372996,D,734,0.008428742029092051,D
911874,964,0.28940768501841174,C,637,0.9131443136387846,C
833494,943,0.7393281442125479,A,524,0.8259046572217016,A
508669,330,0.7772194810896219,A,190,0.5449511045792422,A
66699,768,0.2421785052137958,D,357,0.2645073740744911,D
682984,76,0.730255521118754,B,993,0.03951922747365899,B
199886,785,0.003500059147508172,B,670,0.8473823977290517,B
111718,994,0.8234861597867102,A,915,0.08499251761446225,A
893496,632,0.29488028262778954,C,741,0.65237286207154,C
84364,475,0.47172096147257814,C,7,0.26853094814689393,C
237207,387,0.8051172918000231,D,20,0.05659710397777029,D
885526,922,0.7535692757654378,A,578,0.21509147554308938,A
861957,74,0.857468069592887,C,860,0.5508383038881909,C
340208,314,0.9625146141674384,C,60,0.6213841548764794,C
591925,456,0.8097860023671181,B,768,0.27704784679402505,B
204596,243,0.4258420469579327,D,601,0.7301897833897076,D
584053,346,0.12990410931235663,A,507,0.8419819049428947,A
233535,555,0.5997737670680953,B,189,0.2896126062720178,B
676169,245,0.47642483841674543,D,110,0.533569401714483,D
927767,744,0.8888193052553911,A,51,0.4748911411464155,A
223650,7,0.29961132168880134,A,559,0.39935629404076045,A
571520,316,0.916697319472894,B,32,0.5945568184198525,B
442839,400,0.8426250968078676,D,400,0.893262511511055,D
874078,203,0.19508674024993988,B,419,0.9584361802317303,B
210939,422,0.5949071560435157,A,139,0.3335383531102162,A
198240,24,0.8407147062208769,B,630,0.4614791280737164,B
71817,993,0.22756605172905608,B,770,0.7786923500493711,B
944928,712,0.5307502614960267,C,209,0.5405358658209214,C
447214,111,0.8994974239999382,A,670,0.3898475579590668,A
539505,49,0.2674624523668674,A,190,0.11995029468053364,A
30879,604,0.1211619701529435,A,507,0.11095934040456579,A
99756,248,0.8311994390538142,B,560,0.8077430799067765,B
660577,983,0.12566211481082212,B,485,0.8342345878950407,B
374910,323,0.4178298482266183,B,416,0.05379357921518668,B
798468,763,0.6195934379098779,D,844,0.2255828884212394,D
633984,53,0.7566560881956985,D,188,0.3605459119694284,D
367944,927,0.15600108103316845,D,663,0.397311411912715,D
703068,287,0.9602112761002664,C,350,0.1810837180515663,C
982175,772,0.28701474579636777,C,384,0.617024071683019,C
227376,726,0.026739404689895996,B,690,0.18263155535359865,B
741596,845,0.44997743146230584,A,945,0.13054998569432463,A
515172,17,0.01786309495502658,C,667,0.4656186893781862,C
982441,503,0.9167238920891924,B,391,0.037055381621519,B
89399,997,0.023926879808288448,C,108,0.5749724631563934,C
925910,560,0.7962336205667754,B,327,0.9550826246301892,B
165326,305,0.09982659171287356,C,824,0.4298670481182083,C
321796,48,0.5313944607132076,D,219,0.4636089681041924,D
161976,590,0.43550665955693846,D,929,0.009671617300807567,D
292811,524,0.7644737563337171,A,523,0.7492014335894679,A
699064,302,0.4253791417091043,C,447,0.30077553572961757,C
993266,207,0.6789621495503023,A,413,0.5712806041313487,A
173561,631,0.4365973727196497,D,804,0.326035357860084,D
323895,558,0.00114615422498765,A,285,0.5403324385659062,A
455747,8,0.7400998561117585,C,151,0.7144158993339759,C
24078,772,0.12877386731047813,B,172,0.065918065591686,B
757902,949,0.08049049683407627,D,204,0.7434803152594924,D
729368,85,0.31025229736593485,C,899,0.20813732416452835,C
157727,75,0.9382374942866052,D,2,0.0609595032082586,D
56746,857,0.6926997801859408,A,561,0.5189971504874777,A
418511,63,0.6468810266733375,C,812,0.29169080960584226,C
215152,872,0.1722491117820074,B,258,0.11911095236386193,B
193287,654,0.3406428309680305,A,23,0.5796450596671177,A
261152,412,0.7001169785571766,C,393,0.5677174087834996,C
595241,198,0.7368286496715508,D,701,0.4944721177335196,D
250797,890,0.7900552862239302,D,554,0.7951567078609411,D
86176,188,0.7582365758125589,D,41,0.05066219734443467,D
575278,865,0.8161811497715252,B,740,0.8350326437079796,B
745810,91,0.39450580111439215,A,951,0.0961212927355719,A
410865,376,0.5818978423190269,D,325,0.09246691809708474,D
134961,536,0.9114968889343756,A,996,0.018171110668126933,A
190800,423,0.9539164232141917,D,371,0.20345328989581712,D
804063,106,0.9572555806739546,A,284,0.4128729433649466,A
155586,130,0.006043271927129168,B,457,0.32165164034859695,B
73325,572,0.8026195920886696,A,733,0.05366851460554101,A
249165,383,0.18043635749876796,B,563,0.1379481797441583,B
674490,819,0.13685105810712073,A,152,0.9609724126062014,A
952612,742,0.8010488344266952,C,34,0.5308784495789604,C
418861,758,0.4386717377466609,C,808,0.912742706824176,C
192726,84,0.01991916589977094,D,973,0.9305521191825656,D
450564,493,0.5314329947115362,B,8,0.2946592426835739,B
633737,356,0.6712113583733117,B,634,0.09470124537118041,B
17546,646,0.45811310728574095,A,562,0.11619536345167925,A
29660,888,0.620830513761905,C,643,0.1766893922262026,C
206147,133,0.8779566059288352,D,62,0.46464826614867927,D
707326,644,0.5510912266473426,C,224,0.055381396893428025,C
536598,544,0.06326589544127548,B,55,0.08525304591496896,B
440876,224,0.32605342102654733,A,30,0.08973107280884884,A
462242,436,0.10431557445332462,D,359,0.08957129810075048,D
635231,441,0.15434511772205706,A,670,0.9044494276083406,A
141850,410,0.893703057883723,C,978,0.8148967308692922,C
402457,265,0.29674897111987264,A,872,0.6340130887914133,A
447200,814,0.8800109685728625,C,109,0.6220392293342395,C
174356,655,0.6733558283380495,B,7,0.3659509457589729,B
82866,323,0.6805770288323244,C,358,0.5583342683397421,C
930872,635,0.2581650010055009,C,502,0.9991731152671002,C
525293,954,0.8852053935601942,D,767,0.6793889412747144,D
472322,439,0.19902561507426153,A,521,0.3919846180625558,A
324689,82,0.9131694252190355,D,282,0.9835650777562588,D
152593,632,0.04837523355126028,D,37,0.4127809477967561,D
804554,611,0.4503458047463358,C,825,0.5102598913260404,C
503275,689,0.7437541523550253,A,128,0.23529348010724038,A
164754,560,0.8768040662997971,A,314,0.053647572601128735,A
302800,855,0.7215288373151361,C,344,0.7906299057394133,C
684089,133,0.861170331534216,D,686,0.7102574528191917,D
489697,524,0.22586713684547643,D,559,0.5504312372230578,D
942016,549,0.7033062645450617,C,355,0.8467422433073787,C
905183,297,0.06755082271402713,B,44,0.18174483694961685,B
919511,831,0.28971447668303263,C,834,0.8781626550187912,C
936344,830,0.7279192827614827,A,672,0.7497518753928385,A
330849,342,0.8894029696715084,A,821,0.7262073769158729,A
776009,787,0.2792871967840217,C,883,0.029307597268103502,C
460354,691,0.36366530117163975,A,843,0.9459680858233381,A
695307,982,0.05839406122715718,A,102,0.7135299722103833,A
394014,745,0.932383864324639,C,207,0.16315566049875296,C
783864,47,0.5450076761351442,A,91,0.8075877299608475,A
327673,50,0.037164783386874456,A,960,0.01320633448553532,A
626888,997,0.17818501332743752,D,246,0.10693782381871675,D
728995,681,0.08378656267481666,A,643,0.12048032937229658,A
99436,509,0.6784170293893533,A,981,0.4375495116466739,A
470640,905,0.9156517291052378,B,345,0.5301091385308538,B
671709,801,0.9929181569782983,C,968,0.4155017666949601,C
619433,434,0.10631667121888344,A,565,0.6902594157456287,A
875639,170,0.7574098070325699,C,797,0.6155694609134021,C
151082,707,0.7652407335917637,D,132,0.8937572777480081,D
499779,855,0.81363375216936,D,548,0.19796548400196923,D
504681,12,0.1956702447597568,A,41,0.44740869759251667,A
685624,125,0.535992876222923,B,817,0.28679597040288063,B
992827,91,0.16097446817122252,A,689,0.7227948212349268,A
500826,903,0.37715234998982816,C,897,0.39526136937743994,C
33672,767,0.7341968372949359,B,166,0.9702778743523397,B
748531,714,0.8918167823216083,A,400,0.5850801917765396,A
746831,431,0.7582438513259829,B,329,0.05491871189922004,B
301784,776,0.4515315920961104,D,858,0.4065722889799559,D
746358,543,0.7185822670894487,A,397,0.072699628803222,A
89300,141,0.9471883453308579,B,222,0.19762494686230025,B
149374,587,0.9415989360993995,C,963,0.9549911678833524,C
97820,512,0.1109941759381361,C,719,0.7480576015624265,C
226900,276,0.006639548271929474,A,634,0.5381935899384508,A
469585,167,0.2592057044905377,B,591,0.13695354974685903,B
899444,808,0.4753474936009273,B,24,0.010218898217586925,B
358052,208,0.24870902199190859,C,756,0.4250863835266755,C
522326,58,0.4974897189220311,B,833,0.015470276150053808,B
389949,3,0.11713039433147643,A,47,0.14736010209421813,A
884216,30,0.9729235010895697,B,386,0.4762711727596458,B
501745,152,0.40007898736255343,C,317,0.5499506152474524,C
47602,256,0.42803233311644695,C,3,0.3258516342720089,C
706237,816,0.15696451340681328,B,901,0.7610540559600091,B
369100,807,0.6037757019551672,B,502,0.5055643455703771,B
956008,705,0.3581987325929099,C,565,0.33696003497355886,C
212734,568,0.8637896102491991,B,559,0.770428412231505,B
506898,135,0.5992772993054859,B,137,0.23421021992173285,B
656350,545,0.6526510031810016,D,385,0.8540819282746931,D
691251,222,0.6078825994857338,A,232,0.7343519954633145,A
5277,32,0.6732212339287247,D,157,0.2956358029452554,D
211714,677,0.0995520649660927,B,37,0.3581030448128123,B
90412,587,0.1003603202253851,A,27,0.4606925636796221,A
43886,232,0.45693516723302463,C,846,0.5000402514923011,C
355474,523,0.32159513177513466,A,370,0.38427407894662735,A
886547,821,0.32610380891257085,D,542,0.015945745828127023,D
155185,551,0.7646125419700935,D,909,0.4423004932441327,D
274947,446,0.07363119775455884,A,860,0.30171411114375934,A
860367,19,0.7370187849779335,A,165,0.5626224888321631,A
926337,700,0.6593269373345396,C,568,0.5161944168351998,C
810261,794,0.876182333696382,C,459,0.4166194604978768,C
213561,414,0.3344033307086799,C,10,0.44531955311225835,C
173379,729,0.5835450366879394,D,914,0.529013823205511,D
771747,194,0.8051907594477759,B,355,0.7882067712053608,B
969982,857,0.13040086961306652,A,591,0.4181200470194496,A
99802,365,0.302678476289838,B,979,0.904805483872979,B
536603,701,0.5686483061207491,A,321,0.19185205311932751,A
92052,694,0.6893978128636473,C,754,0.47368997708105753,C
331311,265,0.45034888281374397,B,446,0.8505383735669735,B
165657,536,0.07291474726589842,D,880,0.4024412017284271,D
980182,952,0.4144535762725716,B,466,0.7286427185404453,B
920029,685,0.38174400299286515,B,61,0.7061665592794397,B
142808,540,0.7761974905805825,A,966,0.6434649389030415,A
79160,21,0.5675319604769725,B,108,0.7615767275915388,B
196638,758,0.1085370707683806,A,433,0.16438167584841068,A
200931,93,0.8756001380895426,C,631,0.8830408792435774,C
103116,899,0.9706986254434995,D,295,0.268204866626484,D
51979,549,0.0724947421056027,C,383,0.1757214213907492,C
90875,746,0.9648780644039556,D,855,0.4248312335860275,D
199091,642,0.898022175592101,D,30,0.8984887687875541,D
484920,339,0.9305956789607422,C,911,0.26614107328939973,C
755760,888,0.21490256886035286,A,432,0.5463671835159755,A
478038,683,0.766072751386005,A,461,0.4645531168843662,A
801572,803,0.8162981849693268,B,943,0.21603763704168366,B
308300,379,0.8572680459217469,A,409,0.9238509028704326,A
591193,356,0.8694165015792983,B,909,0.3424333608541703,B
172779,865,0.4208864449813944,D,963,0.03289813020233279,D
681215,682,0.7124492130018067,A,259,0.9168203419421834,A
571420,760,0.6396874197151572,D,576,0.27863705741256284,D
171876,717,0.3799562653069546,A,937,0.5552070215741498,A
725434,241,0.14753821979998583,D,160,0.8809764038756046,D
467357,332,0.9912843637413782,D,715,0.6036231459601508,D
10384,982,0.1794592646369796,A,553,0.8611789873764413,A
720137,322,0.7397199107132624,C,916,0.5725919240554641,C
898187,787,0.9576144879284488,C,356,0.6522174034100622,C
844315,350,0.08914492212361114,C,464,0.8630126354560587,C
209590,571,0.4090510743969549,D,463,0.7227859571618627,D
111944,593,0.9211039983914128,D,428,0.7481836862501628,D
520274,280,0.424082736355022,C,173,0.04459485073119618,C
110834,242,0.2783356653822263,A,681,0.7148684108433578,A
815010,786,0.21602746076102886,C,578,0.9598305288136352,C
